raw_text_examples,normalized_suggestion,occurrences,example_recipe_ids,notes
"نمک – به میزان لازم | نمک; به میزان لازم | نمک","نمک","827","1023;307;181",""
"فلفل سیاه – به میزان لازم | فلفل سیاه به مقدار لازم | فلفل سیاه به میزان لازم","فلفل سیاه","516","1023;958;1035",""
"۱ قاشق غذاخوری روغن زیتون | ۲ قاشق غذاخوری روغن زیتون | 2 قاشق غذاخوری روغن زیتون","روغن زیتون","317","962;42;776",""
"۲۵ گرم کره | ۲ قاشق غذاخوری کره | ۱ قاشق غذاخوری کره","کره","268","574;1462;788",""
"۲ قاشق غذاخوری رب گوجه‌فرنگی | ۱ قاشق غذاخوری رب گوجه‌فرنگی | رب گوجه‌فرنگی ۲ قاشق غذاخوری","رب گوجه‌فرنگی","184","958;784;1037",""
"۱ حبه سیر، ریز خردشده | ۲ حبه سیر، ریز خردشده | ۴ حبه سیر، ریز خردشده","سیر ریز خردشده","180","1462;1478;790",""
"تخم‌مرغ – ۳ عدد | ۱ عدد تخم‌مرغ | ۲ عدد تخم‌مرغ","تخم‌مرغ","166","1023;1024;1035",""
"نمک و فلفل سیاه به میزان لازم | نمک و فلفل سیاه به مقدار لازم | نمک و فلفل سیاه، به میزان لازم","نمک و فلفل سیاه","166","963;1024;1484",""
"زردچوبه – به میزان لازم | زردچوبه; به میزان لازم | زردچوبه","زردچوبه","143","1023;307;181",""
"آب; 2.5 پیمانه | آب به مقدار لازم | ۱ پیمانه آب","آب","141","307;1479;1045",""
"روغن; به میزان لازم | روغن | 2 قاشق غذاخوری روغن","روغن","132","307;181;1032",""
"پیاز; 1 عدد | پیاز | ۲ عدد پیاز","پیاز","131","307;181;574",""
"۱ قاشق غذاخوری روغن مایع | ۲ قاشق غذاخوری روغن مایع | روغن مایع","روغن مایع","131","1040;791;328",""
"نمک و فلفل به مقدار لازم | نمک و فلفل به میزان لازم | نمک و فلفل - به میزان لازم","نمک و فلفل","109","574;1492;315",""
"پیاز ریز خردشده | ۱۵۰ گرم پیاز، ریز خردشده | ۱ عدد پیاز، ریز خردشده","پیاز ریز خردشده","109","802;1092;817",""
"4.5 پیمانه گوشت چرخ‌کرده | ۳۵۰ گرم گوشت چرخ‌کرده | ۱۰۰ گرم گوشت چرخ‌کرده","گوشت چرخ‌کرده","97","1032;958;1037",""
"فلفل | فلفل به میزان لازم | فلفل به مقدار لازم","فلفل","94","181;323;328",""
"برنج | ۱ پیمانه برنج | ۲ پیمانه برنج","برنج","91","181;314;1479",""
"۲ قاشق غذاخوری آرد سفید | ۱ پیمانه آرد سفید | ۲ پیمانه آرد سفید","آرد سفید","84","1024;1462;1037",""
"سیر | ۲ حبه سیر | حبه سیر","سیر","80","806;344;352",""
"۱ پیمانه شیر | شیر | ۱ قاشق غذاخوری شیر","شیر","70","1462;798;799",""
"۱ قاشق چای‌خوری زردچوبه | 1 قاشق چای‌خوری زردچوبه | ۲ قاشق چای‌خوری زردچوبه","قاشق چای‌خوری زردچوبه","69","1024;776;815",""
"۱۰۰ گرم خامه | خامه – ۱ پیمانه | خامه","خامه","69","574;649;820",""
"۱ قاشق چای‌خوری نمک | 1 قاشق چای‌خوری نمک | ۲ قاشق چای‌خوری نمک","قاشق چای‌خوری نمک","69","784;791;1051",""
"۲ قاشق غذاخوری شکر | شکر | ۲۰۰ گرم شکر","شکر","67","1361;328;805",""
"۱ عدد پیاز متوسط، ریز خردشده | ۲ عدد پیاز متوسط، ریز خردشده | پیاز متوسط، ریز خردشده – ۱ عدد","پیاز متوسط ریز خردشده","64","1462;1035;789",""
"۲ قاشق غذاخوری جعفری تازه خردشده | جعفری تازه خردشده | ۱۲ قاشق غذاخوری جعفری تازه خردشده","جعفری تازه خردشده","55","797;802;810",""
"آب‌لیمو، به میزان لازم | آب‌لیمو به مقدار لازم | ۲ قاشق غذاخوری آب‌لیمو","آب‌لیمو","48","1361;1360;1092",""
"۳ قاشق غذاخوری آب‌لیمو تازه | آب‌لیمو تازه، ۱ لیوان | ۲ قاشق غذاخوری آب‌لیمو تازه","آب‌لیمو تازه","47","962;1055;1056",""
"۵۰۰ گرم قارچ | قارچ، ۲۵۰ گرم | ۳۰۰ گرم قارچ","قارچ","47","574;80;1225",""
"۱ قاشق غذاخوری جعفری خردشده | ۲ قاشق غذاخوری جعفری خردشده | ۴۰ گرم جعفری خردشده","جعفری خردشده","46","574;790;1147",""
"۱ قاشق غذاخوری سس سویا | ۲ قاشق غذاخوری سس سویا | ۳ قاشق غذاخوری سس سویا","سس سویا","45","1478;1484;1492",""
"برنج باسماتی | ۲ پیمانه برنج باسماتی | ۱ پیمانه برنج باسماتی","برنج باسماتی","45","328;352;356",""
"زعفران | کمی زعفران | زعفران به میزان لازم","زعفران","45","328;344;370",""
"۳ قاشق غذاخوری آرد | ۲ قاشق غذاخوری آرد | ۱ قاشق غذاخوری آرد","آرد","42","962;791;1360",""
"۱ بسته ماکارونی | ماکارونی به مقدار لازم | 500 گرم ماکارونی","ماکارونی","42","1015;62;94",""
"پنیر موزارلا رنده‌شده ۱۲۰ گرم | ۱ پیمانه پنیر موزارلا رنده‌شده | ۱۵۰ گرم پنیر موزارلا رنده‌شده","پنیر موزارلا رنده‌شده","41","932;838;1225",""
"پودر سوخاری، به مقدار لازم | ۵۰ گرم پودر سوخاری | ۱ پیمانه پودر سوخاری","پودر سوخاری","39","1046;741;817",""
"زرده تخم‌مرغ – ۱ عدد | 5 زرده تخم‌مرغ | زرده تخم‌مرغ – ۲ عدد","زرده تخم‌مرغ","39","649;361;1230",""
"۲ قاشق غذاخوری پیاز داغ | ۶ قاشق غذاخوری پیاز داغ | ۱ قاشق غذاخوری پیاز داغ","پیاز داغ","38","1361;1041;790",""
"پیاز - 2 عدد متوسط | 1 عدد پیاز متوسط | پیاز متوسط","پیاز متوسط","38","333;62;418",""
"گوشت چرخ کرده; 100 گرم | گوشت چرخ کرده | گوشت چرخ کرده ۳۰۰ گرم","گوشت چرخ کرده","37","307;181;323",""
"۱ قاشق غذاخوری سس گوجه‌فرنگی | ۲ قاشق غذاخوری سس گوجه‌فرنگی | سس گوجه‌فرنگی","سس گوجه‌فرنگی","36","1108;1129;901",""
"آب مرغ | ۱ پیمانه آب مرغ | ۲ پیمانه آب مرغ","آب مرغ","33","873;1534;694",""
"۱ قاشق غذاخوری زعفران دم‌کرده | ۲ قاشق غذاخوری زعفران دم‌کرده | زعفران دم‌کرده به مقدار لازم","زعفران دم‌کرده","32","958;1041;1061",""
"۱ عدد گوجه‌فرنگی | گوجه‌فرنگی | ۳ عدد گوجه‌فرنگی","گوجه‌فرنگی","32","325;806;1359",""
"دارچین | دارچین، به میزان لازم | دارچین به مقدار لازم","دارچین","31","323;1045;369",""
"گوجه‌فرنگی خردشده ۱ پیمانه | ۴۰۰ گرم گوجه‌فرنگی خردشده | ۱ عدد گوجه‌فرنگی، خردشده","گوجه‌فرنگی خردشده","31","932;694;868",""
"۱ عدد پیاز بزرگ، ریز خردشده | 2 عدد پیاز بزرگ، ریز خردشده | پیاز – ۲ عدد بزرگ، ریز خردشده","پیاز بزرگ ریز خردشده","30","1024;1032;1056",""
"۳ حبه سیر، له‌شده | ۱ حبه سیر، له‌شده | ۲ حبه سیر، له‌شده","سیر له‌شده","30","962;791;928",""
"۴ عدد تخم‌مرغ درشت | ۶ عدد تخم‌مرغ درشت | ۲ عدد تخم‌مرغ درشت","تخم‌مرغ درشت","30","783;784;788",""
"برگ بو - 1 عدد | برگ بو | ۲ عدد برگ بو","برگ بو","29","333;1110;1491",""
"هویج | 2 هویج | ۲ عدد هویج","هویج","27","819;539;390",""
"فلفل سیاه تازه آسیاب‌شده به مقدار لازم | فلفل سیاه تازه آسیاب‌شده، به مقدار لازم | فلفل سیاه تازه آسیاب‌شده، به میزان لازم","فلفل سیاه تازه آسیاب‌شده","26","783;1460;788",""
"تخم مرغ | 2 تخم مرغ | 5 تخم مرغ","تخم مرغ","26","443;465;468",""
"۱ حبه سیر، خرد شده | ۳ حبه سیر، خرد شده | سیر، خرد شده","سیر خرد شده","24","314;332;348",""
"۴ عدد تخم‌مرغ بزرگ | ۱۲ عدد تخم‌مرغ بزرگ | ۳ عدد تخم‌مرغ بزرگ","تخم‌مرغ بزرگ","24","797;810;450",""
"آب لیموی تازه | آب لیموی تازه – ۴ قاشق غذاخوری | آب لیموی تازه، به میزان لازم","آب لیموی تازه","24","819;729;723",""
"خمیر پیتزا | ۱ بسته خمیر پیتزا | ۲۰۰ گرم خمیر پیتزا","خمیر پیتزا","24","911;899;903",""
"۲ قاشق غذاخوری سرکه | سرکه | سرکه به میزان لازم","سرکه","23","1037;724;669",""
"۲۵۰ گرم سینه مرغ | ۲ عدد سینه مرغ | سینه مرغ","سینه مرغ","23","325;851;430",""
"1 پیاز، خرد شده | پیاز خرد شده - ۱ عدد | ۱ پیاز، خرد شده","پیاز خرد شده","23","191;339;337",""
"ماست | ماست - ۳۵۰ گرم | ۱ پیمانه ماست","ماست","23","288;157;984",""
"۲۰۰ گرم سیب‌زمینی | سیب‌زمینی | ۵۰۰ گرم سیب‌زمینی","سیب‌زمینی","22","574;1359;901",""
"۵۰۰ گرم روغن برای سرخ کردن | روغن، برای سرخ کردن | ۱۰۰ گرم روغن برای سرخ کردن","روغن برای سرخ کردن","22","1043;1046;741",""
"۱ قاشق غذاخوری زرشک | زرشک | ۱ پیمانه زرشک","زرشک","22","1046;328;330",""
"پیاز خردشده | ۱ عدد پیاز، خردشده | پیاز – ۱ عدد، خردشده","پیاز خردشده","22","1087;861;872",""
"جعفری | جعفری، به مقدار لازم | جعفری برای تزیین","جعفری","22","443;468;430",""
"۲ قاشق غذاخوری پنیر پارمزان رنده‌شده | پنیر پارمزان رنده‌شده | ۱ پیمانه پنیر پارمزان رنده‌شده","پنیر پارمزان رنده‌شده","21","784;901;1469",""
"۵ عدد قارچ، ورقه‌ای خردشده | ۵۰ گرم قارچ، ورقه‌ای خردشده | ۳۰۰ گرم قارچ، ورقه‌ای خردشده","قارچ ورقه‌ای خردشده","21","790;867;881",""
"۱ قاشق غذاخوری روغن نباتی | ۲ قاشق غذاخوری روغن نباتی | 4 قاشق غذاخوری روغن نباتی","روغن نباتی","21","315;330;369",""
"۱/۲ قاشق چای‌خوری نمک | ۱/۴ قاشق چای‌خوری نمک | ۳/۴ قاشق چای‌خوری نمک","/ قاشق چای‌خوری نمک","21","928;1494;947",""
"جعفری تازه | جعفری تازه برای تزیین | جعفری تازه، برای تزیین","جعفری تازه","21","344;724;380",""
"۲ قاشق غذاخوری سس مایونز | ۴۰ گرم سس مایونز | ۱ پیمانه سس مایونز","سس مایونز","21","755;741;711",""
"۱ پیمانه گشنیز تازه خردشده | گشنیز تازه خردشده برای تزیین | گشنیز تازه، خردشده","گشنیز تازه خردشده","21","1534;1540;868",""
"۱ قاشق چای‌خوری زیره آسیاب‌شده","قاشق چای‌خوری زیره آسیاب‌شده","20","784;1520;870",""
"۲ قاشق غذاخوری رب گوجه فرنگی | رب گوجه فرنگی | رب گوجه فرنگی - ۲ قاشق غذاخوری","رب گوجه فرنگی","20","42;430;438",""
"فلفل قرمز، به مقدار لازم | فلفل قرمز | فلفل قرمز، به میزان لازم","فلفل قرمز","20","791;1087;1108",""
"روغن به مقدار لازم برای سرخ کردن | روغن به مقدار لازم، برای سرخ کردن | روغن، به مقدار لازم برای سرخ کردن","روغن  برای سرخ کردن","20","342;1523;855",""
"1 پیمانه جعفری تازه، ریز خردشده | ۱ قاشق غذاخوری جعفری تازه، ریز خردشده | ۲۵۰ گرم جعفری تازه، ریز خردشده","جعفری تازه ریز خردشده","19","1032;801;1078",""
"۱ قاشق چای‌خوری شکر | ۲ قاشق چای‌خوری شکر | 1 قاشق چای‌خوری شکر","قاشق چای‌خوری شکر","19","1460;1037;1174",""
"۱ حبه سیر، رنده‌شده | سیر رنده‌شده | سیر رنده‌شده – 3 حبه","سیر رنده‌شده","19","784;819;878",""
"۴۰۰ گرم اسپاگتی | 500 گرم اسپاگتی | 700 گرم اسپاگتی","اسپاگتی","19","87;189;78",""
"2 قاشق چای‌خوری فلفل سیاه | ۱ قاشق چای‌خوری فلفل سیاه | ۲ قاشق چای‌خوری فلفل سیاه","قاشق چای‌خوری فلفل سیاه","18","1032;1040;1491",""
"فلفل دلمه‌ای | ۱ عدد فلفل دلمه‌ای | ۲ عدد فلفل دلمه‌ای","فلفل دلمه‌ای","18","787;325;354",""
"۱ عدد فلفل دلمه‌ای، خردشده | ۱ پیمانه فلفل دلمه‌ای، خردشده | ۲ عدد فلفل دلمه‌ای، خردشده","فلفل دلمه‌ای خردشده","18","789;1059;879",""
"۱/۲ قاشق چای‌خوری فلفل سیاه | ۱/۴ قاشق چای‌خوری فلفل سیاه | ۳/۴ قاشق چای‌خوری فلفل سیاه","/ قاشق چای‌خوری فلفل سیاه","18","1113;876;1159",""
"۴ عدد فیله مرغ | ۵۰۰ گرم فیله مرغ | ۳ عدد فیله مرغ","فیله مرغ","17","962;831;838",""
"۱ عدد پیاز رنده‌شده | ۲ قاشق غذاخوری پیاز رنده‌شده | ۲ عدد پیاز، رنده‌شده","پیاز رنده‌شده","17","1037;758;1152",""
"۲ قاشق چای‌خوری آویشن خشک | 1 قاشق چای‌خوری آویشن خشک | ۱ قاشق چای‌خوری آویشن خشک","قاشق چای‌خوری آویشن خشک","17","796;191;87",""
"ماست ساده | ۲ قاشق غذاخوری ماست ساده | ۱ پیمانه ماست ساده","ماست ساده","17","820;829;1191",""
"جعفری خرد شده | 1 قاشق غذاخوری جعفری خرد شده | 1 قاشق غذاخوری جعفری، خرد شده","جعفری خرد شده","17","418;417;421",""
"۵۰۰ گرم پاستا | ۲۵۰ گرم پاستا | پاستا - 400 گرم","پاستا","17","228;1289;193",""
"پودر سیر به مقدار لازم | ۱۰ گرم پودر سیر | پودر سیر – ۴ قاشق غذاخوری","پودر سیر","16","958;741;1120",""
"۱ پیمانه آبِ مرغ | ۶ پیمانه آبِ مرغ | آبِ مرغ","آبِ مرغ","16","1478;1463;863",""
"۲ عدد پیازچه، خردشده | ۱ پیمانه پیازچه خردشده | پیازچه خردشده برای تزیین","پیازچه خردشده","16","1484;1492;1514",""
"۱/۳ پیمانه شیر | ۱/۲ پیمانه شیر | ۳/۴ پیمانه شیر","/ شیر","16","928;1147;1186",""
"گشنیز تازه | گشنیز تازه، برای تزیین | گشنیز تازه برای تزیین","گشنیز تازه","16","380;468;879",""
"پنیر موزارلا | ۲ پیمانه پنیر موزارلا | پنیر موزارلا، به میزان لازم","پنیر موزارلا","16","903;428;1222",""
"۲ قاشق غذاخوری روغن گیاهی | روغن گیاهی | روغن گیاهی به مقدار لازم","روغن گیاهی","15","1478;332;421",""
"۱ قاشق چای‌خوری بیکینگ‌پودر | ۲ قاشق چای‌خوری بیکینگ‌پودر","قاشق چای‌خوری بیکینگ‌پودر","15","791;928;814",""
"۱ پیمانه پنیر پیتزا | ۱۵۰ گرم پنیر پیتزا | 300 گرم پنیر پیتزا","پنیر پیتزا","15","796;928;94",""
"۱ پیمانه نخودفرنگی | ۱۰۰ گرم نخودفرنگی | نخودفرنگی – ۱۵۰ گرم","نخودفرنگی","15","335;635;1287",""
"۱ پیمانه قارچ خردشده | قارچ خردشده – ۱ پیمانه | ۱ پیمانه قارچ، خردشده","قارچ خردشده","15","797;916;1183",""
"۱ حبه سیر، خردشده | سیر خردشده | ۲ حبه سیر، خردشده","سیر خردشده","15","315;1087;911",""
"۱۵۰ گرم خلال بادام | 100 گرم خلال بادام | خلال بادام","خلال بادام","15","1061;361;401",""
"۱ عدد پیاز کوچک، ریز خردشده | ۱ پیاز کوچک، ریز خردشده | پیاز کوچک – ۱ عدد، ریز خردشده","پیاز کوچک ریز خردشده","15","814;1514;899",""
"آب ۱ عدد لیموترش تازه | ۱ پیمانه آب لیموترش تازه | آب لیموترش تازه","آب لیموترش تازه","15","817;1496;829",""
"پنیر پیتزا رنده‌شده | پنیر پیتزا – ۱۲۵ گرم، رنده‌شده | ۲۵ گرم پنیر پیتزا، رنده‌شده","پنیر پیتزا رنده‌شده","15","918;934;676",""
"آب لیمو | آب ۱ لیمو | 1 قاشق غذاخوری آب لیمو","آب لیمو","15","380;418;438",""
"برگ ریحان تازه | برگ ریحان تازه – برای تزیین | برگ ریحان تازه، برای تزیین","برگ ریحان تازه","15","901;943;1002",""
"۱ عدد پیاز، ریز خرد شده | پیاز، ریز خرد شده | ۱ پیاز، ریز خرد شده","پیاز ریز خرد شده","15","1131;537;186",""
"۱ پیاز متوسط، خرد شده | 2 پیاز متوسط، خرد شده | 1 پیاز متوسط; خرد شده","پیاز متوسط خرد شده","15","428;326;528",""
"کره یا روغن به میزان لازم | کره یا روغن | ۵۰ گرم کره یا روغن","کره یا روغن","14","323;787;325",""
"۴ عدد بادمجان | ۲ عدد بادمجان | 5 بادمجان","بادمجان","14","354;432;479",""
"1 پیمانه کشمش | کشمش | ۱ پیمانه کشمش","کشمش","14","369;385;401",""
"½ قاشق چای‌خوری فلفل سیاه","½ قاشق چای‌خوری فلفل سیاه","14","828;1507;895",""
"آب سبزیجات | ۱ لیتر آب سبزیجات | ۱ پیمانه آب سبزیجات","آب سبزیجات","14","537;643;640",""
"روغن – به مقدار لازم برای سرخ‌کردن | روغن به مقدار لازم برای سرخ‌کردن | روغن به میزان لازم برای سرخ‌کردن","روغن  برای سرخ‌کردن","13","1023;1037;756",""
"۴ عدد سیب‌زمینی متوسط | ۱ عدد سیب‌زمینی متوسط | ۵ عدد سیب‌زمینی متوسط","سیب‌زمینی متوسط","13","1040;1162;440",""
"۱ پیمانه اسفناج تازه | اسفناج تازه | 200 گرم اسفناج تازه","اسفناج تازه","13","789;468;434",""
"۱ حبه سیر، ریز شده | 3 حبه سیر، ریز شده | ۲ حبه سیر، ریز شده","سیر ریز شده","13","42;191;535",""
"ادویه مخلوط، به مقدار لازم | ادویه مخلوط به میزان لازم | ادویه مخلوط – به میزان لازم","ادویه مخلوط","13","791;1092;1108",""
"۱/۲ پیمانه آب | ۳/۴ پیمانه آب | ۲ ۱/۲ پیمانه آب","/ آب","13","1484;946;591",""
"۱ قاشق غذاخوری روغن کنجد | ۲ قاشق چایخوری روغن کنجد | روغن کنجد","روغن کنجد","13","1484;315;1539",""
"پودر کاری، ۳ قاشق غذاخوری | ۲ قاشق غذاخوری پودر کاری | پودر کاری، به مقدار لازم","پودر کاری","13","1055;1056;1064",""
"کره نرم‌شده به میزان لازم | ۱ قاشق غذاخوری کره نرم‌شده | ۲ قاشق غذاخوری کره نرم‌شده","کره نرم‌شده","13","758;412;1227",""
"پنیر چدار رنده‌شده | ۸۰ گرم پنیر چدار رنده‌شده | ۵۰ گرم پنیر چدار، رنده‌شده","پنیر چدار رنده‌شده","13","1087;904;975",""
"½ قاشق چای‌خوری زردچوبه","½ قاشق چای‌خوری زردچوبه","13","1107;1121;1100",""
"۱ قاشق چای‌خوری پودر سیر | 1 قاشق چای‌خوری پودر سیر","قاشق چای‌خوری پودر سیر","13","62;848;1520",""
"۳ حبه سیر، ریز خرد شده | ۲ حبه سیر، ریز خرد شده | حبه سیر، ریز خرد شده","سیر ریز خرد شده","13","870;871;895",""
"جوز هندی به مقدار لازم | جوز هندی | جوز هندی – به میزان لازم","جوز هندی","13","386;1203;43",""
"۳ قاشق غذاخوری آرد نخودچی | ۱ قاشق غذاخوری آرد نخودچی | ۳۰۰ گرم آرد نخودچی","آرد نخودچی","13","1132;1049;1044",""
"آویشن خشک | ۱ قاشق غذاخوری آویشن خشک | آویشن خشک – به میزان لازم","آویشن خشک","13","863;926;936",""
"پنیر رنده‌شده – به مقدار لازم | پنیر رنده‌شده | پنیر رنده‌شده به مقدار لازم","پنیر رنده‌شده","13","1204;1206;1207",""
"۳ حبه سیر، له شده | ۲ حبه سیر له شده | ۲ حبه سیر، له شده","سیر له شده","12","182;100;513",""
"۲ قاشق غذاخوری خامه پرچرب | خامه پرچرب | ۱ پیمانه خامه پرچرب","خامه پرچرب","12","788;1210;1215",""
"۲ عدد گوجه‌فرنگی، رنده‌شده | ۳ عدد گوجه‌فرنگی، رنده‌شده | گوجه‌فرنگی رنده‌شده – ۲ عدد","گوجه‌فرنگی رنده‌شده","12","791;1033;1012",""
"۱۰۰ گرم قارچ، ورقه‌شده | قارچ ورقه‌شده – ۱ پیمانه | ۵۰۰ گرم قارچ ورقه‌شده","قارچ ورقه‌شده","12","801;1133;1284",""
"۱۹۰ گرم قارچ، ریز خردشده | قارچ، ریز خردشده – ۱۰۰ گرم | ۵۰۰ گرم قارچ، ریز خردشده","قارچ ریز خردشده","12","810;1161;837",""
"۴ پیمانه آبِ گوشت | ۶ پیمانه آبِ گوشت | آبِ گوشت – ۱ پیمانه","آبِ گوشت","12","1070;1175;1190",""
"۱ قاشق چای‌خوری پودر کاری | 1 قاشق چای‌خوری پودر کاری | ۲ قاشق چای‌خوری پودر کاری","قاشق چای‌خوری پودر کاری","12","332;625;377",""
"1 پیمانه عدس | عدس | ۲۵۰ گرم عدس","عدس","12","369;385;643",""
"۱ عدد پیاز متوسط خردشده | ۱ عدد پیاز متوسط، خردشده | ۲ عدد پیاز متوسط، خردشده","پیاز متوسط خردشده","12","1534;866;920",""
"۲ پیمانه هویج رنده‌شده | ۱ پیمانه هویج، رنده‌شده | ۲ هویج، رنده‌شده","هویج رنده‌شده","11","1024;1460;362",""
"۲ قاشق چای‌خوری روغن زیتون | ۳ قاشق چای‌خوری روغن زیتون | ۴ قاشق چای‌خوری روغن زیتون","قاشق چای‌خوری روغن زیتون","11","182;780;946",""
"۵ عدد قارچ، ورقه‌ای | قارچ – ۸ عدد، ورقه‌ای | ۲۰۰ گرم قارچ، ورقه‌ای","قارچ ورقه‌ای","11","789;934;852",""
"۱۰۰ گرم پنیر خامه‌ای | ۷۰۰ گرم پنیر خامه‌ای | ۲۵۰ گرم پنیر خامه‌ای","پنیر خامه‌ای","11","758;758;713",""
"1 کیلوگرم برنج | ۱ کیلوگرم برنج","کیلو برنج","11","361;176;393",""
"۱/۲ قاشق چای‌خوری زردچوبه | ۱/۴ قاشق چای‌خوری زردچوبه","/ قاشق چای‌خوری زردچوبه","11","1106;1159;1519",""
"مایونز | ۱ لیوان مایونز | ۲ قاشق غذاخوری مایونز","مایونز","11","729;724;723",""
"۱ قاشق غذاخوری عسل | 2 قاشق غذاخوری عسل | ۲ قاشق غذاخوری عسل","عسل","11","879;855;978",""
"پیاز بزرگ – ۱ عدد | ۱ پیاز بزرگ | ۲ پیاز بزرگ","پیاز بزرگ","11","1246;1181;488",""
"۱ قاشق چای‌خوری پودر فلفل قرمز | ۲ قاشق چای‌خوری پودر فلفل قرمز","قاشق چای‌خوری پودر فلفل قرمز","11","343;1533;1244",""
"کرفس خردشده | کرفس خردشده، به مقدار لازم | ۲ پیمانه کرفس خردشده","کرفس خردشده","11","863;991;621",""
"۲۵۰ گرم لپه | ۱۰۰ گرم لپه | ۲ پیمانه لپه","لپه","10","1043;407;1098",""
"۲ عدد پیازچه | پیازچه | 3 عدد پیازچه","پیازچه","10","325;820;468",""
"۱ عدد گوجه‌فرنگی، ریز خردشده | ۴۰ گرم گوجه‌فرنگی، ریز خردشده | ۲ عدد گوجه‌فرنگی، ریز خردشده","گوجه‌فرنگی ریز خردشده","10","780;741;1525",""
"۱ عدد پیاز متوسط، رنده‌شده و آب‌گرفته | ۲ عدد پیاز متوسط، رنده‌شده و آب‌گرفته","پیاز متوسط رنده‌شده و آب‌گرفته","10","1045;842;1049",""
"۱ پیمانه آب ولرم | ۷ قاشق غذاخوری آب ولرم | آب ولرم به میزان لازم","آب ولرم","10","1494;1174;1215",""
"۱ قاشق چای‌خوری دارچین","قاشق چای‌خوری دارچین","10","1098;1129;879",""
"ساقه کرفس، برای تزیین | ساقه کرفس | ۲ ساقه کرفس","ساقه کرفس","10","729;430;885",""
"۱ قاشق چای‌خوری زیره | 1 قاشق چای‌خوری زیره","قاشق چای‌خوری زیره","10","861;1525;678",""
"۳ پیمانه آرد گندم | ۱ پیمانه آرد گندم | آرد گندم","آرد گندم","10","1174;1399;475",""
"پنیر پارمزان | ۱ پیمانه پنیر پارمزان | پنیر پارمزان به مقدار لازم","پنیر پارمزان","10","911;400;274",""
"زیره آسیاب‌شده | ۲ قاشق غذاخوری زیره آسیاب‌شده | ۱ قاشق غذاخوری زیره آسیاب‌شده","زیره آسیاب‌شده","10","872;1463;996",""
"هویج، خردشده | هویج خردشده | ۲ عدد هویج، خردشده","هویج خردشده","10","873;863;1183",""
"۳۰۰ گرم گوشت چرخ‌کرده گوساله | ۴۵۰ گرم گوشت چرخ‌کرده گوساله | گوشت چرخ‌کرده گوساله – ۳۰۰ گرم","گوشت چرخ‌کرده گوساله","10","1152;1480;1159",""
"۱ قاشق غذاخوری زعفران دم‌کرده غلیظ | زعفران دم‌کرده غلیظ | کمی زعفران دم‌کرده غلیظ","زعفران دم‌کرده غلیظ","10","1182;1109;984",""
"۱/۴ پیمانه جعفری تازه، خردشده | ۱/۳ پیمانه جعفری تازه، خردشده | ۱/۴ پیمانه جعفری تازه خردشده","/ جعفری تازه خردشده","9","1024;814;968",""
"۱ قاشق چای‌خوری سرکه | ۳ قاشق چای‌خوری سرکه | ۲ قاشق چای‌خوری سرکه","قاشق چای‌خوری سرکه","9","1460;1273;55",""
"۱ عدد پیاز متوسط، رنده‌شده | ۲ عدد پیاز متوسط، رنده‌شده | پیاز متوسط – ۱ عدد، رنده‌شده","پیاز متوسط رنده‌شده","9","958;1040;1230",""
"۱ عدد فلفل دلمه‌ای، ریز خردشده | فلفل دلمه‌ای، ریز خردشده | فلفل دلمه‌ای ریز خردشده","فلفل دلمه‌ای ریز خردشده","9","790;1174;905",""
"۵ عدد تخم‌مرغ، زده‌شده | ۱ عدد تخم‌مرغ، زده‌شده | ۲ عدد تخم‌مرغ، زده‌شده","تخم‌مرغ زده‌شده","9","791;859;1155",""
"خلال پسته | 100 گرم خلال پسته | خلال پسته برای تزیین","خلال پسته","9","328;361;370",""
"برگ کاهو | برگ کاهو، برای تزیین | مقداری برگ کاهو","برگ کاهو","9","759;1185;837",""
"فلفل دلمه‌ای قرمز | 1 عدد فلفل دلمه‌ای قرمز | ۲ عدد فلفل دلمه‌ای قرمز","فلفل دلمه‌ای قرمز","9","806;819;437",""
"۱۲ قاشق غذاخوری شیر هموژنیزه | شیر هموژنیزه – ۸ پیمانه | ۱ پیمانه شیر هموژنیزه","شیر هموژنیزه","9","810;649;645",""
"۴ عدد گوجه فرنگی | گوجه فرنگی - ۳۵۰ گرم | گوجه فرنگی","گوجه فرنگی","9","354;408;430",""
"پاپریکا | پاپریکا، به میزان لازم | پاپریکا به مقدار لازم","پاپریکا","9","829;872;1323",""
"روغن زیتون فرابکر | ۴ قاشق غذاخوری روغن زیتون فرابکر | ۱ قاشق غذاخوری روغن زیتون فرابکر","روغن زیتون فرابکر","9","733;1511;911",""
"جعفری تازه خرد شده، برای تزیین | ۱ قاشق غذاخوری جعفری تازه، خرد شده | ۳ قاشق غذاخوری جعفری تازه، خرد شده","جعفری تازه خرد شده","9","870;476;187",""
"پنیر موزارلای رنده‌شده | پنیر موزارلای رنده‌شده – به مقدار لازم | ۱ پیمانه پنیر موزارلای رنده‌شده","پنیر موزارلای رنده‌شده","9","911;916;920",""
"نعناع خشک | ۱ قاشق غذاخوری نعناع خشک | نعناع خشک – برای تزیین","نعناع خشک","9","703;901;479",""
"۲ قاشق غذاخوری ریحان تازه خردشده | ریحان تازه خردشده – ۲ قاشق غذاخوری | ۱ قاشق غذاخوری ریحان تازه، خردشده","ریحان تازه خردشده","9","694;982;1303",""
"۴۵۰ گرم نخود فرنگی | 100 گرم نخود فرنگی | 2 قاشق غذاخوری نخود فرنگی","نخود فرنگی","9","533;94;51",""
"آویشن، به میزان لازم | آویشن به میزان لازم | آویشن","آویشن","9","1155;505;243",""
"نان تست - 50 گرم | نان تست، به مقدار لازم | نان تست به مقدار لازم","نان تست","9","193;906;1403",""
"۲ حبه سیر، رنده شده | ۱ حبه سیر رنده شده | 2 حبه سیر، رنده شده","سیر رنده شده","9","461;226;462",""
"۱ عدد گوجه‌فرنگی، خرد شده | ۲ عدد گوجه‌فرنگی، خرد شده | ۵۰۰ گرم گوجه‌فرنگی خرد شده","گوجه‌فرنگی خرد شده","8","314;452;115",""
"۱ سفیده تخم‌مرغ | ۲ عدد سفیده تخم‌مرغ | سفیده تخم‌مرغ","سفیده تخم‌مرغ","8","42;881;1203",""
"۲ عدد پیازچه، خرد شده | 6 پیازچه خرد شده | ۴ عدد پیازچه، خرد شده","پیازچه خرد شده","8","315;465;103",""
"فلفل دلمه‌ای سبز | 1 عدد فلفل دلمه‌ای سبز | ۳ عدد فلفل دلمه‌ای سبز","فلفل دلمه‌ای سبز","8","806;430;437",""
"پیاز – ۱ عدد متوسط، ریز خرد شده | ۱ عدد پیاز متوسط، ریز خرد شده | ۱ پیاز متوسط، ریز خرد شده","پیاز متوسط ریز خرد شده","8","1077;451;461",""
"سوسیس | ۲۵۰ گرم سوسیس | ۳۰۰ گرم سوسیس","سوسیس","8","746;62;1359",""
"آب ۱ عدد لیموترش | آب لیموترش | ۲ قاشق غذاخوری آب لیموترش","آب لیموترش","8","1196;820;1232",""
"پودر آویشن، به مقدار لازم | پودر آویشن | ۱ قاشق غذاخوری پودر آویشن","پودر آویشن","8","1108;906;1376",""
"نمک: به مقدار لازم | نمک: ۳ قاشق غذاخوری | نمک: به میزان لازم","نمک:","8","69;141;402",""
"ساقه کرفس، خردشده | ۲ ساقه کرفس، خردشده | ۳ ساقه کرفس، خردشده","ساقه کرفس خردشده","8","873;1183;1459",""
"۲ عدد بادمجان متوسط | ۸ بادمجان متوسط | ۴ عدد بادمجان متوسط","بادمجان متوسط","8","1525;1528;486",""
"سس بشامل، ۲ لیوان | سس بشامل | ۱ پیمانه سس بشامل","سس بشامل","8","80;1210;1211",""
"۲ پیمانه برنج پخته | ۱ پیمانه برنج پخته | برنج پخته - ۲ پیمانه","برنج پخته","8","392;1540;1336",""
"برگ گشنیز تازه | برگ گشنیز تازه برای تزیین | برگ گشنیز تازه، برای تزیین","برگ گشنیز تازه","8","1539;944;1519",""
"۱۰۰ گرم پنیر گودا، رنده‌شده | ۱ پیمانه پنیر گودا رنده‌شده | ۱۰۰ گرم پنیر گودا رنده‌شده","پنیر گودا رنده‌شده","8","899;1163;947",""
"۵۰۰ گرم ساقه کرفس، ریز خردشده | ۱ ساقه کرفس، ریز خردشده | ۳ ساقه کرفس، ریز خردشده","ساقه کرفس ریز خردشده","8","1072;643;1395",""
"۱۵۰ گرم سیب‌زمینی، نگینی خردشده | ۷ پیمانه سیب‌زمینی نگینی خردشده | ۲ عدد سیب‌زمینی، نگینی خردشده","سیب‌زمینی نگینی خردشده","8","1150;1175;1412",""
"۱۵۰ گرم ذرت | 250 گرم ذرت | ۵۰ گرم ذرت","ذرت","8","868;122;635",""
"۲ پیمانه هویج نگینی خردشده | ۲ عدد هویج، نگینی خردشده | ۱ عدد هویج، نگینی خردشده","هویج نگینی خردشده","8","1175;643;543",""
"ریحان تازه برای تزیین | ریحان تازه | کمی ریحان تازه برای تزیین","ریحان تازه","8","537;240;1026",""
"نشاسته ذرت – ۲ قاشق غذاخوری | ۱ قاشق غذاخوری نشاسته ذرت | 1 قاشق غذاخوری نشاسته ذرت","نشاسته ذرت","8","1067;1240;204",""
"۱ قاشق چای‌خوری پودر گشنیز | ۲ قاشق چای‌خوری پودر گشنیز","قاشق چای‌خوری پودر گشنیز","8","1039;1493;1483",""
"۱۸۰ گرم ذرت پخته | ۳۰۰ گرم ذرت پخته | ۱ پیمانه ذرت پخته","ذرت پخته","8","1305;938;701",""
"اسفناج | ۷۰۰ گرم اسفناج | ۵۰۰ گرم اسفناج","اسفناج","7","181;328;117",""
"۱ قاشق غذاخوری سماق | سماق به مقدار لازم | سماق، برای تزیین","سماق","7","958;866;994",""
"۱ قاشق چای‌خوری رب گوجه‌فرنگی | ۲ قاشق چای‌خوری رب گوجه‌فرنگی","قاشق چای‌خوری رب گوجه‌فرنگی","7","1361;928;444",""
"۴ تا ۵ عدد تخم‌مرغ | ۲ تا ۳ عدد تخم‌مرغ | ۱ تا ۲ عدد تخم‌مرغ","تا تخم‌مرغ","7","1043;1063;1029",""
"۲ عدد پیازچه، ریز خردشده | ۱ پیمانه پیازچه، ریز خردشده | ۱ قاشق غذاخوری پیازچه ریز خردشده","پیازچه ریز خردشده","7","780;1536;1527",""
"۱۵۰ گرم روغن یا کره | روغن یا کره، به میزان لازم | روغن یا کره","روغن یا کره","7","1045;896;372",""
"۵۰۰ گرم مرغ چرخ‌کرده | مرغ چرخ‌کرده | ۲۰۰ گرم مرغ چرخ‌کرده","مرغ چرخ‌کرده","7","1051;1156;1042",""
"۵۰ گرم پنیر فتا، خردشده | پنیر فتا، خردشده | ۲۰۰ گرم پنیر فتا، خردشده","پنیر فتا خردشده","7","801;868;910",""
"۱ عدد پیاز بزرگ، خردشده | پیاز بزرگ خردشده – ۲ عدد | ۲ عدد پیاز بزرگ، خردشده","پیاز بزرگ خردشده","7","1059;625;1297",""
"شوید تازه | ۳ پیمانه شوید تازه | 2 پیمانه شوید تازه","شوید تازه","7","806;380;288",""
"۱ پیمانه پوره گوجه‌فرنگی | ۱۲۰ گرم پوره گوجه‌فرنگی | پوره گوجه‌فرنگی","پوره گوجه‌فرنگی","7","1064;928;669",""
"سس خردل به میزان لازم | ۲ قاشق غذاخوری سس خردل | سس خردل","سس خردل","7","755;412;1185",""
"سس کچاپ به میزان لازم | سس کچاپ – به مقدار لازم | سس کچاپ","سس کچاپ","7","755;916;1185",""
"برگ اسفناج تازه | ۳۵۰ گرم برگ اسفناج تازه | ۵۰۰ گرم برگ اسفناج تازه","برگ اسفناج تازه","7","819;911;623",""
"زیره | زیره به میزان لازم | زیره - به میزان لازم","زیره","7","820;829;401",""
"۱ قاشق چای‌خوری پودر زیره | 1 قاشق چای‌خوری پودر زیره | ۲ قاشق چای‌خوری پودر زیره","قاشق چای‌خوری پودر زیره","7","362;658;523",""
"۱ قاشق چای‌خوری پاپریکا | 1 قاشق چای‌خوری پاپریکا","قاشق چای‌خوری پاپریکا","7","828;848;196",""
"زیتون سیاه | 100 گرم زیتون سیاه","زیتون سیاه","7","733;724;189",""
"نمک و فلفل سیاه تازه، به میزان لازم | نمک و فلفل سیاه تازه، به مقدار لازم","نمک و فلفل سیاه تازه","7","1511;705;1503",""
"۱ قاشق چای‌خوری پونه کوهی خشک | ۲ قاشق چای‌خوری پونه کوهی خشک","قاشق چای‌خوری پونه کوهی خشک","7","1515;1507;914",""
"جعفری تازه خردشده (برای تزیین)","جعفری تازه خردشده ()","7","1515;946;1227",""
"۱ عدد پیاز بزرگ، خرد شده | ۱ پیاز بزرگ، خرد شده | 1 پیاز بزرگ، خرد شده","پیاز بزرگ خرد شده","7","870;444;523",""
"۹۰۰ گرم تکه‌های مرغ | ۷۰۰ گرم تکه‌های مرغ | ۵۰۰ گرم تکه‌های مرغ","تکه‌های مرغ","7","871;1100;961",""
"۱ قاشق چای‌خوری دانه زیره","قاشق چای‌خوری دانه زیره","7","1529;1540;1505",""
"½ قاشق چای‌خوری نمک | ۲½ قاشق چای‌خوری نمک | ۱½ قاشق چای‌خوری نمک","½ قاشق چای‌خوری نمک","7","1507;1164;1423",""
"150 گرم مرغ | ۲۰۰ گرم مرغ | ۲۵۰ گرم مرغ","مرغ","7","139;117;127",""
"۱/۲ پیمانه پنیر پارمزان رنده‌شده | ۳/۴ پیمانه پنیر پارمزان رنده‌شده | ۱/۴ پیمانه پنیر پارمزان، رنده‌شده","/ پنیر پارمزان رنده‌شده","7","908;1289;1528",""
"۲/۳ پیمانه روغن زیتون | ۱/۴ پیمانه روغن زیتون | ۱/۳ پیمانه روغن زیتون","/ روغن زیتون","7","661;1175;103",""
"عصاره سبزیجات – ۲ پیمانه | ۴ پیمانه عصاره سبزیجات | ۳ پیمانه عصاره سبزیجات","عصاره سبزیجات","7","659;543;605",""
"۴۰۰ گرم پیاز، خلالی نازک | ۲ عدد پیاز، خلالی نازک | ۴ عدد پیاز، خلالی نازک","پیاز خلالی نازک","7","990;1012;1020",""
"آبلیمو | آبلیمو به میزان لازم | 1 قاشق غذاخوری آبلیمو","آبلیمو","7","445;194;472",""
"هویج ریز خردشده | ۲۰۰ گرم هویج، ریز خردشده | ۲ عدد هویج، ریز خردشده","هویج ریز خردشده","7","1206;546;569",""
"۱ عدد پیاز کوچک خرد شده | 1 پیاز کوچک، خرد شده | پیاز کوچک - خرد شده","پیاز کوچک خرد شده","7","90;377;458",""
"۲ پیمانه آبِ گوشت گاو | ۱ لیتر آبِ گوشت گاو | ۴ پیمانه آبِ گوشت گاو","آبِ گوشت گاو","7","1226;1527;653",""
"۲ قاشق غذاخوری کره ذوب‌شده | ۲۰ گرم کره ذوب‌شده | ۱ قاشق غذاخوری کره، ذوب‌شده","کره ذوب‌شده","7","1233;1234;1250",""
"۴ شاخه آویشن تازه | آویشن تازه | آویشن تازه، برای تزیین","آویشن تازه","7","1010;524;605",""
"روغن سرخ‌کردنی به میزان لازم | روغن سرخ‌کردنی به مقدار لازم | ۲ قاشق غذاخوری روغن سرخ‌کردنی","روغن سرخ‌کردنی","7","1248;179;704",""
"۱ قاشق چای‌خوری خردل","قاشق چای‌خوری خردل","6","1460;1409;859",""
"۱/۲ پیمانه روغن مایع | ۱/۳ پیمانه روغن مایع | ۱/۴ پیمانه روغن مایع","/ روغن مایع","6","1037;1108;440",""
"۱ عدد پیاز بزرگ، رنده‌شده | 1 پیاز بزرگ، رنده‌شده","پیاز بزرگ رنده‌شده","6","791;792;1417",""
"۱/۳ قاشق چای‌خوری زعفران ساییده | ۱/۴ قاشق چای‌خوری زعفران ساییده | ۱/۲ قاشق چای‌خوری زعفران ساییده","/ قاشق چای‌خوری زعفران ساییده","6","330;1189;343",""
"12 ورق لازانیا | ۵۰۰ گرم لازانیا | ورق لازانیا","لازانیا","6","191;109;1334",""
"روغن مایع، برای سرخ کردن | روغن مایع – برای سرخ کردن | روغن مایع برای سرخ کردن","روغن مایع برای سرخ کردن","6","810;1404;1522",""
"گوجه فرنگی رنده شده - ۲۰۰ گرم | گوجه فرنگی رنده شده | 500 گرم گوجه فرنگی، رنده شده","گوجه فرنگی رنده شده","6","339;240;73",""
"۲۵۰ گرم نعناع تازه، ریز خردشده | ۱۰۰ گرم نعناع تازه، ریز خردشده | ۱ قاشق غذاخوری نعناع تازه، ریز خردشده","نعناع تازه ریز خردشده","6","1078;867;1148",""
"۲ تا ۳ قاشق غذاخوری پیاز داغ | ۳ تا ۴ قاشق غذاخوری پیاز داغ","تا پیاز داغ","6","1078;1117;1128",""
"یک عدد پیاز | یک پیاز","یک پیاز","6","342;189;115",""
"سیب زمینی | ۴ عدد سیب زمینی | ۲۰۰۰ گرم سیب زمینی","سیب زمینی","6","443;354;404",""
"۱ عدد پیاز بزرگ، ریز خرد شده | ۱ پیاز بزرگ، ریز خرد شده","پیاز بزرگ ریز خرد شده","6","360;364;1294",""
"۱/۴ پیمانه شوید تازه، خرد شده","/ شوید تازه خرد شده","6","360;451;461",""
"۱ قاشق غذاخوری آرد ذرت | ۴ قاشق غذاخوری آرد ذرت | ۱۲ قاشق غذاخوری آرد ذرت","آرد ذرت","6","450;679;1273",""
"سیر رنده یا خردشده | ۱ حبه سیر، رنده یا خردشده | سیر، رنده یا خردشده","سیر رنده یا خردشده","6","829;1183;948",""
"۳۰ گرم پسته | پسته به مقدار لازم | پسته","پسته","6","832;504;296",""
"دو قاشق غذاخوری رب گوجه‌فرنگی","دو رب گوجه‌فرنگی","6","416;177;57",""
"100 گرم پنیر گرویر | 150 گرم پنیر گرویر | ۱۵۰ گرم پنیر گرویر","پنیر گرویر","6","69;106;109",""
"گوجه‌فرنگی متوسط – ۴ عدد | گوجه‌فرنگی متوسط – ۲ عدد | ۶ عدد گوجه‌فرنگی متوسط","گوجه‌فرنگی متوسط","6","934;1181;1430",""
"روغن مایع، به مقدار لازم برای سرخ کردن | روغن مایع – به مقدار لازم برای سرخ کردن | روغن مایع، به میزان لازم برای سرخ کردن","روغن مایع  برای سرخ کردن","6","848;1195;1297",""
"۱ قاشق غذاخوری زنجبیل تازه رنده‌شده | ۲ قاشق غذاخوری زنجبیل تازه، رنده‌شده | 2 قاشق غذاخوری زنجبیل تازه رنده‌شده","زنجبیل تازه رنده‌شده","6","1509;879;978",""
"پودر زردچوبه","پودر زردچوبه","6","872;421;348",""
"۱ عدد هویج، حلقه‌ای خردشده | ۱ پیمانه هویج، حلقه‌ای خردشده | ۲ عدد هویج، حلقه‌ای خردشده","هویج حلقه‌ای خردشده","6","879;1459;594",""
"۱۵۰ گرم ذرت کنسروی، آبکش‌شده | ۳۰۰ گرم ذرت کنسروی، آبکش‌شده | ۱ پیمانه ذرت کنسروی، آبکش‌شده","ذرت کنسروی آبکش‌شده","6","705;920;946",""
"نمک، فلفل و زردچوبه به مقدار لازم | نمک، فلفل و زردچوبه به میزان لازم | نمک، فلفل، و زردچوبه به مقدار لازم","نمک فلفل و زردچوبه","6","890;528;1169",""
"آبِ ۲ عدد لیموترش | آبِ ۱ عدد لیموترش | آبِ لیموترش به مقدار لازم","آبِ لیموترش","6","868;634;1085",""
"¼ قاشق چای‌خوری فلفل سیاه","¼ قاشق چای‌خوری فلفل سیاه","6","855;1314;1386",""
"آب‌لیموی تازه به میزان لازم | آب‌لیموی تازه | ۱ قاشق غذاخوری آب‌لیموی تازه","آب‌لیموی تازه","6","666;1323;1385",""
"روغن مایع به مقدار لازم برای سرخ‌کردن | روغن مایع، به مقدار لازم برای سرخ‌کردن","روغن مایع  برای سرخ‌کردن","6","924;1283;1423",""
"۳ پیمانه بروکلی خردشده | ۲ پیمانه بروکلی، خردشده | ۱ پیمانه بروکلی خردشده","بروکلی خردشده","6","1165;1186;608",""
"روغن: به مقدار لازم | روغن: ۱۵۰ گرم | روغن: 200 گرم","روغن:","6","141;383;402",""
"۳ عدد خیارشور | 150 گرم خیارشور | ۱۵۰ گرم خیارشور","خیارشور","6","710;19;187",""
"۳۰۰ میلی‌لیتر خامه | 235 میلی‌لیتر خامه | ۱۰۰ میلی‌لیتر خامه","میلی‌ خامه","6","103;536;552",""
"۱ تا ۲ قاشق غذاخوری رب گوجه‌فرنگی | ۲ تا ۳ قاشق غذاخوری رب گوجه‌فرنگی | ۳ تا ۴ قاشق غذاخوری رب گوجه‌فرنگی","تا رب گوجه‌فرنگی","6","643;1009;457",""
"۱ عدد گوجه‌فرنگی متوسط، خردشده | ۲ عدد گوجه‌فرنگی متوسط، خردشده | ۸ عدد گوجه‌فرنگی متوسط، خردشده","گوجه‌فرنگی متوسط خردشده","6","1519;1299;1493",""
"1 عدد پیاز کوچک | ۱ عدد پیاز کوچک | پیاز – ۱ عدد کوچک","پیاز کوچک","6","43;427;506",""
"225 گرم ماکارونی شکل‌دار | ۲ پیمانه ماکارونی شکل‌دار | 250 گرم ماکارونی شکل‌دار","ماکارونی شکل‌دار","6","51;22;198",""
"قارچ تازه | قارچ تازه - 200 گرم | قارچ تازه – ۵۰۰ گرم","قارچ تازه","6","400;240;81",""
"۱/۴ پیمانه آرد | ۱/۲ پیمانه آرد","/ آرد","6","90;1289;550",""
"۵ عدد گوجه‌فرنگی رسیده، خردشده | ۳۰۰ گرم گوجه‌فرنگی رسیده، خردشده | ۵ پیمانه گوجه‌فرنگی رسیده، خردشده","گوجه‌فرنگی رسیده خردشده","6","803;254;585",""
"۵۰۰ گرم گوشت | 500 گرم گوشت | ۳۰۰ گرم گوشت","گوشت","6","124;183;269",""
"کدو سبز – ۲ عدد متوسط | ۳ عدد کدو سبز متوسط | ۲ عدد کدو سبز متوسط","کدو سبز متوسط","6","1270;1430;671",""
"۳ عدد پیاز، خلالی | ۱ عدد پیاز، خلالی | ۲ عدد پیاز، خلالی","پیاز خلالی","6","991;960;933",""
"1 عدد پیاز کوچک رنده شده | ۱ پیاز کوچک، رنده شده | پیاز کوچک، رنده شده","پیاز کوچک رنده شده","6","473;459;481",""
"¼ پیمانه جعفری تازه، خردشده | ¼ پیمانه جعفری تازه خردشده","¼ جعفری تازه خردشده","6","1039;1271;1336",""
"۳ برش نان تست | ۸ برش نان تست | ۱۶ برش نان تست","برش نان تست","6","1300;556;1380",""
"۵۰۰ گرم گوجه فرنگی متوسط | 2 عدد گوجه فرنگی متوسط | گوجه فرنگی - 2 عدد متوسط","گوجه فرنگی متوسط","6","312;47;146",""
"400 گرم تن ماهی | 250 گرم تن ماهی | 370 گرم تن ماهی","تن ماهی","6","27;195;270",""
"زیتون سبز | 12 زیتون سبز | 12 عدد زیتون سبز","زیتون سبز","6","728;718;225",""
"روغن زیتون: ۱ قاشق غذاخوری | روغن زیتون: ۱ قاشق چایخوری | روغن زیتون: ۲ قاشق غذاخوری","روغن زیتون:","6","88;93;99",""
"۳ عدد کدو سبز | ۱ عدد کدو سبز | ۶ عدد کدو سبز","کدو سبز","6","1199;145;680",""
"آبغوره | ۱ پیمانه آبغوره","آبغوره","5","181;1114;1140",""
"۶ عدد گوجه گیلاسی | گوجه گیلاسی | 16 عدد گوجه گیلاسی","گوجه گیلاسی","5","963;723;978",""
"۱ پیمانه گوشت چرخ‌کرده (گوساله یا گوسفند) | ۳۰۰ گرم گوشت چرخ‌کرده (گوساله یا گوسفند) | گوشت چرخ‌کرده (گوساله یا گوسفند)","گوشت چرخ‌کرده (گوساله یا گوسفند)","5","1024;1044;948",""
"۱/۲ قاشق چای‌خوری دارچین | ۱/۴ قاشق چای‌خوری دارچین","/ قاشق چای‌خوری دارچین","5","1024;403;1289",""
"۱ پیمانه عصاره مرغ | ۲ عدد عصاره مرغ | ۱ لیتر عصاره مرغ","عصاره مرغ","5","574;1082;1300",""
"فلفل سیاه تازه‌ساب به مقدار لازم | فلفل سیاه تازه‌ساب – به میزان لازم | فلفل سیاه تازه‌ساب، به مقدار لازم","فلفل سیاه تازه‌ساب","5","1462;659;960",""
"۱ قاشق غذاخوری خمیرمایه | خمیرمایه | 1 قاشق غذاخوری خمیرمایه","خمیرمایه","5","1037;1174;1257",""
"۱ قاشق غذاخوری ریحان تازه خرد شده | ۱ قاشق غذاخوری ریحان تازه، خرد شده | ریحان تازه خرد شده - ۱ قاشق غذاخوری","ریحان تازه خرد شده","5","325;476;155",""
"آب زعفران، به مقدار لازم | ۱ قاشق غذاخوری آب زعفران | ۲ قاشق غذاخوری آب زعفران","آب زعفران","5","1046;1360;831",""
"نصف قاشق چای‌خوری فلفل سیاه","نصف قاشق چای‌خوری فلفل سیاه","5","1051;1165;1399",""
"۴ عدد تخم‌مرغ متوسط | ۳ عدد تخم‌مرغ متوسط","تخم‌مرغ متوسط","5","792;774;1248",""
"۱ پیمانه هویج خلالی | ۱ عدد هویج، خلالی | هویج – ۱ عدد، خلالی","هویج خلالی","5","1492;1514;1094",""
"۱ قاشق غذاخوری سس اویستر","سس اویستر","5","1492;1536;1530",""
"۱ قاشق چای‌خوری زنجبیل آسیاب‌شده","قاشق چای‌خوری زنجبیل آسیاب‌شده","5","1056;858;954",""
"مرغ پخته و ریش‌ریش‌شده | ۲ پیمانه مرغ پخته و ریش‌ریش‌شده | ۴ پیمانه مرغ پخته و ریش‌ریش‌شده","مرغ پخته و ریش‌ریش‌شده","5","802;1498;1520",""
"پودر فلفل قرمز - به میزان لازم | پودر فلفل قرمز | پودر فلفل قرمز، به مقدار لازم","پودر فلفل قرمز","5","520;911;1293",""
"گوشت چرخ‌کرده گاو | ۴۰۰ گرم گوشت چرخ‌کرده گاو | ۵۰۰ گرم گوشت چرخ‌کرده گاو","گوشت چرخ‌کرده گاو","5","1087;1226;619",""
"۱/۴ پیمانه پیاز ریز خردشده | ۱/۴ پیمانه پیاز، ریز خردشده | ۱/۲ پیمانه پیاز ریز خردشده","/ پیاز ریز خردشده","5","753;1183;591",""
"۲۰۰ گرم جعفری تازه، ساطوری‌شده | ۵۰ گرم جعفری تازه، ساطوری‌شده | ۱ قاشق غذاخوری جعفری تازه، ساطوری‌شده","جعفری تازه ساطوری‌شده","5","1097;889;842",""
"۲ تا ۳ قاشق غذاخوری شکر | ۴ تا ۵ قاشق غذاخوری شکر | ۱ تا ۲ قاشق غذاخوری شکر","تا شکر","5","1097;457;1365",""
"۱ عدد پیاز بزرگ، خلالی نازک | ۳ عدد پیاز بزرگ، خلالی نازک | ۲ عدد پیاز بزرگ، خلالی نازک","پیاز بزرگ خلالی نازک","5","1098;1121;895",""
"۴ قاشق غذاخوری شیر خشک | ۲ قاشق غذاخوری شیر خشک | ۱ پیمانه شیر خشک","شیر خشک","5","918;832;1157",""
"سس پیتزا به مقدار لازم | ۳ قاشق غذاخوری سس پیتزا | ۴ قاشق غذاخوری سس پیتزا","سس پیتزا","5","918;676;917",""
"فلفل دلمه‌ای سبز خردشده | ۲ عدد فلفل دلمه‌ای سبز خردشده | ۱ عدد فلفل دلمه‌ای سبز، خردشده","فلفل دلمه‌ای سبز خردشده","5","918;1337;1342",""
"1 قاشق چای‌خوری زعفران | ۱ قاشق چای‌خوری زعفران","قاشق چای‌خوری زعفران","5","361;152;1531",""
"۲ قاشق غذاخوری روغن آفتابگردان | ۳ قاشق غذاخوری روغن آفتابگردان","روغن آفتابگردان","5","832;362;679",""
"دو قاشق غذاخوری روغن زیتون","دو روغن زیتون","5","416;34;529",""
"فلفل: به مقدار لازم | فلفل: به میزان لازم","فلفل:","5","69;141;112",""
"گردو، ریز خردشده | ۷۰ گرم گردو، ریز خردشده | ۵۰ گرم گردو، ریز خردشده","گردو ریز خردشده","5","733;715;893",""
"۲ عدد تخم‌مرغ، کمی زده‌شده | ۱ عدد تخم‌مرغ، کمی زده‌شده | ۴ عدد تخم‌مرغ، کمی زده‌شده","تخم‌مرغ  زده‌شده","5","856;1027;1314",""
"۳ تا ۴ قاشق غذاخوری روغن | ۱۰۰ تا ۱۵۰ گرم روغن","تا روغن","5","1117;457;313",""
"تره فرنگی | تره فرنگی 500 گرم | ۱ عدد تره فرنگی","تره فرنگی","5","468;531;490",""
"۴۰۰ میلی‌لیتر شیر | ۵۰۰ میلی‌لیتر شیر | ۱۷۰ میلی‌لیتر شیر","میلی‌ شیر","5","1524;248;612",""
"زردچوبه – 1 قاشق چای‌خوری | زردچوبه - ۱ قاشق چای‌خوری | زردچوبه - 1 قاشق چای‌خوری","زردچوبه قاشق چای‌خوری","5","878;493;81",""
"۲۰۰ میلی‌لیتر آب | ۲۵۰ میلی‌لیتر آب | ۹۰ میلی‌لیتر آب","میلی‌ آب","5","1532;1527;1338",""
"500 گرم ماکارونی پیچ | ماکارونی پیچ | ۵۰۰ گرم ماکارونی پیچ","ماکارونی پیچ","5","85;241;71",""
"۱ قاشق چای‌خوری زنجبیل تازه، رنده‌شده | ۱ قاشق چای‌خوری زنجبیل تازه رنده‌شده | ۲ قاشق چای‌خوری زنجبیل تازه، رنده‌شده","قاشق چای‌خوری زنجبیل تازه رنده‌شده","5","1540;550;1390",""
"نصف پیمانه آب | نصف لیوان آب","نصف آب","5","1168;990;410",""
"۱ عدد کدو سبز، حلقه‌ای خردشده | کدو سبز، حلقه‌ای خردشده","کدو سبز حلقه‌ای خردشده","5","694;1310;1450",""
"خردل – ۱ قاشق غذاخوری | ۱ قاشق غذاخوری خردل | خردل به مقدار لازم","خردل","5","1246;843;849",""
"۲۵۰ میلی‌لیتر آب ولرم | 320 میلی‌لیتر آب ولرم | ۱۸۰ میلی‌لیتر آب ولرم","میلی‌ آب ولرم","5","910;1262;1285",""
"روغن زیتون، برای سرخ کردن | روغن زیتون برای سرخ کردن","روغن زیتون برای سرخ کردن","5","1158;449;474",""
"1 فنجان برنج | ۳ فنجان برنج | ۱ فنجان برنج","فنجان برنج","5","426;172;486",""
"۱ قاشق چای‌خوری آب‌لیمو | ۲ قاشق چای‌خوری آب‌لیمو","قاشق چای‌خوری آب‌لیمو","5","1163;1391;598",""
"۶ عدد کدو سبز کوچک | ۵ عدد کدو سبز کوچک | کدو سبز کوچک – ۲ عدد","کدو سبز کوچک","5","428;452;982",""
"فلفل دلمه‌ای متوسط – ۱ عدد | 1 عدد فلفل دلمه‌ای متوسط | ۲ عدد فلفل دلمه‌ای متوسط","فلفل دلمه‌ای متوسط","5","1181;47;215",""
"۵۰۰ گرم میگو، پاک‌شده و رگ‌گیری‌شده | ۴۵۰ گرم میگو، پاک‌شده و رگ‌گیری‌شده | ۷ عدد میگو، پاک‌شده و رگ‌گیری‌شده","میگو پاک‌شده و رگ‌گیری‌شده","5","950;1058;1487",""
"۷۵ گرم آرد برنج | ۱۰۰ گرم آرد برنج | ۵۰ گرم آرد برنج","آرد برنج","5","645;1331;639",""
"۵۰ گرم رب انار | رب انار | ۵ قاشق غذاخوری رب انار","رب انار","5","1100;1005;1351",""
"۱ عدد پیاز متوسط، نگینی ریز | ۲ عدد پیاز متوسط، نگینی ریز | پیاز متوسط – ۱ عدد، نگینی ریز","پیاز متوسط نگینی ریز","5","837;1277;880",""
"تخم‌مرغ کامل – ۱ عدد | ۳ عدد تخم‌مرغ کامل | ۱ عدد تخم‌مرغ کامل","تخم‌مرغ کامل","5","1200;1202;1369",""
"۳/۴ پیمانه شکر | ۱/۲ پیمانه شکر | ۱/۴ قاشق چایخوری شکر","/ شکر","5","1215;1332;532",""
"لوبیا سبز | ۲۰۰ گرم لوبیا سبز | ۵۰۰ گرم لوبیا سبز","لوبیا سبز","5","453;52;1389",""
"۱ بسته ماکارونی فرمی | ۵۰۰ گرم ماکارونی فرمی | ماکارونی فرمی - 1 بسته","ماکارونی فرمی","5","100;187;55",""
"محلول زعفران، به میزان لازم | مقداری محلول زعفران | محلول زعفران – ۱ قاشق غذاخوری","محلول زعفران","5","1240;317;1247",""
"۱ پیمانه خامه ترش | ۲ قاشق غذاخوری خامه ترش | خامه ترش","خامه ترش","5","1273;1374;1449",""
"قارچ، ورقه‌ای خردشده | قارچ ورقه‌ای خردشده | قارچ – ورقه‌ای خردشده","قارچ ه‌ای خردشده","5","1310;941;1334",""
"۳ قاشق غذاخوری پیاز سرخ شده | 5 قاشق غذاخوری پیاز سرخ شده | ۴ قاشق غذاخوری پیاز سرخ شده","پیاز سرخ شده","5","250;162;320",""
"۳ حبه سیر، رنده یا له‌شده | ۱ حبه سیر، رنده یا له‌شده | ۲ حبه سیر، رنده یا له‌شده","سیر رنده یا له‌شده","5","1074;595;1374",""
"۲۵۰ گرم لوبیا سبز، خرد شده | لوبیا سبز ۷۵۰ گرم، خرد شده | 2 پیمانه لوبیا سبز خرد شده","لوبیا سبز خرد شده","5","891;368;270",""
"کره: ۴۵ گرم | کره: ۱۰۰ گرم | کره: 100 گرم","کره:","5","93;112;110",""
"ماکارونی: ۴۰۰ گرم | ماکارونی: ۵۰۰ گرم | ماکارونی: 400 گرم","ماکارونی:","5","93;95;99",""
"۲۵۰ گرم گوشت گوسفند | 100 گرم گوشت گوسفند | گوشت گوسفند","گوشت گوسفند","5","131;234;300",""
"۱/۴ قاشق چای‌خوری فلفل قرمز | ۱/۸ قاشق چای‌خوری فلفل قرمز | ۱/۲ قاشق چای‌خوری فلفل قرمز","/ قاشق چای‌خوری فلفل قرمز","4","182;663;545",""
"۱ عدد پیاز متوسط، خلالی نازک","پیاز متوسط خلالی نازک","4","783;1099;1029",""
"¼ پیمانه روغن زیتون","¼ روغن زیتون","4","783;1521;656",""
"۱/۲ پیمانه جعفری خردشده | ۱/۴ پیمانه جعفری خردشده","/ جعفری خردشده","4","1037;1058;1417",""
"دو قاشق غذاخوری شکر","دو شکر","4","322;127;221",""
"۱ کیلوگرم گوشت چرخ‌کرده | 0.5 کیلوگرم گوشت چرخ‌کرده","کیلو گوشت چرخ‌کرده","4","1041;996;78",""
"دارچین آسیاب‌شده به مقدار لازم | دارچین آسیاب‌شده | 1 قاشق چایخوری دارچین آسیاب‌شده","دارچین آسیاب‌شده","4","1043;1123;606",""
"۱ عدد لیمو | 1 عدد لیمو","لیمو","4","325;1010;844",""
"قارچ ورقه‌ای خرد شده، ۱۵۰ گرم | ۳۰۰ گرم قارچ ورقه‌ای خرد شده | ۱۵۰ گرم قارچ، ورقه‌ای خرد شده","قارچ ورقه‌ای خرد شده","4","1055;100;1356",""
"۳۵۰ گرم گوشت خورشتی خردشده | ۳۰۰ گرم گوشت خورشتی خردشده | ۵۰۰ گرم گوشت خورشتی، خردشده","گوشت خورشتی خردشده","4","1061;1098;1121",""
"۱ پیمانه گردو خردشده | گردو – خردشده | ۵۰ گرم گردو، خردشده","گردو خردشده","4","758;1454;1321",""
"رشته پلویی - 300 گرم | ۱۵۰ گرم رشته پلویی | رشته پلویی - ۳۰۰ گرم","رشته پلویی","4","333;124;163",""
"یک قاشق چای‌خوری زردچوبه","یک قاشق چای‌خوری زردچوبه","4","336;342;177",""
"پودر اورگانو - ۱ قاشق چایخوری | پودر اورگانو به میزان لازم | پودر اورگانو - ۱ قاشق غذاخوری","پودر اورگانو","4","339;1251;64",""
"½ پیمانه سس گوجه‌فرنگی","½ سس گوجه‌فرنگی","4","756;699;1221",""
"۲۰۰ گرم گوشت چرخ‌کرده گوساله یا گوسفند | گوشت چرخ‌کرده گوساله یا گوسفند","گوشت چرخ‌کرده گوساله یا گوسفند","4","815;1310;1336",""
"لوبیا سبز خردشده | ۳۰۰ گرم لوبیا سبز خردشده | ۱ پیمانه لوبیا سبز خردشده","لوبیا سبز خردشده","4","1087;896;621",""
"بیکینگ پودر","بیکینگ پودر","4","443;468;421",""
"کنجد | ۱ قاشق غذاخوری کنجد | ۲ پیمانه کنجد","کنجد","4","746;1506;1403",""
"۱/۲ قاشق چای‌خوری آویشن خشک | ۱/۳ قاشق چای‌خوری آویشن خشک","/ قاشق چای‌خوری آویشن خشک","4","753;1257;1202",""
"۱/۲ قاشق چای‌خوری پودر سیر | ۱/۴ قاشق چای‌خوری پودر سیر","/ قاشق چای‌خوری پودر سیر","4","87;569;1448",""
"لوبیا قرمز | ۳۰۰ گرم لوبیا قرمز | ۱ پیمانه لوبیا قرمز","لوبیا قرمز","4","352;1393;1075",""
"۱ عدد نان همبرگر | نان همبرگر | ۴ عدد نان همبرگر","نان همبرگر","4","741;1185;744",""
"پودر زنجبیل، به میزان لازم | پودر زنجبیل | پودر زنجبیل – به مقدار لازم","پودر زنجبیل","4","817;998;1259",""
"۵ پیمانه قارچ خرد شده | 100 گرم قارچ، خرد شده | ۲۰۰ گرم قارچ، خرد شده","قارچ خرد شده","4","217;225;268",""
"سینه مرغ بدون پوست و استخوان | ۴ عدد سینه مرغ بدون پوست و استخوان | سینه مرغ بدون پوست و استخوان – ۳۰۰ گرم","سینه مرغ بدون پوست و استخوان","4","819;1534;982",""
"قارچ – ۵۰۰ گرم، تمیز و خردشده | ۱۵۰ گرم قارچ، تمیز و خردشده | قارچ – ۳۰۰ گرم، تمیز و خردشده","قارچ تمیز و خردشده","4","649;1280;1309",""
"آب گوشت – ۵ پیمانه | ۲ لیوان آب گوشت | ۱ پیمانه آب گوشت","آب گوشت","4","649;419;312",""
"روغن مخصوص سرخ‌کردن | ۳۰۰ گرم روغن مخصوص سرخ‌کردن","روغن مخصوص سرخ‌کردن","4","820;1013;1269",""
"۲۰۰ گرم میگو | 250 گرم میگو | میگو","میگو","4","450;168;378",""
"برش‌های لیمو، برای سرو | برش‌های لیمو برای سرو","برش‌های لیمو برای سرو","4","1504;1542;523",""
"۱ عدد پیاز متوسط، خلالی | پیاز – ۲ عدد متوسط، خلالی","پیاز متوسط خلالی","4","1189;996;996",""
"۱ عدد چوب دارچین | چوب دارچین","چوب دارچین","4","1189;1170;864",""
"۲ ساقه کرفس، نگینی خردشده | ۱ ساقه کرفس، نگینی خردشده","ساقه کرفس نگینی خردشده","4","1515;601;583",""
"شوید | شوید به مقدار لازم","شوید","4","468;504;310",""
"گردو | 20 گرم گردو | گردو - 150 گرم","گردو","4","468;434;193",""
"۲۰۰ میلی‌لیتر روغن زیتون | 60 میلی‌لیتر روغن زیتون | ۱۵۰ میلی‌لیتر روغن زیتون","میلی‌ روغن زیتون","4","1524;74;230",""
"سینه مرغ بدون استخوان | ۲ عدد سینه مرغ بدون استخوان | ۴ عدد سینه مرغ بدون استخوان","سینه مرغ بدون استخوان","4","872;842;1318",""
"۲ پیمانه آرد گندم کامل | ۳ قاشق غذاخوری آرد گندم کامل | آرد گندم کامل – ۳ قاشق غذاخوری","آرد گندم کامل","4","1525;568;1307",""
"۱ قاشق غذاخوری گشنیز تازه، ریز خردشده | گشنیز تازه، ریز خردشده | ۲۵۰ گرم گشنیز تازه، ریز خردشده","گشنیز تازه ریز خردشده","4","709;703;1142",""
"۴ عدد تخم‌مرغ، زرده و سفیده جدا | ۳ عدد تخم‌مرغ، زرده و سفیده جدا | تخم‌مرغ – ۴ عدد، زرده و سفیده جدا","تخم‌مرغ زرده و سفیده جدا","4","705;843;1443",""
"نمک، فلفل سیاه و زردچوبه به مقدار لازم | نمک، فلفل سیاه و زردچوبه، به میزان لازم","نمک فلفل سیاه و زردچوبه","4","1167;1127;1380",""
"۱ عدد پیاز کوچک، رنده‌شده و آب‌گرفته","پیاز کوچک رنده‌شده و آب‌گرفته","4","1134;1150;996",""
"هل | ۴ عدد هل | ۴-۵ عدد هل","هل","4","401;171;341",""
"۱ قاشق چای‌خوری دانه خردل","قاشق چای‌خوری دانه خردل","4","1540;1505;1502",""
"۱ عدد مرغ کامل","مرغ کامل","4","898;1010;1343",""
"۱ قاشق چای‌خوری پودر آویشن","قاشق چای‌خوری پودر آویشن","4","1225;1410;1411",""
"۱ عدد پیاز، نازک خلالی‌شده | پیاز نازک خلالی‌شده","پیاز نازک خلالی‌شده","4","694;669;1322",""
"۳ تا ۴ حبه سیر، له‌شده | ۲ تا ۳ حبه سیر، له‌شده | ۱ تا ۲ حبه سیر، له‌شده","تا سیر له‌شده","4","1142;1033;1012",""
"۱ قاشق چای‌خوری زعفران ساییده","قاشق چای‌خوری زعفران ساییده","4","1142;1128;393",""
"۵۰ گرم جعفری، ریز خردشده | ۲۰۰ گرم جعفری، ریز خردشده | جعفری – ریز خردشده، برای تزیین","جعفری ریز خردشده","4","1355;910;1454",""
"۱ قاشق چای‌خوری گشنیز آسیاب‌شده","قاشق چای‌خوری گشنیز آسیاب‌شده","4","959;954;961",""
"۱ عدد سینه مرغ، خردشده | سینه مرغ خردشده | سینه مرغ، خردشده","سینه مرغ خردشده","4","868;863;544",""
"۲ عدد سیب‌زمینی متوسط، پوست‌گرفته و نگینی خردشده | ۴ عدد سیب‌زمینی متوسط، پوست‌گرفته و نگینی خردشده | ۳ عدد سیب‌زمینی متوسط، پوست‌گرفته و نگینی خردشده","سیب‌زمینی متوسط پوست‌گرفته و نگینی خردشده","4","678;785;551",""
"فلفل‌سیاه | فلفل‌سیاه به مقدار لازم | فلفل‌سیاه به میزان لازم","فلفل‌سیاه","4","288;421;117",""
"۲ پیمانه مرغ پخته | ۷۵۰ گرم مرغ پخته | ۷۵ گرم مرغ پخته","مرغ پخته","4","535;317;327",""
"ذرت کنسروی | 115 گرم ذرت کنسروی | ذرت کنسروی - 300 گرم","ذرت کنسروی","4","539;377;81",""
"کرفس | ۳ شاخه کرفس","کرفس","4","539;640;261",""
"۱/۲ پیمانه پودر سوخاری | ۲/۳ پیمانه پودر سوخاری | ۱/۴ پیمانه پودر سوخاری","/ پودر سوخاری","4","1159;658;1027",""
"۴ عدد بادمجان کوچک | ۳ عدد بادمجان کوچک | ۶ عدد بادمجان کوچک","بادمجان کوچک","4","1136;1430;680",""
"۲۵۰ گرم آلو خشک | ۳۰۰ گرم آلو خشک | ۷ آلو خشک","آلو خشک","4","1131;151;1104",""
"½ پیمانه روغن زیتون | ½ قاشق غذاخوری روغن زیتون","½ روغن زیتون","4","925;699;952",""
"¼ قاشق چای‌خوری نمک","¼ قاشق چای‌خوری نمک","4","1163;1233;1314",""
"300 گرم ژامبون مرغ | ۵۰۰ گرم ژامبون مرغ | ۱ ورق ژامبون مرغ","ژامبون مرغ","4","94;710;19",""
"۲ فنجان شیر | ۱ فنجان شیر | 1.5 فنجان شیر","فنجان شیر","4","431;515;538",""
"۲ پیمانه نخود پخته | نخود پخته – ۱ پیمانه | ۳۰۰ گرم نخود پخته","نخود پخته","4","1533;1428;266",""
"رنده پوست لیمو | رنده پوست ۱ عدد لیمو","رنده پوست لیمو","4","943;1521;750",""
"۲ پیمانه آب جوش | آب جوش","آب جوش","4","1183;1334;1335",""
"۱ پیمانه سس سفید | ۲ پیمانه سس سفید | سس سفید – 1 پیمانه","سس سفید","4","1184;1284;732",""
"برنج: 2 پیمانه | برنج: ۷۵۰ گرم | برنج: 1000 گرم","برنج:","4","141;383;402",""
"رب گوجه‌فرنگی: ۲-۳ قاشق غذاخوری | رب گوجه‌فرنگی: ۲ قاشق غذاخوری | رب گوجه‌فرنگی: ۱ قاشق غذاخوری","رب گوجه‌فرنگی:","4","141;383;93",""
"۵۰۰ گرم ژامبون گوشت | 200 گرم ژامبون گوشت","ژامبون گوشت","4","710;189;29",""
"۵۰۰ گرم ماکارونی صدفی | 375 گرم ماکارونی صدفی | ماکارونی صدفی - ۵۰۰ گرم","ماکارونی صدفی","4","103;270;271",""
"1 عدد فلفل دلمه‌ای قرمز، خردشده | ۱ عدد فلفل دلمه‌ای قرمز، خردشده | فلفل دلمه‌ای قرمز خردشده – ۱ عدد","فلفل دلمه‌ای قرمز خردشده","4","978;1342;921",""
"۲ قاشق غذاخوری گشنیز خردشده | ۱ شاخه گشنیز، خردشده | 4 قاشق غذاخوری گشنیز خردشده","گشنیز خردشده","4","996;548;907",""
"1 عدد فلفل دلمه‌ای رنگی | ۱ عدد فلفل دلمه‌ای رنگی","فلفل دلمه‌ای رنگی","4","19;187;300",""
"۷۵۰ میلی‌لیتر آب مرغ | 420 میلی‌لیتر آب مرغ | ۹۰۰ میلی‌لیتر آب مرغ","میلی‌ آب مرغ","4","625;536;595",""
"۱/۴ پیمانه جعفری تازه، خرد شده","/ جعفری تازه خرد شده","4","451;461;474",""
"۱ عدد پیاز، رنده شده | پیاز رنده شده - ۱ عدد | ۵۰ گرم پیاز رنده شده","پیاز رنده شده","4","452;192;540",""
"۴۰۰ گرم گوجه‌فرنگی کنسروی خردشده | ۴۲۵ گرم گوجه‌فرنگی کنسروی خردشده","گوجه‌فرنگی کنسروی خردشده","4","601;1289;1384",""
"۱ قاشق چای‌خوری زعفران دم‌کرده","قاشق چای‌خوری زعفران دم‌کرده","4","971;1074;825",""
"۲ قاشق غذاخوری پیاز سرخ‌شده | ۳ قاشق غذاخوری پیاز سرخ‌شده | پیاز سرخ‌شده","پیاز سرخ‌شده","4","1226;1284;1351",""
"یک بسته لازانیا","یک لازانیا","4","115;243;257",""
"۲ عدد عصاره گوشت | ۴ پیمانه عصاره گوشت | ۵ پیمانه عصاره گوشت","عصاره گوشت","4","896;651;639",""
"۲۵۰ گرم پنیر ریکوتا | ۵۰۰ گرم پنیر ریکوتا | ۱ پیمانه پنیر ریکوتا","پنیر ریکوتا","4","1503;211;1528",""
"نیم پیمانه روغن زیتون","نیم روغن زیتون","4","991;1016;1021",""
"۲ قاشق غذاخوری مغز گردو | مغز گردو - ۵۰ گرم | ۵۰ گرم مغز گردو","مغز گردو","4","176;63;230",""
"دانه فلفل سیاه - ۱ قاشق غذاخوری | ۶ عدد دانه فلفل سیاه | ۴ عدد دانه فلفل سیاه","دانه فلفل سیاه","4","178;620;622",""
"حبه‌های سیر","‌های سیر","4","227;259;853",""
"۱۵۰ گرم برگ اسفناج | ۱ پیمانه برگ اسفناج | ۱۷۵ گرم برگ اسفناج","برگ اسفناج","4","476;1389;185",""
"پنیر پارمزان رنده شده | ۱۰۰ گرم پنیر پارمزان، رنده شده | 2 قاشق غذاخوری پنیر پارمزان رنده شده","پنیر پارمزان رنده شده","4","261;211;251",""
"۱ پیمانه جو | جو","جو","4","1286;561;570",""
"۶ قاشق سوپ‌خوری روغن زیتون | 2 قاشق سوپ‌خوری روغن زیتون | ۲ قاشق سوپ‌خوری روغن زیتون","قاشق سوپ‌خوری روغن زیتون","4","244;225;170",""
"۳/۴ پیمانه پنیر موزارلا رنده‌شده | ۱/۲ پیمانه پنیر موزارلا، رنده‌شده | ۱/۲ پیمانه پنیر موزارلا رنده‌شده","/ پنیر موزارلا رنده‌شده","4","1026;1427;1455",""
"جعفری تازه برای تزئین","جعفری تازه برای تزئین","4","513;282;334",""
"۲ عدد تخم‌مرغ، هم‌زده | ۵ عدد تخم‌مرغ، هم‌زده","تخم‌مرغ هم‌زده","4","1530;1420;833",""
"۱ قاشق غذاخوری زنجبیل تازه، ریز خردشده","زنجبیل تازه ریز خردشده","4","1522;1510;1483",""
"۲ عدد گوجه‌فرنگی، نگینی خردشده | ۱ عدد گوجه‌فرنگی، نگینی خردشده","گوجه‌فرنگی نگینی خردشده","4","929;1336;699",""
"۳۰۰ گرم نخود | ۱ پیمانه نخود | نخود","نخود","4","52;888;1393",""
"روغن مایع گیاهی","روغن مایع گیاهی","4","1329;1433;1320",""
"۵۰۰ گرم کلم بروکلی | کلم بروکلی – ۱ عدد | کلم بروکلی","کلم بروکلی","4","38;1394;222",""
"۸ ورق پنیر گودا | ۱۲۰ گرم پنیر گودا | پنیر گودا – ۲۵۰ گرم","پنیر گودا","4","1380;197;921",""
"350 گرم گوجه فرنگی خرد شده | 2 عدد گوجه فرنگی، خرد شده | 150 گرم گوجه فرنگی، خرد شده","گوجه فرنگی خرد شده","4","284;238;270",""
"۳ عدد خیار | خیار","خیار","4","1389;1394;730",""
"½ قاشق چای‌خوری آویشن خشک","½ قاشق چای‌خوری آویشن خشک","4","579;1423;1221",""
"بادام - ۶۰ گرم | بادام | بادام برای تزیین","بادام","4","395;375;289",""
"کره بدون نمک | ۵۰ گرم کره بدون نمک | ۲ قاشق غذاخوری کره بدون نمک","کره بدون نمک","4","584;248;794",""
"گوجه‌فرنگی ورقه‌شده | گوجه‌فرنگی، ورقه‌شده | گوجه‌فرنگی ورقه‌شده، به میزان لازم","گوجه‌فرنگی ه‌شده","4","935;763;718",""
"۲۵۰ گرم فلفل سبز | ۱۰۰ گرم فلفل سبز | فلفل سبز – ۱ عدد","فلفل سبز","4","992;406;281",""
"۲ قاشق غذاخوری آب زعفران دم‌کرده | آب زعفران دم‌کرده، به مقدار لازم | ۱ قاشق غذاخوری آب زعفران دم‌کرده","آب زعفران دم‌کرده","4","818;988;700",""
"4 ماهی کولی | ماهی کولی","ماهی کولی","4","225;234;58",""
"۱/۲ پیمانه برنج | ۱/۵ پیمانه برنج | ۳/۴ پیمانه برنج","/ برنج","3","1024;1165;681",""
"روغن به مقدار لازم برای تفت دادن | روغن، به مقدار لازم برای تفت دادن","روغن  برای تفت دادن","3","1024;1170;1075",""
"نصف قاشق چای‌خوری زیره","نصف قاشق چای‌خوری زیره","3","314;144;31",""
"½ پیمانه پودر سوخاری","½ پودر سوخاری","3","958;859;1050",""
"۱ عدد لیموترش | لیموترش – ۱ عدد | لیموترش","لیموترش","3","574;1246;606",""
"۲۲۵ گرم سوسیس خردشده | سوسیس خردشده – ۲ پیمانه | ۳۰۰ گرم سوسیس، خردشده","سوسیس خردشده","3","784;916;887",""
"۲ عدد سیب‌زمینی متوسط، آب‌پز و له‌شده | ۴ عدد سیب‌زمینی متوسط، آب‌پز و له‌شده | ۳ عدد سیب‌زمینی متوسط، آب‌پز و له‌شده","سیب‌زمینی متوسط آب‌پز و له‌شده","3","1035;1502;1486",""
"¼ پیمانه جعفری تازه، ساطوری‌شده","¼ جعفری تازه ساطوری‌شده","3","1035;793;748",""
"¼ قاشق چای‌خوری زردچوبه","¼ قاشق چای‌خوری زردچوبه","3","1035;556;1243",""
"۵۰۰ گرم ترخون تازه، ریز خردشده | ۲۵ گرم ترخون تازه، ریز خردشده | ترخون تازه – ۲ قاشق غذاخوری، ریز خردشده","ترخون تازه ریز خردشده","3","1041;1345;1254",""
"۳ پیمانه آبِ گوشت یا مرغ | ۵ پیمانه آبِ گوشت یا مرغ | آبِ گوشت یا مرغ، به مقدار لازم","آبِ گوشت یا مرغ","3","1041;645;579",""
"۲ ساقه پیازچه، خردشده | ۳ ساقه پیازچه، خردشده","ساقه پیازچه خردشده","3","1478;1530;1518",""
"روغن زیتون، به میزان لازم برای سرخ کردن | روغن زیتون، به مقدار لازم برای سرخ کردن | روغن زیتون – به مقدار لازم، برای سرخ کردن","روغن زیتون  برای سرخ کردن","3","789;1368;1429",""
"نمک و ادویه به مقدار لازم | نمک و ادویه دلخواه به مقدار لازم","نمک و ادویه","3","325;831;1184",""
"۲ عدد گوجه فرنگی متوسط، خرد شده | 2 عدد گوجه فرنگی متوسط خرد شده","گوجه فرنگی متوسط خرد شده","3","42;270;102",""
"۱/۴ قاشق چای‌خوری شکر | ۱/۲ قاشق چای‌خوری شکر","/ قاشق چای‌خوری شکر","3","42;946;1285",""
"۳۰۰ گرم اسفناج خرد شده | ۵۰۰ گرم اسفناج خرد شده | اسفناج، خرد شده - ۵۰۰ گرم","اسفناج خرد شده","3","42;103;271",""
"نصف پیمانه پودر سوخاری","نصف پودر سوخاری","3","1051;924;761",""
"۱ پیمانه جوانه لوبیا | 125 گرم جوانه لوبیا","جوانه لوبیا","3","1492;168;338",""
"۱ قاشق چای‌خوری روغن کنجد","قاشق چای‌خوری روغن کنجد","3","1492;1541;1495",""
"۴ زرده تخم مرغ | زرده تخم مرغ - ۱ عدد | زرده تخم مرغ - 3 عدد","زرده تخم مرغ","3","329;157;525",""
"۲ فنجان ماست | 1 فنجان ماست | ۱ فنجان ماست","فنجان ماست","3","329;361;286",""
"۱۰۰ گرم پنیر پیتزای رنده‌شده | پنیر پیتزای رنده‌شده","پنیر پیتزای رنده‌شده","3","774;901;926",""
"۲ تا ۳ قاشق غذاخوری آب‌لیمو | ۳ تا ۴ قاشق غذاخوری آب‌لیمو","تا آب‌لیمو","3","1053;1074;1068",""
"آب، حدود ۳ لیوان | آب – حدود ۳ لیتر | آب – حدود ۶ پیمانه","آب حدود","3","1055;1047;1036",""
"۲ فنجان برنج باسماتی | ۱ فنجان برنج باسماتی | ۴ فنجان برنج باسماتی","فنجان برنج باسماتی","3","315;444;286",""
"1 قاشق چای‌خوری ریحان خشک | ۱ قاشق چای‌خوری ریحان خشک","قاشق چای‌خوری ریحان خشک","3","191;211;1294",""
"نمک، فلفل و ادویه دلخواه به مقدار لازم | نمک، فلفل و ادویه - به میزان لازم | نمک، فلفل و ادویه به مقدار لازم","نمک فلفل و ادویه","3","1061;192;1239",""
"ژامبون","ژامبون","3","806;1210;247",""
"چند رشته زعفران","چند رشته زعفران","3","1070;369;1034",""
"۳/۴ پیمانه آرد سفید | ۱/۴ پیمانه آرد سفید","/ آرد سفید","3","928;1282;1424",""
"۱ قاشق چای‌خوری جعفری خشک","قاشق چای‌خوری جعفری خشک","3","928;62;702",""
"پنیر چدار رنده شده - ۱۵۰ گرم | 50 گرم پنیر چدار، رنده شده | 150 گرم پنیر چدار رنده شده","پنیر چدار رنده شده","3","339;79;169",""
"۲ عدد نان لواش | نان لواش به مقدار لازم | نان لواش","نان لواش","3","756;426;497",""
"۳ پیمانه برنج ایرانی | برنج ایرانی | برنج ایرانی - ۳ پیمانه","برنج ایرانی","3","344;1433;174",""
"سس تند - به میزان لازم | ۱ قاشق غذاخوری سس تند","سس تند","3","520;848;484",""
"لوبیا قرمز پخته | ۱ پیمانه لوبیا قرمز پخته","لوبیا قرمز پخته","3","1087;711;907",""
"گوجه‌فرنگی پوست‌گرفته و خردشده | ۲ عدد گوجه‌فرنگی، پوست‌گرفته و خردشده","گوجه‌فرنگی پوست‌گرفته و خردشده","3","1087;1480;1278",""
"۱/۴ پیمانه سس مایونز | ۱/۲ پیمانه سس مایونز","/ سس مایونز","3","753;1305;714",""
"۲ پیمانه آرد ماسا هارینا","آرد ماسا هارینا","3","1494;1482;1526",""
"ران مرغ | ران مرغ – ۱ عدد","ران مرغ","3","820;1279;1229",""
"گشنیز آسیاب‌شده","گشنیز آسیاب‌شده","3","820;829;606",""
"نعناع تازه | نعناع تازه به مقدار لازم","نعناع تازه","3","820;1020;1394",""
"نیم قاشق چای‌خوری زردچوبه","نیم قاشق چای‌خوری زردچوبه","3","360;1102;57",""
"۱ قاشق غذاخوری زعفران ساییده | 1 قاشق چایخوری زعفران ساییده | زعفران ساییده","زعفران ساییده","3","1105;429;708",""
"زیتون خردشده | ۲ قاشق غذاخوری زیتون، خردشده","زیتون خردشده","3","918;906;1285",""
"۱۰ عدد تورتیلای ذرت | ۴ عدد تورتیلای ذرت","تورتیلای ذرت","3","1498;1520;1513",""
"۴۰۰ گرم گوشت گوسفند یا گوساله، خردشده | ۵۰۰ گرم گوشت گوسفند یا گوساله، خردشده | گوشت گوسفند یا گوساله خردشده","گوشت گوسفند یا گوساله خردشده","3","1107;1074;555",""
"۵۰۰ گرم گوشت مرغ | ۱۵۰۰ گرم گوشت مرغ | ۳۰ گرم گوشت مرغ","گوشت مرغ","3","832;404;611",""
"۲ قاشق غذاخوری آرد سیب‌زمینی | ۱ پیمانه آرد سیب‌زمینی | ۱ قاشق غذاخوری آرد سیب‌زمینی","آرد سیب‌زمینی","3","832;1186;462",""
"جعفری تازه، خرد شده برای تزئین | جعفری تازه، خرد شده، برای تزئین","جعفری تازه خرد شده برای تزئین","3","332;523;267",""
"۱۵۰ گرم پنیر رنده شده | ۵۰ گرم پنیر رنده شده | پنیر رنده شده","پنیر رنده شده","3","416;113;280",""
"۲۷۵ گرم یا ۱.۵ پیمانه برنج","گرم یا . برنج","3","362;185;355",""
"۱ عدد فلفل دلمه‌ای سبز، خلالی | ۲ عدد فلفل دلمه‌ای سبز، خلالی","فلفل دلمه‌ای سبز خلالی","3","1108;933;894",""
"1 کیلو برنج باسماتی | ۱ کیلوگرم برنج باسماتی","کیلو برنج باسماتی","3","369;371;381",""
"600 گرم ماکارونی سبز | ۶۰۰ گرم ماکارونی سبز","ماکارونی سبز","3","69;236;276",""
"لیموعمانی خشک، سوراخ‌شده | ۴ عدد لیموعمانی خشک، سوراخ‌شده","لیموعمانی خشک سوراخ‌شده","3","1110;1113;1123",""
"نمک – ½ قاشق چای‌خوری","نمک ½ قاشق چای‌خوری","3","934;1301;1429",""
"۴ تا ۵ عدد میخک","تا میخک","3","1189;1132;1483",""
"۱ قاشق چای‌خوری نمک (یا به میزان لازم)","قاشق چای‌خوری نمک (یا )","3","1113;895;1101",""
"برش‌های لیمو، برای تزیین | برش‌های لیمو","برش‌های لیمو","3","729;724;712",""
"۲ قاشق غذاخوری بادام هندی | ۱۰۰ گرم بادام هندی | ۵۰ گرم بادام هندی","بادام هندی","3","1509;887;822",""
"برش‌های گوجه‌فرنگی","برش‌های گوجه‌فرنگی","3","724;1185;757",""
"تخم‌مرغ آب‌پز | ۲ عدد تخم‌مرغ آب‌پز، برای تزیین","تخم‌مرغ آب‌پز","3","724;571;728",""
"۱ قاشق غذاخوری روغن پخت‌وپز | ۳۰ گرم روغن پخت‌وپز | روغن پخت‌وپز، به میزان لازم","روغن پخت‌وپز","3","1514;899;1088",""
"۷۵۰ میلی‌لیتر آبِ سبزیجات | ۱۵۰ میلی‌لیتر آبِ سبزیجات | ۵۰۰ میلی‌لیتر آبِ سبزیجات","میلی‌ آبِ سبزیجات","3","1515;692;637",""
"۱ پیمانه لپه، شسته‌شده | لپه – ۱ پیمانه، شسته‌شده","لپه شسته‌شده","3","1114;1141;1140",""
"تخم‌مرغ آب‌پز سفت | ۱ عدد تخم‌مرغ آب‌پز سفت","تخم‌مرغ آب‌پز سفت","3","723;1397;762",""
"۱ عدد کدو سبز، حلقه‌ای | ۲ عدد کدو سبز، حلقه‌ای | ۱۵۰ گرم کدو سبز، حلقه‌ای","کدو سبز حلقه‌ای","3","861;979;1322",""
"گشنیز تازه خردشده (برای تزیین)","گشنیز تازه خردشده ()","3","1520;1473;1500",""
"۱ قاشق چای‌خوری آویشن | 1 قاشق چای‌خوری آویشن","قاشق چای‌خوری آویشن","3","1174;198;26",""
"پیاز، درشت خردشده | ۱ عدد پیاز، درشت خردشده","پیاز درشت خردشده","3","873;898;692",""
"آلو بخارا | ۱۰۰ گرم آلو بخارا | 300 گرم آلو بخارا","آلو بخارا","3","873;1099;321",""
"۱ عدد پیاز، نازک خلالی","پیاز نازک خلالی","3","1170;770;894",""
"۱ قاشق چای‌خوری فلفل قرمز | 1 قاشق چای‌خوری فلفل قرمز","قاشق چای‌خوری فلفل قرمز","3","709;196;1298",""
"۱ پیمانه نخودفرنگی پخته","نخودفرنگی پخته","3","711;701;680",""
"۲ پیمانه آبِ گوشت یا آبِ سبزیجات | ۵ پیمانه آبِ گوشت یا آبِ سبزیجات | ۶ پیمانه آبِ گوشت یا آبِ سبزیجات","آبِ گوشت یا آبِ سبزیجات","3","879;641;607",""
"۱/۳ پیمانه پیازچه خردشده | ۱/۲ پیمانه پیازچه خردشده","/ پیازچه خردشده","3","705;1402;909",""
"نصف پیمانه روغن | نصف لیوان روغن","نصف روغن","3","1167;176;118",""
"۳۰۰ گرم سوسیس، حلقه‌ای خردشده | ۱۲۰ گرم سوسیس، حلقه‌ای خردشده | ۲ عدد سوسیس، حلقه‌ای خردشده","سوسیس حلقه‌ای خردشده","3","884;933;778",""
"۵ گرم بکینگ‌پودر | بکینگ‌پودر | ۱ قاشق چایخوری بکینگ‌پودر","بکینگ‌پودر","3","1532;1320;498",""
"۳۰۰ گرم سیب‌زمینی، پوست‌کنده و نگینی | ۶ عدد سیب‌زمینی، پوست‌کنده و نگینی | ۲۰۰ گرم سیب‌زمینی، پوست‌کنده و نگینی","سیب‌زمینی پوست‌کنده و نگینی","3","889;615;652",""
"۲۰۰ گرم فلفل دلمه‌ای رنگی، خردشده | 1 پیمانه فلفل دلمه‌ای رنگی خردشده | فلفل دلمه‌ای رنگی خردشده","فلفل دلمه‌ای رنگی خردشده","3","889;128;297",""
"۱ قاشق چای‌خوری زیره سبز آسیاب‌شده","قاشق چای‌خوری زیره سبز آسیاب‌شده","3","1534;1299;603",""
"۲۰۰ گرم ژامبون، ریز خردشده | ژامبون – ۵۰ گرم، ریز خردشده","ژامبون ریز خردشده","3","892;1238;1257",""
"۱ پیمانه شیر ولرم","شیر ولرم","3","1225;925;1461",""
"پونه کوهی خشک | ۱ قاشق غذاخوری پونه کوهی خشک","پونه کوهی خشک","3","903;1491;945",""
"۵۰ گرم گشنیز، ریز خردشده | ۲۰۰ گرم گشنیز، ریز خردشده | ۱ پیمانه گشنیز، ریز خردشده","گشنیز ریز خردشده","3","1355;910;749",""
"۶ قاشق چای‌خوری کره | ۲ قاشق چای‌خوری کره","قاشق چای‌خوری کره","3","337;1186;167",""
"۳ قاشق غذاخوری موسیر خرد شده | 2 عدد موسیر خرد شده | ۲ عدد موسیر خرد شده","موسیر خرد شده","3","533;51;219",""
"۲ فنجان آب مرغ | 2 فنجان آب مرغ | ۱ فنجان آب مرغ","فنجان آب مرغ","3","533;49;532",""
"۲ پیمانه عدس قرمز، شسته‌شده | عدس قرمز – ۱ پیمانه، شسته‌شده | ۲۲۵ گرم عدس قرمز، شسته‌شده","عدس قرمز شسته‌شده","3","678;575;578",""
"۱ عدد پیاز متوسط، نازک خلالی‌شده","پیاز متوسط نازک خلالی‌شده","3","904;1395;1400",""
"گوشت چرخ کرده: 250 گرم | گوشت چرخ کرده: ۴۵۴ گرم","گوشت چرخ کرده:","3","417;141;88",""
"۵۰۰ گرم گوشت چرخ‌کرده گوسفند یا گوساله","گوشت چرخ‌کرده گوسفند یا گوساله","3","1033;976;1018",""
"پودر زیره به مقدار لازم | پودر زیره","پودر زیره","3","1033;348;998",""
"۳ عدد هویج متوسط، حلقه‌ای خردشده | ۲ عدد هویج متوسط، حلقه‌ای خردشده | ۱ هویج متوسط، حلقه‌ای خردشده","هویج متوسط حلقه‌ای خردشده","3","858;1127;610",""
"۲ پیمانه لوبیا سفید | ۱ پیمانه لوبیا سفید | لوبیا سفید – ۲۰۰ گرم","لوبیا سفید","3","535;888;588",""
"خامه سنگین","خامه سنگین","3","539;274;524",""
"4 عدد تخم مرغ بزرگ | ۴ تخم مرغ بزرگ | 3 تخم مرغ بزرگ","تخم مرغ بزرگ","3","436;496;107",""
"۱ پیمانه سینه مرغ پخته و ریش‌ریش‌شده | ۵۰۰ گرم سینه مرغ پخته و ریش‌ریش‌شده | ۴ عدد سینه مرغ پخته و ریش‌ریش‌شده","سینه مرغ پخته و ریش‌ریش‌شده","3","914;833;1477",""
"۲ عدد بادمجان بزرگ | ۱ عدد بادمجان بزرگ","بادمجان بزرگ","3","1205;1276;1074",""
"گوجه‌فرنگی ورقه‌شده – ۲ عدد | ۱ عدد گوجه‌فرنگی، ورقه‌شده برای تزیین | ۱۵۰ گرم گوجه‌فرنگی ورقه‌شده","گوجه‌فرنگی ورقه‌شده","3","916;882;735",""
"۱ عدد فلفل دلمه‌ای قرمز، ریز خردشده","فلفل دلمه‌ای قرمز ریز خردشده","3","1159;1255;1318",""
"۱/۲ قاشق چای‌خوری زیره | ۱/۴ قاشق چای‌خوری زیره","/ قاشق چای‌خوری زیره","3","1159;403;186",""
"۴ عدد گوجه‌فرنگی متوسط، پوره‌شده | ۱ عدد گوجه‌فرنگی متوسط، پوره‌شده | گوجه‌فرنگی متوسط – ۱ عدد، پوره‌شده","گوجه‌فرنگی متوسط پوره‌شده","3","663;548;1381",""
"۲۰۰ گرم گوشت خورشتی (گوسفند یا گوساله)، خردشده | گوشت خورشتی (گوسفند یا گوساله)، خردشده | ۳۵۰ گرم گوشت خورشتی (گوسفند یا گوساله)، خردشده","گوشت خورشتی (گوسفند یا گوساله) خردشده","3","1130;1122;1099",""
"۲۵۰ گرم آلبالوی بدون هسته | ۲ پیمانه آلبالوی بدون هسته | ۲۰۰ گرم آلبالوی بدون هسته","آلبالوی بدون هسته","3","1130;1328;161",""
"۲ قاشق غذاخوری پودر دارچین | پودر دارچین، برای تزیین | پودر دارچین","پودر دارچین","3","120;1332;293",""
"4 قاشق غذاخوری سویا سس | ۲ قاشق غذاخوری سویا سس | ۴ قاشق غذاخوری سویا سس","سویا سس","3","390;532;540",""
"پودر گشنیز | ۱ قاشق غذاخوری پودر گشنیز","پودر گشنیز","3","348;998;824",""
"زعفران، حل شده در آب گرم | کمی زعفران، حل شده در آب گرم | ۳ قاشق غذاخوری زعفران حل شده در آب","زعفران حل شده در آب","3","348;377;121",""
"گشنیز تازه، خرد شده | 1 قاشق غذاخوری گشنیز تازه، خرد شده","گشنیز تازه خرد شده","3","348;168;338",""
"250 گرم نخود پخته شده | نخود پخته شده ۱ پیمانه | نخود پخته شده - 250 گرم","نخود پخته شده","3","122;334;291",""
"روغن زیتون یا روغن هسته انگور، به میزان لازم | روغن زیتون یا روغن هسته انگور، به مقدار لازم | روغن زیتون یا روغن هسته انگور – به مقدار لازم","روغن زیتون یا روغن هسته انگور","3","1166;1273;1187",""
"۱ پیمانه جوانه ماش | ۲۰۰ گرم جوانه ماش | جوانه ماش – ۱ پیمانه","جوانه ماش","3","432;836;1259",""
"۳ فنجان پنیر چدار | ۲ فنجان پنیر چدار | 2 فنجان پنیر چدار","فنجان پنیر چدار","3","431;200;33",""
"۲ عدد تره‌فرنگی، خردشده | مقداری تره‌فرنگی خردشده","تره‌فرنگی خردشده","3","852;577;559",""
"مقداری ریحان تازه، ریز خردشده | ریحان تازه، ریز خردشده | ریحان تازه، ریز خردشده – ۱۵۰ گرم","ریحان تازه ریز خردشده","3","1280;1315;1025",""
"یک قاشق چایخوری زردچوبه","یک زردچوبه","3","433;470;18",""
"۱۰۰ گرم پنیر گرویر، رنده‌شده | ۱ پیمانه پنیر گرویر رنده‌شده | ۱۵۰ گرم پنیر گرویر رنده‌شده","پنیر گرویر رنده‌شده","3","654;1333;735",""
"۲ عدد تره‌فرنگی، حلقه‌ای خردشده | ۳ عدد تره‌فرنگی، حلقه‌ای خردشده | ۱ عدد تره‌فرنگی، حلقه‌ای خردشده","تره‌فرنگی حلقه‌ای خردشده","3","1183;595;622",""
"۳۰۰ گرم گوشت چرخ‌کرده کم‌چرب | ۶۰۰ گرم گوشت چرخ‌کرده کم‌چرب | ۵۰۰ گرم گوشت چرخ‌کرده کم‌چرب","گوشت چرخ‌کرده کم‌چرب","3","1185;1277;1283",""
"آب – ۵۰۰ میلی‌لیتر | آب – ۲۵۰ میلی‌لیتر","آب میلی‌","3","1115;1067;1103",""
"۱ قاشق چای‌خوری دارچین آسیاب‌شده","قاشق چای‌خوری دارچین آسیاب‌شده","3","954;893;1060",""
"سماق، برای سرو | سماق برای سرو","سماق برای سرو","3","953;1005;970",""
"۲ حبه سیر کوبیده | سیر; کوبیده | ۱۰ حبه سیر، کوبیده","سیر کوبیده","3","103;242;151",""
"۱ قوطی تن ماهی | ۲ قوطی تن ماهی | 2 قوطی تن ماهی","قوطی تن ماهی","3","103;488;36",""
"۲۰۰ گرم کالباس خرد شده | کالباس، خرد شده - ۲۰۰ گرم | 130 گرم کالباس، خرد شده","کالباس خرد شده","3","103;271;97",""
"مرغ پخته شده - ۷۵ گرم | مرغ پخته شده | 750 گرم مرغ پخته شده","مرغ پخته شده","3","157;320;147",""
"۴ عدد گوجه‌فرنگی رسیده | 6 عدد گوجه‌فرنگی رسیده | گوجه‌فرنگی رسیده","گوجه‌فرنگی رسیده","3","987;51;596",""
"دو قاشق غذاخوری جعفری خرد شده","دو جعفری خرد شده","3","189;516;21",""
"برگ مو | ۴۰ عدد برگ مو","برگ مو","3","445;491;503",""
"شکر (اختیاری) | 100 گرم شکر (اختیاری)","شکر (اختیاری)","3","445;391;148",""
"۱ قاشق چای‌خوری عسل | ۲ قاشق چای‌خوری عسل","قاشق چای‌خوری عسل","3","996;1382;612",""
"پنیر پارمسان","پنیر پارمسان","3","241;208;237",""
"لیموعمانی – ۵ عدد | لیموعمانی – ۱ عدد | ۶ عدد لیموعمانی","لیموعمانی","3","1054;1270;1001",""
"پنیر | ۲۰۰ گرم پنیر | ۱۰۰ گرم پنیر","پنیر","3","447;50;263",""
"۱ عدد سیب‌زمینی متوسط، رنده‌شده | ۲ عدد سیب‌زمینی متوسط، رنده‌شده | سیب‌زمینی – ۱ عدد متوسط، رنده‌شده","سیب‌زمینی متوسط رنده‌شده","3","1049;1444;588",""
"۱ عدد پیاز بزرگ، رنده‌شده و آب‌گرفته","پیاز بزرگ رنده‌شده و آب‌گرفته","3","1044;976;997",""
"۱ لیتر آب مرغ یا آب سبزیجات | آب مرغ یا آب سبزیجات، ۴ پیمانه | ۱ پیمانه آب مرغ یا آب سبزیجات","آب مرغ یا آب سبزیجات","3","601;564;1526",""
"پنیر پارمزان رنده‌شده، برای سرو | پنیر پارمزان رنده‌شده; برای سرو","پنیر پارمزان رنده‌شده برای سرو","3","601;1503;196",""
"۱/۸ قاشق چای‌خوری فلفل | ۱/۲ قاشق چای‌خوری فلفل","/ قاشق چای‌خوری فلفل","3","90;199;269",""
"۱/۲ قاشق غذاخوری نمک | ۱/۲ قاشق چایخوری نمک","/ نمک","3","591;538;171",""
"۳ قاشق غذاخوری پیاز کاراملی شده | 400 گرم پیاز کاراملی شده","پیاز کاراملی شده","3","109;225;234",""
"شکر – ۱ قاشق چای‌خوری","شکر قاشق چای‌خوری","3","1238;912;1381",""
"نمک – ۱ قاشق چای‌خوری","نمک قاشق چای‌خوری","3","1238;912;823",""
"نصف قاشق چای‌خوری نمک","نصف قاشق چای‌خوری نمک","3","1311;1420;1291",""
"تخم‌مرغ: ۱ عدد | تخم‌مرغ: 5 عدد | تخم‌مرغ: 2 عدد","تخم‌مرغ:","3","1263;469;101",""
"خلال دندان به مقدار لازم | ۱۰ عدد خلال دندان | خلال دندان – ۲ عدد","خلال دندان","3","1264;1253;1177",""
"پونه خشک – به مقدار لازم | پونه خشک | ۱ قاشق غذاخوری پونه خشک","پونه خشک","3","1270;1269;1473",""
"چند شاخه جعفری تازه","چند جعفری تازه","3","991;1021;1017",""
"نمک و ادویه‌جات | نمک و ادویه‌جات دلخواه، به میزان لازم | نمک و ادویه‌جات دلخواه به میزان لازم","نمک و ادویه‌جات","3","176;1369;1022",""
"500 گرم فتوچینی | 200 گرم فتوچینی | فتوچینی - 500 گرم","فتوچینی","3","207;210;40",""
"گوجه‌فرنگی تازه | گوجه‌فرنگی تازه – ۵ عدد | ۳۵۰ گرم گوجه‌فرنگی تازه","گوجه‌فرنگی تازه","3","227;1426;60",""
"کالباس | ۱۰۰ گرم کالباس | ۲۰۰ گرم کالباس","کالباس","3","227;223;277",""
"۵۰۰ گرم گوشت چرخ‌کرده بره | گوشت چرخ‌کرده بره - ۳۵۰ گرم","گوشت چرخ‌کرده بره","3","1039;957;160",""
"برگ‌های ریحان تازه","برگ‌های ریحان تازه","3","259;913;1464",""
"برگ‌های ریحان تازه برای تزئین","برگ‌های ریحان تازه برای تزئین","3","216;211;460",""
"۱ عدد استخوان گوشت | استخوان گوشت","استخوان گوشت","3","1286;604;631",""
"2 پیمانه پنیر چدار | ۱۵۰ گرم پنیر چدار | ۲ ورق پنیر چدار","پنیر چدار","3","204;484;744",""
"۲۵۰ گرم پنیر موزارلا، رنده شده | 1 قاشق غذاخوری پنیر موزارلا رنده شده | پنیر موزارلا ۳۰۰ گرم رنده شده","پنیر موزارلا رنده شده","3","211;234;262",""
"نمک و فلفل به میزان دلخواه","نمک و فلفل به میزان","3","460;41;257",""
"دو حبه سیر خرد شده | دو حبه سیر، خرد شده","دو سیر خرد شده","3","221;53;264",""
"نعناع تازه، خرد شده | نعناع تازه خرد شده - 500 گرم | 500 گرم نعناع تازه، خرد شده","نعناع تازه خرد شده","3","224;81;249",""
"پنیر پارمزان رنده شده (اختیاری)","پنیر پارمزان رنده شده (اختیاری)","3","224;71;203",""
"سرکه سفید | ۱ قاشق غذاخوری سرکه سفید","سرکه سفید","3","240;187;1396",""
"۴ حبه سیر، رنده یا ریز خردشده | ۲ حبه سیر، رنده یا ریز خردشده","سیر رنده یا ریز خردشده","3","1476;1267;1260",""
"یک عدد پیاز ریز خرد شده | یک عدد پیاز، ریز خرد شده","یک پیاز ریز خرد شده","3","508;18;57",""
"۱ عدد پیاز، نگینی خردشده | پیاز، نگینی خردشده","پیاز نگینی خردشده","3","1300;563;603",""
"سویا | سویا – ۲۰۰ گرم | سویا - ۱ پیمانه","سویا","3","435;1047;174",""
"کره گیاهی 150 گرم | ۳۰ گرم کره گیاهی | کره گیاهی","کره گیاهی","3","514;1410;1433",""
"یک پنس نمک","یک پنس نمک","3","760;1343;794",""
"۱ قاشق چای‌خوری زنجبیل تازه، ریز خردشده","قاشق چای‌خوری زنجبیل تازه ریز خردشده","3","1527;1490;1481",""
"آبِ سبزیجات | ۵ پیمانه آبِ سبزیجات | ۴ پیمانه آبِ سبزیجات","آبِ سبزیجات","3","554;568;617",""
"۱ قاشق غذاخوری خمیرمایه خشک فعال | خمیرمایه خشک فعال – ۲ قاشق غذاخوری | ۷ گرم خمیرمایه خشک فعال","خمیرمایه خشک فعال","3","917;1421;739",""
"روغن زیتون به مقدار لازم برای تفت دادن | روغن زیتون – به میزان لازم برای تفت دادن","روغن زیتون  برای تفت دادن","3","917;1454;1367",""
"۲ عدد هویج متوسط، رنده‌شده | ۱ عدد هویج متوسط، رنده‌شده","هویج متوسط رنده‌شده","3","549;751;1444",""
"۴ عدد سیب زمینی متوسط | سیب زمینی - ۱ عدد متوسط | ۱ عدد سیب زمینی متوسط","سیب زمینی متوسط","3","312;164;48",""
"نمک، فلفل و زعفران به میزان لازم","نمک فلفل و زعفران","3","312;249;350",""
"1 هویج، خرد شده | ۵۰ گرم هویج خرد شده | ۱ عدد هویج خرد شده","هویج خرد شده","3","523;540;201",""
"۲ عدد فلفل سبز، از طول شکاف‌داده","فلفل سبز از طول شکاف‌داده","3","1505;1493;1537",""
"۱۵۰ گرم لوبیا سبز، پاک‌شده | ۱ پیمانه لوبیا سبز، پاک‌شده","لوبیا سبز پاک‌شده","3","1267;1459;850",""
"۱ پیمانه لوبیا چشم‌بلبلی پخته | ۳۰۰ گرم لوبیا چشم‌بلبلی پخته | ۲ پیمانه لوبیا چشم‌بلبلی پخته","لوبیا چشم‌بلبلی پخته","3","545;1449;132",""
"گلاب","گلاب","3","318;1123;864",""
"۳۵۰ گرم آب گوجه‌فرنگی | ۱ لیوان آب گوجه‌فرنگی | ۲ پیمانه آب گوجه‌فرنگی","آب گوجه‌فرنگی","3","1342;1378;651",""
"۲ قاشق غذاخوری سرکه برنج | ۱ قاشق غذاخوری سرکه برنج","سرکه برنج","3","1475;1518;1481",""
"3 عدد فلفل تند | ۲ عدد فلفل تند | فلفل تند ۱ عدد","فلفل تند","3","29;540;245",""
"5-6 عدد قارچ | 5–6 عدد قارچ","6 قارچ","3","44;47;215",""
"نصف پیمانه پنیر پارمزان رنده‌شده","نصف پنیر پارمزان رنده‌شده","3","1470;1382;833",""
"۱ عدد فلفل سبز تند، ریز خردشده | فلفل سبز تند – ۲ عدد، ریز خردشده","فلفل سبز تند ریز خردشده","3","543;1383;630",""
"۱ عدد فلفل دلمه‌ای، نگینی خردشده","فلفل دلمه‌ای نگینی خردشده","3","543;1412;1481",""
"۵۰۰ گرم فیله سینه مرغ بدون استخوان | ۶ عدد فیله سینه مرغ بدون استخوان | 1 فیله سینه مرغ بدون استخوان","فیله سینه مرغ بدون استخوان","3","843;845;338",""
"۵۰۰ میلی‌لیتر شیر هموژنیزه | ۱۵۰ میلی‌لیتر شیر هموژنیزه | ۶۰۰ میلی‌لیتر شیر هموژنیزه","میلی‌ شیر هموژنیزه","3","1352;1338;1321",""
"شوید تازه خردشده | ۱ قاشق غذاخوری شوید تازه خردشده | ۲ قاشق غذاخوری شوید تازه، خردشده","شوید تازه خردشده","3","547;1386;690",""
"500 گرم پوره گوجه فرنگی | 2 پیمانه پوره گوجه فرنگی","پوره گوجه فرنگی","3","27;195;26",""
"نمک، به میزان دلخواه | نمک به میزان دلخواه","نمک به میزان","3","27;409;349",""
"پنیر ورقه‌ای، به مقدار لازم | پنیر ورقه‌ای","پنیر ه‌ای","3","906;736;24",""
"۴ پیمانه شیر پرچرب | شیر پرچرب – ۶ پیمانه | ۱ پیمانه شیر پرچرب","شیر پرچرب","3","1332;1309;1468",""
"نمک و فلفل: به میزان لازم","نمک و فلفل:","3","383;95;279",""
"۳ قاشق غذاخوری روغن زیتون یا روغن مایع | روغن زیتون یا روغن مایع","روغن زیتون یا روغن مایع","3","951;76;1144",""
"ادویه به مقدار لازم | ادویه | ادویه دلخواه - به مقدار لازم","ادویه","3","504;24;165",""
"خامه (اختیاری) | خامه (اختیاری)، به مقدار لازم | ۲ قاشق غذاخوری خامه (اختیاری)","خامه (اختیاری)","3","596;644;1489",""
"۱ قاشق چای‌خوری سس خردل | ۲ قاشق چای‌خوری سس خردل","قاشق چای‌خوری سس خردل","3","55;674;1038",""
"آب گوشت یا آب مرغ | آب گوشت یا آب مرغ – ۲ لیتر | ۱ پیمانه آب گوشت یا آب مرغ","آب گوشت یا آب مرغ","3","555;575;1467",""
"۱۵۰ گرم پنیر پیتزا رنده شده | پنیر پیتزا رنده شده | 50 گرم پنیر پیتزا، رنده شده","پنیر پیتزا رنده شده","3","38;24;97",""
"سیب‌زمینی رنده‌شده | ۳۰ گرم سیب‌زمینی، رنده‌شده","سیب‌زمینی رنده‌شده","3","567;570;611",""
"250 گرم ماکارونی پیچی | 500 گرم ماکارونی پیچی","ماکارونی پیچی","3","73;270;102",""
"۲ برش نان سفید","برش نان سفید","3","967;1340;762",""
"سیر خرد شده: ۸ حبه | سیر خرد شده: ۲ حبه","سیر خرد شده:","3","88;99;98",""
"رب گوجه فرنگی: ۱۳۵ گرم | رب گوجه فرنگی: ۱ قاشق غذاخوری | رب گوجه فرنگی: ۲ قاشق غذاخوری","رب گوجه فرنگی:","3","88;166;279",""
"۴۰۰ گرم لوبیا سبز، پخته | ۲۰۰ گرم لوبیا سبز پخته","لوبیا سبز پخته","3","887;320;150",""
"۳/۴ فنجان شیر | ۱/۴ فنجان شیر | ۱/۲ فنجان شیر","/ فنجان شیر","3","448;200;268",""
"۳ برش کالباس | ۴ برش کالباس | ۲ برش کالباس","برش کالباس","3","448;197;813",""
"۱ عدد هویج، رنده شده | ۴ قاشق غذاخوری هویج رنده شده | ۱ پیمانه هویج رنده شده","هویج رنده شده","3","474;203;496",""
"۲۵۰ گرم برگ نعناع تازه | برگ نعناع تازه، برای تزیین | برگ نعناع تازه برای تزیین","برگ نعناع تازه","3","590;660;794",""
"۲ عدد پیاز سرخ‌کرده | 1 پیاز سرخ‌کرده | ۳ قاشق غذاخوری پیاز سرخ‌کرده","پیاز سرخ‌کرده","3","116;301;231",""
"۱ پیمانه کشک | کشک به میزان لازم | کشک – ۱۵۰ گرم","کشک","3","1402;151;1456",""
"سه پیمانه برنج","سه برنج","3","135;292;308",""
"۱ پیمانه کاهوی خردشده | ۲ پیمانه کاهوی خردشده | مقداری کاهوی خردشده","کاهوی خردشده","3","701;738;762",""
"فلفل دلمه‌ای، نواری خردشده | ۲ عدد فلفل دلمه‌ای، نواری خردشده | ۱ عدد فلفل دلمه‌ای، نواری خردشده","فلفل دلمه‌ای نواری خردشده","3","883;850;779",""
"۲ عدد میخک | ۲-۳ عدد میخک | ۳ عدد میخک","میخک","3","171;341;388",""
"۳ عدد سیب‌زمینی بزرگ | ۲ عدد سیب‌زمینی بزرگ | ۴ عدد سیب‌زمینی بزرگ","سیب‌زمینی بزرگ","3","1396;770;930",""
"۱.۵ پیمانه شیر",". شیر","3","692;795;264",""
"۱ قاشق چای‌خوری عصاره وانیل | ۲ قاشق چای‌خوری عصاره وانیل","قاشق چای‌خوری عصاره وانیل","3","1327;794;795",""
"1 سینه مرغ، خرد شده | ۳ پیمانه سینه مرغ خرد شده | ۲۰۰ گرم سینه مرغ، خرد شده","سینه مرغ خرد شده","3","168;201;286",""
"نمک – ۱/۲ قاشق چای‌خوری","نمک / قاشق چای‌خوری","3","1313;1242;921",""
"۲۰۰ گرم گوجه‌گیلاسی، از وسط نصف‌شده | ۱۰۰ گرم گوجه‌گیلاسی، از وسط نصف‌شده | گوجه‌گیلاسی، از وسط نصف‌شده","گوجه‌گیلاسی از وسط نصف‌شده","3","675;674;1446",""
"1 عدد لیمو ترش | ۱ عدد لیمو ترش","لیمو ترش","3","492;1260;39",""
"ادویه‌جات به میزان لازم | ادویه‌جات - به میزان لازم | ادویه‌جات","ادویه‌جات","3","132;160;384",""
"کالباس: 500 گرم | کالباس: ۵۰۰ گرم | کالباس: ۲۰۰ گرم","کالباس:","3","110;279;108",""
"خامه: 100 گرم | خامه: ۱۰۰ گرم | خامه: ۱۵۰ گرم","خامه:","3","110;279;108",""
"400 گرم اسپاگتی پخته شده | اسپاگتی پخته شده","اسپاگتی پخته شده","3","225;234;256",""
"۱ عدد فلفل دلمه‌ای، خرد شده | فلفل دلمه‌ای خرد شده - 1 عدد | 150 گرم فلفل دلمه‌ای خرد شده","فلفل دلمه‌ای خرد شده","3","877;40;102",""
"450 گرم ماکارونی شکلی | 250 گرم ماکارونی شکلی | ۲۴۰ گرم ماکارونی شکلی","ماکارونی شکلی","3","30;31;32",""
"۱ قاشق چای‌خوری سماق","قاشق چای‌خوری سماق","3","1018;993;997",""
"هویج کوچک; 2 عدد | ۳ عدد هویج کوچک","هویج کوچک","2","307;560",""
"سیب‌زمینی کوچک; 2 عدد | ۴ عدد سیب‌زمینی کوچک","سیب‌زمینی کوچک","2","307;893",""
"0.5 قاشق غذاخوری رب فلفل | ۱ قاشق غذاخوری رب فلفل","رب فلفل","2","1032;1174",""
"۱۸۰ گرم گوشت بره | گوشت بره - ۲۵۰ گرم","گوشت بره","2","182;395",""
"۱/۲ قاشق چای‌خوری آویشن","/ قاشق چای‌خوری آویشن","2","182;201",""
"نصف پیاز، خرد شده | نصف پیاز خرد شده","نصف پیاز خرد شده","2","314;144",""
"فلفل سبز تند به مقدار لازم | 1 فلفل سبز تند","فلفل سبز تند","2","958;36",""
"۱ قاشق غذاخوری ریحان خردشده | ۱ شاخه ریحان خردشده","ریحان خردشده","2","574;620",""
"نصف پیمانه روغن زیتون","نصف روغن زیتون","2","784;839",""
"۱ قاشق چای‌خوری سس سویا","قاشق چای‌خوری سس سویا","2","784;955",""
"۱/۲ پیمانه آب ولرم","/ آب ولرم","2","1037;1495",""
"۱ قاشق غذاخوری مارگارین | ۲ قاشق غذاخوری مارگارین","مارگارین","2","1040;1253",""
"دو فنجان برنج باسماتی","دو فنجان برنج باسماتی","2","322;303",""
"۲ عدد پیاز، پوست‌کنده","پیاز پوست‌کنده","2","1043;975",""
"برنج آبکش شده ۳ پیمانه | ۴ پیمانه برنج آبکش شده","برنج آبکش شده","2","323;118",""
"زیره سیاه | زیره سیاه به میزان لازم","زیره سیاه","2","323;140",""
"۱ عدد گوجه‌فرنگی، نگینی | گوجه‌فرنگی نگینی","گوجه‌فرنگی نگینی","2","789;802",""
"۲ فنجان برنج پخته | ۱ فنجان برنج پخته","فنجان برنج پخته","2","325;510",""
"۳ قاشق غذاخوری روغن، تقسیم‌شده | ۲۵۰ گرم روغن، تقسیم‌شده","روغن تقسیم‌شده","2","790;1139",""
"۱/۳ پیمانه پیاز خرد شده | ۱/۴ پیمانه پیاز خرد شده","/ پیاز خرد شده","2","42;485",""
"گردوی خردشده، به مقدار لازم | ۷۰ گرم گردوی خردشده","گردوی خردشده","2","1046;1151",""
"نصف قاشق چای‌خوری زردچوبه","نصف قاشق چای‌خوری زردچوبه","2","1051;356",""
"۱ عدد فلفل سبز، رنده‌شده","فلفل سبز رنده‌شده","2","792;816",""
"بادمجان ۱ کیلوگرم | بادمجان – ۱ کیلوگرم","بادمجان کیلو","2","1052;1456",""
"مرغ ۷۵۰ گرم، تکه‌شده | ۳۰۰ گرم مرغ تکه‌شده","مرغ تکه‌شده","2","1052;1072",""
"۱/۲ پیمانه پیاز خردشده | ۱/۲ عدد پیاز خردشده","/ پیاز خردشده","2","796;1010",""
"۲ پیمانه اسفناج شسته‌شده | ۱۷۵ گرم اسفناج، شسته‌شده","اسفناج شسته‌شده","2","796;362",""
"فلفل به مقدار دلخواه","فلفل به مقدار","2","335;111",""
"ساقه کرفس خرد شده، ۱ پیمانه | ۲ ساقه کرفس، خرد شده","ساقه کرفس خرد شده","2","1055;870",""
"گوجه‌فرنگی (برای تزیین) | ۱ عدد گوجه‌فرنگی (برای تزیین)","گوجه‌فرنگی ()","2","799;1283",""
"جعفری تازه (برای تزیین) | ۱ شاخه جعفری تازه (برای تزیین)","جعفری تازه ()","2","799;1283",""
"۲ قاشق غذاخوری روغن زیتون (تقسیم‌شده)","روغن زیتون (تقسیم‌شده)","2","801;583",""
"۵ پیمانه برنج آبکش‌شده | برنج آبکش‌شده - ۱۱۵ گرم","برنج آبکش‌شده","2","330;458",""
"۱ قاشق چای‌خوری جوز هندی آسیاب‌شده","قاشق چای‌خوری جوز هندی آسیاب‌شده","2","1056;605",""
"1/2 قاشق چای‌خوری فلفل سیاه","/2 قاشق چای‌خوری فلفل سیاه","2","191;455",""
"۱ قاشق چای‌خوری وانیل | 1 قاشق چای‌خوری وانیل","قاشق چای‌خوری وانیل","2","805;386",""
"گوجه‌فرنگی ورقه‌ای | گوجه‌فرنگی، ورقه‌ای","گوجه‌فرنگی ه‌ای","2","759;1290",""
"گوشت ران گوسفند - 500 گرم | گوشت ران گوسفند - ۵۰۰ گرم","گوشت ران گوسفند","2","333;163",""
"آب، در صورت نیاز","آب در صورت نیاز","2","810;891",""
"۱ پیمانه لپه، از قبل خیس‌خورده","لپه از قبل خیس‌خورده","2","1064;1086",""
"۳ عدد بادمجان متوسط، خردشده | ۱ عدد بادمجان متوسط، خردشده","بادمجان متوسط خردشده","2","1070;1445",""
"۳۰۰ گرم گوشت گوسفند یا گوساله، خورشتی | ۵۰۰ گرم گوشت گوسفند یا گوساله، خورشتی","گوشت گوسفند یا گوساله خورشتی","2","1070;1102",""
"۱ قاشق چای‌خوری پونه خشک","قاشق چای‌خوری پونه خشک","2","928;1384",""
"تورتیلا با آرد سفید - ۸ عدد | 8 عدد تورتیلا با آرد سفید","تورتیلا با آرد سفید","2","339;169",""
"۲ ورق پنیر ورقه‌ای | ۵ ورق پنیر ورقه‌ای","پنیر ورقه‌ای","2","755;715",""
"تخم‌مرغ زده‌شده (برای رومال) | ۱ عدد تخم‌مرغ، زده‌شده (برای رومال)","تخم‌مرغ زده‌شده (برای رومال)","2","746;1251",""
"روغن گیاهی، به مقدار لازم برای سرخ کردن | روغن گیاهی به مقدار لازم برای سرخ کردن","روغن گیاهی  برای سرخ کردن","2","1494;1469",""
"۱ کیلوگرم میگو، پاک‌شده و رگ‌گیری‌شده","کیلو میگو پاک‌شده و رگ‌گیری‌شده","2","1092;1266",""
"۱۲۵ گرم پنیر خامه‌ای نرم‌شده در دمای محیط | ۳۰۰ گرم پنیر خامه‌ای، نرم‌شده در دمای محیط","پنیر خامه‌ای نرم‌شده در دمای محیط","2","1409;1431",""
"۱ پیمانه روغن (برای سرخ کردن) | روغن (برای سرخ کردن)","روغن (برای سرخ کردن)","2","817;500",""
"۳ قاشق غذاخوری ماست چکیده غلیظ | ۲ پیمانه ماست چکیده غلیظ","ماست چکیده غلیظ","2","817;1137",""
"دو پیمانه آب مرغ | دو لیتر آب مرغ","دو آب مرغ","2","217;122",""
"۱ عدد ران کامل گوسفند","ران کامل گوسفند","2","1196;1162",""
"۲ قاشق غذاخوری رزماری تازه، خردشده | ۱ قاشق غذاخوری رزماری تازه خردشده","رزماری تازه خردشده","2","1196;1379",""
"۱/۴ پیمانه گشنیز، خرد شده | ۱/۲ پیمانه گشنیز خرد شده","/ گشنیز خرد شده","2","360;494",""
"۱/۴ پیمانه نعناع تازه، خرد شده","/ نعناع تازه خرد شده","2","360;451",""
"۱۰ عدد لیمو عمانی خشک | لیمو عمانی خشک","لیمو عمانی خشک","2","1098;691",""
"۱/۴ پیمانه گشنیز تازه خردشده","/ گشنیز تازه خردشده","2","1498;1542",""
"۲۰۰ گرم روغن مایع (برای سرخ کردن) | ۱ پیمانه روغن مایع (برای سرخ کردن)","روغن مایع (برای سرخ کردن)","2","831;1520",""
"یک پیاز خرد شده | یک عدد پیاز خرد شده","یک پیاز خرد شده","2","416;34",""
"سه قاشق غذاخوری جعفری خرد شده","سه جعفری خرد شده","2","416;415",""
"۱ عدد فلفل دلمه‌ای قرمز، خلالی | ۲ عدد فلفل دلمه‌ای قرمز، خلالی","فلفل دلمه‌ای قرمز خلالی","2","1108;894",""
"۱ عدد فلفل دلمه‌ای زرد، خلالی | ۲ عدد فلفل دلمه‌ای زرد، خلالی","فلفل دلمه‌ای زرد خلالی","2","1108;894",""
"۱/۳ پیمانه گشنیز تازه، ریز خردشده | ۱/۴ پیمانه گشنیز تازه، ریز خردشده","/ گشنیز تازه ریز خردشده","2","1108;658",""
"2 فنجان آب گوجه‌فرنگی | ۲ فنجان آب گوجه‌فرنگی","فنجان آب گوجه‌فرنگی","2","69;236",""
"4 قاشق سوپخوری پیاز داغ عسلی","قاشق سوپخوری پیاز داغ عسلی","2","69;276",""
"خمیر پیتزای آماده – ۱ عدد | ۲ عدد خمیر پیتزای آماده","خمیر پیتزای آماده","2","934;931",""
"گوشت گوساله – ۱۲۵ گرم، نازک برش‌خورده | ۵۰۰ گرم گوشت گوساله، نازک برش‌خورده","گوشت گوساله نازک برش‌خورده","2","934;1195",""
"۱/۲ قاشق چای‌خوری پودر فلفل قرمز","/ قاشق چای‌خوری پودر فلفل قرمز","2","1189;1089",""
"زنجبیل، به میزان لازم | 1.5 قاشق غذاخوری زنجبیل","زنجبیل","2","851;162",""
"۱ پیمانه آب پرتقال | آب ۱ عدد پرتقال","آب پرتقال","2","851;1491",""
"۱۰۰ گرم آناناس خردشده | آناناس خردشده","آناناس خردشده","2","851;902",""
"۱ پیمانه شیر نارگیل | ۴۰۰ گرم شیر نارگیل","شیر نارگیل","2","851;598",""
"ادویه‌ها","ادویه‌ها","2","1359;1269",""
"ژلاتین | ۲ ورق ژلاتین","ژلاتین","2","1359;1201",""
"۱ عدد پیاز متوسط، نگینی خردشده","پیاز متوسط نگینی خردشده","2","1515;1467",""
"۲ عدد هویج متوسط، نگینی خردشده | ۱ عدد هویج متوسط، نگینی خردشده","هویج متوسط نگینی خردشده","2","1515;1467",""
"¼ پیمانه کشمش","¼ کشمش","2","1516;1480",""
"تن ماهی کنسروی، کاملاً آبکش‌شده","تن ماهی کنسروی کاملاً آبکش‌شده","2","723;757",""
"شوید تازه، ریز خردشده","شوید تازه ریز خردشده","2","723;703",""
"سالسا (برای سرو)","سالسا (برای سرو)","2","1520;1473",""
"۲ عدد گوجه‌فرنگی متوسط، ریز خردشده | ۱ عدد گوجه‌فرنگی متوسط، ریز خردشده","گوجه‌فرنگی متوسط ریز خردشده","2","1174;1529",""
"۱ عدد سیب‌زمینی متوسط، نگینی خردشده","سیب‌زمینی متوسط نگینی خردشده","2","867;1445",""
"½ پیمانه خامه ترش","½ خامه ترش","2","1523;907",""
"½ عدد پیاز، ریز خردشده | ½ پیمانه پیاز ریز خردشده","½ پیاز ریز خردشده","2","1523;1379",""
"۱ کیلوگرم تکه‌های مرغ","کیلو تکه‌های مرغ","2","870;1131",""
"۱ قاشق غذاخوری آبِ لیموترش تازه | آبِ ۱ عدد لیموترش تازه","آبِ لیموترش تازه","2","870;979",""
"۱۵۰ میلی‌لیتر روغن مایع | 150 میلی‌لیتر روغن مایع","میلی‌ روغن مایع","2","1121;978",""
"½ قاشق چای‌خوری دارچین","½ قاشق چای‌خوری دارچین","2","871;1326",""
"شاهی تازه | مقداری شاهی تازه","شاهی تازه","2","719;762",""
"۱۲۰ گرم پنیر فتا | ۱۰۰ گرم پنیر فتا","پنیر فتا","2","713;484",""
"250 گرم ماکارونی پخته | ماکارونی پخته","ماکارونی پخته","2","873;477",""
"کمی شراب سفید | شراب سفید","شراب سفید","2","873;400",""
"۲ قاشق غذاخوری روغن خردل","روغن خردل","2","1525;1525",""
"۱ تا ۲ عدد فلفل سبز، ریز خردشده | ۲ تا ۳ عدد فلفل سبز، ریز خردشده","تا فلفل سبز ریز خردشده","2","1525;1525",""
"۱ قاشق چای‌خوری خمیر زنجبیل","قاشق چای‌خوری خمیر زنجبیل","2","1525;1502",""
"برگ گشنیز تازه، خردشده | برگ گشنیز تازه، خردشده برای تزیین","برگ گشنیز تازه خردشده","2","1525;1505",""
"پودر سیر، به میزان دلخواه | پودر سیر – به میزان دلخواه","پودر سیر به میزان","2","80;919",""
"روغن مایع، نصف لیوان | روغن مایع – نصف پیمانه","روغن مایع نصف","2","80;1230",""
"پیاز رنده‌شده – 2 عدد متوسط | پیاز رنده‌شده – ۱ عدد متوسط","پیاز رنده‌شده متوسط","2","878;1149",""
"زعفران دم‌کرده – 1 قاشق غذاخوری (اختیاری) | زعفران دم‌کرده (اختیاری)","زعفران دم‌کرده (اختیاری)","2","878;996",""
"۲ پیمانه آب سرد | ۶ لیتر آب سرد","آب سرد","2","1170;620",""
"75 گرم برنج خیسانده | ۴ پیمانه برنج خیسانده","برنج خیسانده","2","386;116",""
"۱ پیمانه خیارشور خردشده | خیارشور، خردشده","خیارشور خردشده","2","711;1316",""
"۱ عدد فلفل سبز، از طول شکاف‌داده‌شده | ۲ عدد فلفل سبز، از طول شکاف‌داده‌شده","فلفل سبز از طول شکاف‌داده‌شده","2","1529;1489",""
"۱/۲ قاشق چای‌خوری پودر زردچوبه","/ قاشق چای‌خوری پودر زردچوبه","2","1529;658",""
"۲ قاشق غذاخوری روغن حیوانی (گی) یا روغن","روغن حیوانی (گی) یا روغن","2","1529;1519",""
"برگ گشنیز تازه خردشده (برای تزیین)","برگ گشنیز تازه خردشده ()","2","1529;1533",""
"۱ قاشق غذاخوری سرکه سیب | ۲ قاشق غذاخوری سرکه سیب","سرکه سیب","2","879;886",""
"۶ عدد قلوه گوسفندی | قلوه گوسفندی","قلوه گوسفندی","2","884;1003",""
"۲ عدد هویج، نگینی خرد شده | ۱ عدد هویج، نگینی خرد شده","هویج نگینی خرد شده","2","890;552",""
"زرشک خشک | ۱ پیمانه زرشک خشک","زرشک خشک","2","401;327",""
"۲ قاشق غذاخوری شراب برنج | ۱ قاشق غذاخوری شراب برنج","شراب برنج","2","1539;1522",""
"۴ حبه سیر، ورقه‌ای خردشده | ۲ حبه سیر، ورقه‌ای خردشده","سیر ورقه‌ای خردشده","2","892;1160",""
"۲ فنجان نخود فرنگی | 1 فنجان نخود فرنگی","فنجان نخود فرنگی","2","404;49",""
"۲–۳ عدد سیب‌زمینی، درشت خردشده | ۲ عدد سیب‌زمینی، درشت خردشده","سیب‌زمینی درشت خردشده","2","898;1160",""
"نمک، فلفل سیاه و پودر سیر به مقدار لازم | نمک، فلفل سیاه و پودر سیر – به میزان لازم","نمک فلفل سیاه و پودر سیر","2","1225;1237",""
"۲ پیمانه برنج یاسمین پخته (ترجیحاً یک‌روزه)","برنج یاسمین پخته (ترجیحاً یک‌روزه)","2","1541;1530",""
"۲۰ تا ۳۰ گرم کره | ۲ تا ۳ قاشق غذاخوری کره","تا کره","2","1137;1191",""
"۱ و نیم پیمانه آرد | ۱ و نیم قاشق غذاخوری آرد","و نیم آرد","2","1168;693",""
"۱ عدد پیاز متوسط، از وسط نصف‌شده","پیاز متوسط از وسط نصف‌شده","2","1072;626",""
"۱ کیلوگرم ماست چکیده","کیلو ماست چکیده","2","1142;371",""
"پنیر موزارلای تازه","پنیر موزارلای تازه","2","901;913",""
"۲۵۰ گرم قارچ تازه، ورقه‌ای خردشده | ۵۰۰ گرم قارچ تازه، ورقه‌ای خردشده","قارچ تازه ورقه‌ای خردشده","2","876;1422",""
"۱ عدد پیاز کوچک، ریز خرد شده","پیاز کوچک ریز خرد شده","2","1232;1166",""
"زردچوبه، یک پنس","زردچوبه یک پنس","2","1355;1413",""
"۱/۴ فنجان خامه | ۲/۳ فنجان خامه","/ فنجان خامه","2","533;269",""
"آب ۱ عدد لیمو تازه | ۲ قاشق غذاخوری آب لیمو تازه","آب لیمو تازه","2","959;187",""
"سبزی تازه (جعفری یا گشنیز) برای تزیین","سبزی تازه (جعفری یا گشنیز)","2","959;1074",""
"۱ عدد پیاز قرمز، خردشده | پیاز قرمز خردشده","پیاز قرمز خردشده","2","868;757",""
"۲۵۰ گرم سینه مرغ چرخ‌کرده | ۵۰۰ گرم سینه مرغ چرخ‌کرده","سینه مرغ چرخ‌کرده","2","1152;1034",""
"۱ عدد فلفل سبز تازه، ریز خردشده | ۲ عدد فلفل سبز تازه، ریز خردشده","فلفل سبز تازه ریز خردشده","2","866;550",""
"پیازچه خردشده – ۳ ساقه","پیازچه خردشده ساقه","2","862;1025",""
"نصف پیمانه پیاز داغ | نصف لیوان پیاز داغ","نصف پیاز داغ","2","1145;176",""
"۱ قاشق غذاخوری سیاه‌دانه | سیاه‌دانه، کمی","سیاه‌دانه","2","904;1447",""
"نصف پیمانه آبغوره","نصف آبغوره","2","139;308",""
"لیمو عمانی","لیمو عمانی","2","288;384",""
"پیاز متوسط: 1 عدد | پیاز متوسط: ۱ عدد","پیاز متوسط:","2","417;93",""
"خامه – ۵۰۰ میلی‌لیتر | خامه – ۲۵۰ میلی‌لیتر","خامه میلی‌","2","1246;1301",""
"½ قاشق چای‌خوری تخم گشنیز آسیاب‌شده","½ قاشق چای‌خوری تخم گشنیز آسیاب‌شده","2","858;974",""
"¼ پیمانه روغن","¼ روغن","2","1155;683",""
"۱ قاشق چای‌خوری پونه | 1 قاشق چای‌خوری پونه","قاشق چای‌خوری پونه","2","535;31",""
"۱.۵ پیمانه پنیر موزارلا رنده شده | ۲.۵ پیمانه پنیر موزارلا رنده شده",". پنیر موزارلا رنده شده","2","535;22",""
"۷ گرم خمیرمایه فوری | خمیرمایه فوری – ۲ قاشق غذاخوری","خمیرمایه فوری","2","910;919",""
"۳۰۰ گرم اسفناج، ریز خردشده | اسفناج ریز خردشده","اسفناج ریز خردشده","2","910;1376",""
"۱ قاشق چای‌خوری جوز هندی","قاشق چای‌خوری جوز هندی","2","1157;549",""
"1/4 پیمانه جعفری تازه خرد شده | 1/4 لیوان جعفری تازه، خرد شده","/4 جعفری تازه خرد شده","2","436;470",""
"1/4 پیمانه شوید تازه خرد شده | 1/4 لیوان شوید تازه، خرد شده","/4 شوید تازه خرد شده","2","436;470",""
"1/2 قاشق چای‌خوری زردچوبه","/2 قاشق چای‌خوری زردچوبه","2","436;480",""
"۴۵۰ گرم گوشت چرخ‌کرده خوک | ۲۵۰ گرم گوشت چرخ‌کرده خوک","گوشت چرخ‌کرده خوک","2","1480;1468",""
"½ پیمانه شیر","½ شیر","2","1480;1192",""
"½ پیمانه شکر","½ شکر","2","1480;1201",""
"2 برش نان | ۸ برش نان","برش نان","2","541;795",""
"۱ عدد کدو سبز، رنده‌شده | ۱ پیمانه کدو سبز رنده‌شده","کدو سبز رنده‌شده","2","1159;658",""
"۴ عدد سیب‌زمینی متوسط، پوست‌کنده | ۲ عدد سیب‌زمینی متوسط، پوست‌کنده","سیب‌زمینی متوسط پوست‌کنده","2","663;1399",""
"نان تُست – به مقدار لازم | نان تُست به مقدار لازم","نان تُست","2","1161;840",""
"¼ قاشق چای‌خوری زعفران دم‌کرده","¼ قاشق چای‌خوری زعفران دم‌کرده","2","1130;1439",""
"۱/۲ پیمانه عدس","/ عدس","2","661;888",""
"۲ عدد فلفل سبز تند، خردشده | ۱ عدد فلفل سبز تند، خردشده","فلفل سبز تند خردشده","2","661;1298",""
"۲ قاشق غذاخوری برگ نعناع تازه، خردشده | برگ نعناع تازه، خردشده","برگ نعناع تازه خردشده","2","661;1011",""
"۱/۴ پیمانه رب انار | ۱/۲ پیمانه رب انار","/ رب انار","2","661;976",""
"جو پوست‌کنده | جو پوست‌کنده – ۴۰ گرم","جو پوست‌کنده","2","863;627",""
"قارچ ورقه‌ای | قارچ، ورقه‌ای","قارچ ه‌ای","2","863;949",""
"1 لیوان نخود سبز | نخود سبز 1 لیوان","نخود سبز","2","390;527",""
"¼ قاشق چای‌خوری جوز هندی","¼ قاشق چای‌خوری جوز هندی","2","1163;1326",""
"دو عدد پیاز","دو پیاز","2","122;124",""
"۱ قاشق چایخوری اورگانو | اورگانو","اورگانو","2","428;251",""
"۱ فنجان ذرت | ۲ فنجان ذرت","فنجان ذرت","2","431;199",""
"۲ عدد پیاز متوسط، پوست‌کنده | ۱ عدد پیاز متوسط، پوست‌کنده","پیاز متوسط پوست‌کنده","2","1399;956",""
"۱/۲ پیمانه ماست ساده | ۱/۴ پیمانه ماست ساده","/ ماست ساده","2","1533;965",""
"۱ پیمانه سیب‌زمینی پخته و له‌شده","سیب‌زمینی پخته و له‌شده","2","658;833",""
"۱/۴ پیمانه جعفری تازه، ریز خردشده | ۱/۳ پیمانه جعفری تازه، ریز خردشده","/ جعفری تازه ریز خردشده","2","658;599",""
"گوجه‌فرنگی تازه، خردشده","گوجه‌فرنگی تازه خردشده","2","1122;883",""
"۳ قاشق غذاخوری پیاز کاراملی | ۴ قاشق غذاخوری پیاز کاراملی","پیاز کاراملی","2","942;236",""
"۲ عدد پیاز کوچک، خلالی نازک | ۱ عدد پیاز کوچک، خلالی نازک","پیاز کوچک خلالی نازک","2","1176;951",""
"آرد، به میزان لازم برای پوشش | آرد – به مقدار لازم، برای پوشش","آرد  برای پوشش","2","1176;1429",""
"۳ پیمانه عصاره گوشت گاو | ۲ لیتر عصاره گوشت گاو","عصاره گوشت گاو","2","654;1536",""
"۱/۲ پیمانه کره | ۱/۴ پیمانه کره","/ کره","2","228;591",""
"بادمجان، حلقه‌ای برش‌خورده | ۲ عدد بادمجان، حلقه‌ای برش‌خورده","بادمجان حلقه‌ای برش‌خورده","2","841;1006",""
"گوجه‌فرنگی خردشده یا له‌شده | ۵۰۰ گرم گوجه‌فرنگی خردشده یا له‌شده","گوجه‌فرنگی خردشده یا له‌شده","2","841;686",""
"۱ بسته نودل | ۲۰۰ گرم نودل","نودل","2","1186;1385",""
"۳ و ۱/۳ پیمانه آرد سفید | ۱ و ۱/۳ پیمانه آرد سفید","و / آرد سفید","2","947;1202",""
"۵ پیمانه آرد سفید (حدود ۲۲۵ گرم) | ۲ پیمانه آرد سفید (حدود ۳۰۰ گرم)","آرد سفید (حدود گرم)","2","946;854",""
"۱/۲ پیمانه سس گوجه‌فرنگی | ۱/۴ پیمانه سس گوجه‌فرنگی","/ سس گوجه‌فرنگی","2","946;923",""
"پیاز: 1 عدد متوسط | پیاز: ۲ عدد متوسط","پیاز: متوسط","2","141;166",""
"نمک – ½ قاشق چای‌خوری (یا به میزان لازم)","نمک ½ قاشق چای‌خوری (یا )","2","1115;1067",""
"۸۰ گرم زیتون | ۱۰ عدد زیتون","زیتون","2","710;966",""
"۱۵۰ گرم کاهو | کاهو","کاهو","2","710;435",""
"۲ عدد هویج پخته | ۱۵۰ گرم هویج پخته","هویج پخته","2","710;187",""
"سیخ کباب","سیخ کباب","2","953;1003",""
"۴ قاشق غذاخوری آرد جو | آرد جو – ۲ قاشق غذاخوری","آرد جو","2","647;1353",""
"۱۰۰۰ گرم ماهی","ماهی","2","233;66",""
"۱/۲ قاشق چای‌خوری خردل","/ قاشق چای‌خوری خردل","2","1194;448",""
"۷۵۰ گرم جگر مرغ | 300 گرم جگر مرغ","جگر مرغ","2","397;409",""
"۱۵۰ گرم پنیر پارمیسان | 100 گرم پنیر پارمیسان","پنیر پارمیسان","2","397;409",""
"۲ قاشق غذاخوری پیاز داغ عسلی | پیاز داغ عسلی","پیاز داغ عسلی","2","397;67",""
"۱/۲ پیمانه لپه","/ لپه","2","439;451",""
"۵۰۰ گرم ماکارونی لوله‌ای | ماکارونی لوله‌ای - ۵۰۰ گرم","ماکارونی لوله‌ای","2","103;271",""
"۱ پیمانه ریحان خرد شده | ۲ قاشق غذاخوری ریحان خرد شده","ریحان خرد شده","2","103;273",""
"۵۰۰ گرم ماکارونی پاپیونی | ماکارونی پاپیونی - ۵۰۰ گرم","ماکارونی پاپیونی","2","103;271",""
"۲۰۰ گرم قارچ ورقه شده | قارچ ۱۰۰ گرم ورقه شده","قارچ ورقه شده","2","103;262",""
"۲ قاشق سوپخوری روغن زیتون","قاشق سوپخوری روغن زیتون","2","103;309",""
"۵۰۰ گرم ماکارونی نواری | ماکارونی نواری - ۵۰۰ گرم","ماکارونی نواری","2","103;271",""
"۵۰۰ گرم کدو حلوایی | کدو حلوایی - ۵۰۰ گرم","کدو حلوایی","2","103;271",""
"۱۵۰ گرم گردوی آسیاب‌شده | ۲۵۰ گرم گردوی آسیاب‌شده","گردوی آسیاب‌شده","2","1100;1365",""
"چیپس سیب‌زمینی، برای تزیین","چیپس سیب‌زمینی","2","837;1019",""
"۱ قاشق چای‌خوری زعفران دم‌کرده غلیظ","قاشق چای‌خوری زعفران دم‌کرده غلیظ","2","1099;1362",""
"۲ قاشق غذاخوری ریحان خشک | ۱ قاشق غذاخوری ریحان خشک","ریحان خشک","2","440;869",""
"۲ عدد فلفل دلمه‌ای قرمز بزرگ، نگینی خردشده | ۱ عدد فلفل دلمه‌ای قرمز بزرگ، نگینی خردشده","فلفل دلمه‌ای قرمز بزرگ نگینی خردشده","2","1395;1303",""
"۲ پیمانه عدس، شسته شده | 1 پیمانه عدس، شسته شده","عدس شسته شده","2","1090;542",""
"700 گرم فیله گوساله | فیله گوساله","فیله گوساله","2","978;1002",""
"زعفران آب کرده - به مقدار لازم | زعفران آب کرده به میزان لازم","زعفران آب کرده","2","157;118",""
"۲ عدد سینه مرغ بدون پوست | ۴۰۰ گرم سینه مرغ بدون پوست","سینه مرغ بدون پوست","2","835;398",""
"۱ پیمانه آب پرتقال تازه | ۳ قاشق غذاخوری آب پرتقال تازه","آب پرتقال تازه","2","835;660",""
"پیاز بزرگ – ۱ عدد، نازک خلالی‌شده | ۱ عدد پیاز بزرگ، نازک خلالی‌شده","پیاز بزرگ نازک خلالی‌شده","2","1200;1474",""
"۲ عدد فلفل دلمه‌ای سبز، خردشده درشت | ۱ عدد فلفل دلمه‌ای سبز، خردشده درشت","فلفل دلمه‌ای سبز خردشده درشت","2","981;1006",""
"پیاز، رنده‌شده و کاملاً آب‌گرفته | پیاز رنده‌شده و کاملاً آب‌گرفته","پیاز رنده‌شده و کاملاً آب‌گرفته","2","984;1339",""
"دنبه گوسفندی | ۲۵۰ گرم دنبه گوسفندی","دنبه گوسفندی","2","984;992",""
"نصف پیمانه آرد گندم","نصف آرد گندم","2","987;818",""
"۱۵۰ گرم رشته سوپی | ۱۰۰ گرم رشته سوپی","رشته سوپی","2","635;540",""
"۱/۲ قاشق چای‌خوری زعفران، دم‌کرده | ۱/۲ قاشق چای‌خوری زعفران دم‌کرده","/ قاشق چای‌خوری زعفران دم‌کرده","2","444;951",""
"۲ فنجان عصاره مرغ | ۱ فنجان عصاره مرغ","فنجان عصاره مرغ","2","444;515",""
"۳۰۰ گرم مرغ بدون استخوان | 400 گرم مرغ بدون استخوان","مرغ بدون استخوان","2","1071;466",""
"یک عدد فلفل دلمه‌ای","یک فلفل دلمه‌ای","2","189;21",""
"سه عدد فلفل تند","سه فلفل تند","2","189;21",""
"پنج حبه سیر","پنج سیر","2","189;21",""
"سه قاشق غذاخوری رب گوجه‌فرنگی","سه رب گوجه‌فرنگی","2","189;21",""
"چهار قاشق غذاخوری روغن مایع","چهار روغن مایع","2","189;21",""
"رنده پوست پرتقال – ۲ قاشق غذاخوری | رنده پوست پرتقال","رنده پوست پرتقال","2","1067;51",""
"روغن برای سرخ‌کردن | روغن، برای سرخ‌کردن","روغن برای سرخ‌کردن","2","996;1415",""
"۲ قاشق غذاخوری سرکه قرمز | سرکه قرمز – ۱ قاشق غذاخوری","سرکه قرمز","2","996;1381",""
"زعفران دم‌کرده – ½ قاشق چای‌خوری","زعفران دم‌کرده ½ قاشق چای‌خوری","2","1054;1103",""
"گلاب – ۱ قاشق غذاخوری (اختیاری) | ۱ قاشق غذاخوری گلاب (اختیاری)","گلاب (اختیاری)","2","1054;341",""
"فلفل دلمه‌ای، خردشده درشت | ۲ عدد فلفل دلمه‌ای، خردشده درشت","فلفل دلمه‌ای خردشده درشت","2","998;971",""
"½ قاشق چای‌خوری پودر کاری","½ قاشق چای‌خوری پودر کاری","2","1000;1408",""
"گوجه‌فرنگی ورقه‌شده (اختیاری)","گوجه‌فرنگی ه‌شده (اختیاری)","2","1000;800",""
"نمک و زردچوبه به میزان لازم | نمک و زردچوبه - به میزان لازم","نمک و زردچوبه","2","1049;163",""
"سس سفید (بشامل) – به مقدار لازم | سس سفید (بشامل)","سس سفید (بشامل)","2","1204;1206",""
"۵۰۰ گرم سینه مرغ، خردشده به قطعات یکدست | ۲ عدد سینه مرغ، خردشده به قطعات یکدست","سینه مرغ خردشده به قطعات یکدست","2","827;955",""
"1 فنجان روغن زیتون | ۱ فنجان روغن زیتون","فنجان روغن زیتون","2","19;187",""
"3 قاشق سوپ‌خوری جعفری تازه خرد شده | 1 قاشق سوپ‌خوری جعفری تازه، خرد شده","قاشق سوپ‌خوری جعفری تازه خرد شده","2","19;225",""
"خیار برای تزئین به میزان لازم | خیار برای تزئین","خیار برای تزئین","2","19;187",""
"۴ پیمانه شکر دانه‌ریز | ۴۰ گرم شکر دانه‌ریز","شکر دانه‌ریز","2","1324;739",""
"تخم‌مرغ (زرده و سفیده جدا) | ۸ عدد تخم‌مرغ (زرده و سفیده جدا)","تخم‌مرغ (زرده و سفیده جدا)","2","1207;695",""
"جوز هندی آسیاب‌شده","جوز هندی آسیاب‌شده","2","1207;1209",""
"۵۰۰ گرم هویج، پوست‌کنده و خردشده | ۱۲ عدد هویج، پوست‌کنده و خردشده","هویج پوست‌کنده و خردشده","2","625;681",""
"زبان گوساله ۱ عدد | ۲۰۰ گرم زبان گوساله","زبان گوساله","2","897;880",""
"تخم‌مرغ (زرده و سفیده جدا شده) | ۲ عدد تخم‌مرغ (زرده و سفیده جدا شده)","تخم‌مرغ (زرده و سفیده جدا شده)","2","1208;1215",""
"2 قاشق غذاخوری پیازچه تازه خرد شده | ۲ قاشق غذاخوری پیازچه تازه خرد شده","پیازچه تازه خرد شده","2","51;219",""
"گرد لیمو به مقدار لازم | گرد لیمو","گرد لیمو","2","56;224",""
"۲ عدد کدو سبز درشت","کدو سبز درشت","2","1276;1423",""
"حدود ۴ قاشق غذاخوری پنیر موزارلا یا پارمزان رنده‌شده","حدود پنیر موزارلا یا پارمزان رنده‌شده","2","1276;1088",""
"کلم","کلم","2","72;239",""
"۲ قاشق غذاخوری پودر کاکائو | پودر کاکائو","پودر کاکائو","2","1215;1320",""
"پنیر موزاریلا به مقدار لازم | پنیر موزاریلا - به مقدار لازم","پنیر موزاریلا","2","78;246",""
"۱ قاشق سوپ‌خوری آبلیمو | 1 قاشق سوپ‌خوری آبلیمو","قاشق سوپ‌خوری آبلیمو","2","100;26",""
"نصف پیمانه شیر | نصف لیوان شیر","نصف شیر","2","100;1268",""
"۷۵۰ گرم ماست ساده کم‌چرب | ماست ساده کم‌چرب به مقدار لازم","ماست ساده کم‌چرب","2","1020;504",""
"کره یا روغن، برای سرخ کردن","کره یا روغن برای سرخ کردن","2","803;769",""
"۱۰۰ گرم جعفری و ریحان خرد شده | 100 گرم جعفری و ریحان خرد شده","جعفری و ریحان خرد شده","2","115;284",""
"نصف پیمانه خامه","نصف خامه","2","1231;1373",""
"۱ و نیم پیمانه شیر","و نیم شیر","2","1233;1245",""
"۱ پیمانه اسفناج تازه، ریز خردشده | اسفناج تازه، ریز خردشده","اسفناج تازه ریز خردشده","2","1233;687",""
"۴ ساقه پیازچه، ریز خردشده | ۲ ساقه پیازچه، ریز خردشده","ساقه پیازچه ریز خردشده","2","1235;1393",""
"فلفل دلمه‌ای کوچک – ۱ عدد، ریز خردشده | ۱ عدد فلفل دلمه‌ای کوچک، ریز خردشده","فلفل دلمه‌ای کوچک ریز خردشده","2","1238;1405",""
"تخم‌مرغ آب‌پز – ۱ عدد، خردشده | ۲ عدد تخم‌مرغ آب‌پز، خردشده","تخم‌مرغ آب‌پز خردشده","2","1238;690",""
"کنجد بوداده، برای تزیین | ۲ قاشق غذاخوری کنجد بوداده","کنجد بوداده","2","1240;1390",""
"۱ قاشق چای‌خوری جوش‌شیرین","قاشق چای‌خوری جوش‌شیرین","2","1248;727",""
"۷۰۰ گرم سوسیس ایتالیایی | سوسیس ایتالیایی","سوسیس ایتالیایی","2","1311;922",""
"روغن گیاهی برای سرخ‌کردن","روغن گیاهی برای سرخ‌کردن","2","455;481",""
"۵۰۰ گرم گوشت بره، خردشده","گوشت بره خردشده","2","1006;882",""
"۲ قاشق چای‌خوری روغن مایع","قاشق چای‌خوری روغن مایع","2","1006;1391",""
"۱ عدد فلفل دلمه‌ای سبز، ریز خردشده","فلفل دلمه‌ای سبز ریز خردشده","2","1255;1318",""
"یک پیاز متوسط | یک عدد پیاز متوسط","یک پیاز متوسط","2","456;229",""
"گوشت چرخ‌کرده: ۳۰۰ گرم | گوشت چرخ‌کرده: ۵۰۰ گرم","گوشت چرخ‌کرده:","2","1263;93",""
"فلفل سیاه: به مقدار لازم","فلفل سیاه:","2","1263;75",""
"گوجه‌فرنگی – ۱ عدد متوسط، رنده یا پوره‌شده | ۴ عدد گوجه‌فرنگی متوسط، رنده یا پوره‌شده","گوجه‌فرنگی متوسط رنده یا پوره‌شده","2","1270;1383",""
"پیاز: 1 | پیاز: 1 عدد","پیاز:","2","469;101",""
"شیر: 3 قاشق غذاخوری | شیر: 4 قاشق غذاخوری","شیر:","2","469;101",""
"پودر نارگیل – ۳ قاشق غذاخوری | ۲ قاشق غذاخوری پودر نارگیل","پودر نارگیل","2","1096;1124",""
"1 پیمانه گردو خرد شده | ۱۵۰ گرم گردو خرد شده","گردو خرد شده","2","473;35",""
"1/4 قاشق چایخوری زردچوبه","/4 زردچوبه","2","473;290",""
"روغن نباتی برای سرخ کردن","روغن نباتی برای سرخ کردن","2","473;338",""
"1 فلفل دلمه‌ای سبز، خرد شده | 1 عدد فلفل دلمه‌ای سبز، خرد شده","فلفل دلمه‌ای سبز خرد شده","2","207;71",""
"ماست چرب - 300 گرم | 300 گرم ماست چرب","ماست چرب","2","193;25",""
"خامه زده شده - 50 گرم | 50 گرم خامه زده شده","خامه زده شده","2","193;25",""
"¼ پیمانه نعناع تازه، خردشده | ¼ پیمانه نعناع تازه خردشده","¼ نعناع تازه خردشده","2","1039;1336",""
"۳ پیمانه آب یا آبِ گوشت | آب یا آبِ گوشت، به مقدار لازم","آب یا آبِ گوشت","2","1039;1112",""
"۱ قاشق چایخوری زیره آسیاب شده | 1 قاشق غذاخوری زیره آسیاب شده","زیره آسیاب شده","2","476;478",""
"۱۱۰ گرم جوانه لوبیا یا گندم","جوانه لوبیا یا گندم","2","186;18",""
"روغن مایع، برای سرخ‌کردن | روغن مایع برای سرخ‌کردن","روغن مایع برای سرخ‌کردن","2","1278;1403",""
"بال مرغ | ۵ عدد بال مرغ","بال مرغ","2","1279;869",""
"پنیر پارمزان رنده شده برای سرو | پنیر پارمزان رنده شده; برای سرو","پنیر پارمزان رنده شده برای سرو","2","216;242",""
"شراب قرمز","شراب قرمز","2","261;742",""
"نمک، فلفل، زردچوبه به مقدار لازم | نمک، فلفل، زردچوبه به میزان لازم","نمک فلفل زردچوبه","2","482;414",""
"۲ پیمانه کلم خردشده ریز","کلم خردشده ریز","2","1286;561",""
"گوشت چرخ شده - ۳۰۰ گرم | گوشت چرخ شده 300 گرم","گوشت چرخ شده","2","192;24",""
"فلفل دلمه سبز - ۱ عدد | فلفل دلمه سبز 1 عدد","فلفل دلمه سبز","2","192;24",""
"فلفل سیاه - ۱/۲ قاشق چای‌خوری | فلفل سیاه ۱/۴ قاشق چای‌خوری","فلفل سیاه / قاشق چای‌خوری","2","493;368",""
"۱ عدد پیاز، چهارقاچ","پیاز چهارقاچ","2","1485;1488",""
"۲ عدد فلفل خشک آنچو | ۳ عدد فلفل خشک آنچو","فلفل خشک آنچو","2","1485;1477",""
"100 گرم گوجه‌فرنگی گیلاسی; نصف شده | ۲۰۰ گرم گوجه‌فرنگی گیلاسی، نصف شده","گوجه‌فرنگی گیلاسی نصف شده","2","196;244",""
"۱ قاشق چای‌خوری اورگانو خشک | ۲ قاشق چای‌خوری اورگانو خشک","قاشق چای‌خوری اورگانو خشک","2","211;1449",""
"۱ قاشق چای‌خوری آرد","قاشق چای‌خوری آرد","2","494;700",""
"۱/۳ پیمانه گردو خرد شده | ۱/۴ پیمانه گردو، خرد شده","/ گردو خرد شده","2","494;202",""
"3 قاشق غذاخوری آب یا شیر | ۲ قاشق غذاخوری آب یا شیر","آب یا شیر","2","766;811",""
"۲ و نیم پیمانه آب‌لیمو تازه","و نیم آب‌لیمو تازه","2","1019;1016",""
"۱ عدد فلفل دلمه‌ای کوچک | 1 عدد فلفل دلمه‌ای کوچک","فلفل دلمه‌ای کوچک","2","212;44",""
"10 گوجه‌فرنگی متوسط، پوره شده | گوجه‌فرنگی متوسط ۳ عدد، پوره شده","گوجه‌فرنگی متوسط پوره شده","2","214;334",""
"یک بسته ماکارونی","یک ماکارونی","2","221;53",""
"دو حلقه آناناس","دو حلقه آناناس","2","221;53",""
"چهار قاشق غذاخوری آب لیموترش","چهار آب لیموترش","2","221;53",""
"چهار قاشق غذاخوری شیر نارگیل","چهار شیر نارگیل","2","221;53",""
"یک عدد انبه رسیده","یک انبه رسیده","2","221;53",""
"دو عدد پیازچه خرد شده","دو پیازچه خرد شده","2","221;53",""
"دو عدد فلفل تند قرمز","دو فلفل تند قرمز","2","221;53",""
"چند عدد برگ نعنا","چند برگ نعنا","2","221;53",""
"۱ عدد فلفل دلمه‌ای بزرگ، خردشده | ۲ عدد فلفل دلمه‌ای بزرگ، خردشده","فلفل دلمه‌ای بزرگ خردشده","2","1287;551",""
"۲ شاخه رزماری تازه | ۱ شاخه رزماری تازه","رزماری تازه","2","960;1179",""
"۴ قاشق غذاخوری روغن زیتون (برای مرینیت) | ۲ قاشق غذاخوری روغن زیتون (برای مرینیت)","روغن زیتون (برای مرینیت)","2","955;857",""
"نعناع","نعناع","2","497;483",""
"پیاز خلال شده | 1 عدد پیاز خلال شده","پیاز خلال شده","2","240;91",""
"۲ قاشق چای‌خوری گارام ماسالا | ۱ قاشق چای‌خوری گارام ماسالا","قاشق چای‌خوری گارام ماسالا","2","1476;1500",""
"زردچوبه (اختیاری)","زردچوبه (اختیاری)","2","785;548",""
"۱/۲ پیمانه قارچ خردشده","/ قارچ خردشده","2","1296;923",""
"سبزی تازه – برای تزیین | سبزی تازه","سبزی تازه","2","557;503",""
"۲ تا ۳ حبه سیر، رنده‌شده | ۳ تا ۴ حبه سیر، رنده‌شده","تا سیر رنده‌شده","2","1300;893",""
"۱/۲ پیمانه آب مرغ | ۳/۴ پیمانه آب مرغ","/ آب مرغ","2","1026;573",""
"نیم کیلو سوسیس یا کالباس","نیم کیلو سوسیس یا کالباس","2","243;23",""
"سه بسته پنیر پیتزا رنده شده","سه پنیر پیتزا رنده شده","2","243;23",""
"دو پیمانه قارچ","دو قارچ","2","243;23",""
"پیاز، خلالی یا نگینی | پیاز خلالی یا نگینی","پیاز خلالی یا نگینی","2","1310;847",""
"¼ قاشق چای‌خوری شکر","¼ قاشق چای‌خوری شکر","2","556;1444",""
"1 گردن گوسفند","گردن گوسفند","2","326;156",""
"۱۵۰ گرم پنیر پیتزای رنده شده | پنیر پیتزای رنده شده ۱۵۰ گرم","پنیر پیتزای رنده شده","2","77;245",""
"گوشت چرخ‌کرده یا مرغ | 300 گرم گوشت چرخ‌کرده یا مرغ","گوشت چرخ‌کرده یا مرغ","2","274;57",""
"سیب‌زمینی، پوست‌کنده و مکعبی خردشده | ۲ عدد سیب‌زمینی، پوست‌کنده و مکعبی خردشده","سیب‌زمینی پوست‌کنده و مکعبی خردشده","2","554;1459",""
"۱ قاشق چای‌خوری آب‌لیمو تازه","قاشق چای‌خوری آب‌لیمو تازه","2","1328;761",""
"خامه ترش برای سرو | ۲۵۵ گرم خامه ترش، برای سرو","خامه ترش برای سرو","2","1517;626",""
"برنج دانه‌بلند | ۲ پیمانه برنج دانه‌بلند","برنج دانه‌بلند","2","1335;1531",""
"۱ پیاز متوسط، رنده شده | 1 عدد پیاز متوسط رنده شده","پیاز متوسط رنده شده","2","273;105",""
"۱ تخم مرغ، کمی زده شده | 1 عدد تخم مرغ کمی زده شده","تخم مرغ  زده شده","2","273;105",""
"۱/۲ قاشق چای‌خوری فلفل سیاه آسیاب‌شده","/ قاشق چای‌خوری فلفل سیاه آسیاب‌شده","2","1510;1473",""
"۵ عدد کدو سبز متوسط، خردشده | ۱ عدد کدو سبز متوسط، خردشده","کدو سبز متوسط خردشده","2","549;675",""
"۳/۴ پیمانه خامه | ۱/۲ پیمانه خامه","/ خامه","2","549;619",""
"نصف پیمانه سس گوجه‌فرنگی","نصف سس گوجه‌فرنگی","2","937;1223",""
"۲۰۰ گرم پنیر موزارلا، رنده‌شده یا ورقه‌ای | ۷۰ گرم پنیر موزارلا، رنده‌شده یا ورقه‌ای","پنیر موزارلا رنده‌شده یا ورقه‌ای","2","937;745",""
"دانه انار، برای تزیین | ۱ پیمانه دانه انار","دانه انار","2","1268;202",""
"۲ قاشق چای‌خوری تخم گشنیز آسیاب‌شده | ۱ قاشق چای‌خوری تخم گشنیز آسیاب‌شده","قاشق چای‌خوری تخم گشنیز آسیاب‌شده","2","1267;857",""
"۱ پیمانه ماکارونی ریز | ۱۵ گرم ماکارونی ریز","ماکارونی ریز","2","545;593",""
"¼ پیمانه سس سویا","¼ سس سویا","2","1501;1475",""
"۲ قاشق غذاخوری شراب برنج چینی یا شری خشک","شراب برنج چینی یا شری خشک","2","1501;1481",""
"زعفران، حل شده | زعفران حل شده","زعفران حل شده","2","327;148",""
"دو حبه سیر، ریز خرد شده","دو سیر ریز خرد شده","2","529;96",""
"۱ قاشق چای‌خوری گرام ماسالا","قاشق چای‌خوری گرام ماسالا","2","1493;1489",""
"۱/۲ قاشق چای‌خوری بیکینگ‌پودر","/ قاشق چای‌خوری بیکینگ‌پودر","2","1493;712",""
"۴۰۰ میلی‌لیتر عصاره گوشت | ۲۰۰ میلی‌لیتر عصاره گوشت","میلی‌ عصاره گوشت","2","1345;1258",""
"115 گرم کره یا مارگارین | ۴ قاشق غذاخوری کره یا مارگارین","کره یا مارگارین","2","536;667",""
"۴ پیمانه آبِ مرغ یا سبزیجات | ۶ پیمانه آبِ مرغ یا سبزیجات","آبِ مرغ یا سبزیجات","2","1487;576",""
"۴۵۰ گرم میگو تازه | ۴۰۰ گرم میگو تازه","میگو تازه","2","28;398",""
"225 گرم سینه مرغ، مکعبی خرد شده | ۳۰۰ گرم سینه مرغ مکعبی خرد شده","سینه مرغ مکعبی خرد شده","2","377;540",""
"1 فلفل دلمه‌ای قرمز، خلال شده | فلفل دلمه‌ای قرمز خلال شده - 1 عدد","فلفل دلمه‌ای قرمز خلال شده","2","377;81",""
"۱ قاشق غذاخوری مخمر خشک فعال | مخمر خشک فعال","مخمر خشک فعال","2","747;256",""
"۱ عدد تخم‌مرغ آب‌پز سفت، ریز خردشده | تخم‌مرغ آب‌پز سفت، ریز خردشده","تخم‌مرغ آب‌پز سفت ریز خردشده","2","747;734",""
"دو قاشق غذاخوری روغن","دو روغن","2","18;144",""
"۱ تکه زنجبیل تازه (حدود ۲٫۵ سانتی‌متر)، رنده‌شده","تکه زنجبیل تازه (حدود ٫ سانتی‌متر) رنده‌شده","2","543;1537",""
"۱ عدد کدو سبز، نگینی خردشده | ۱۵۰ گرم کدو سبز، نگینی خردشده","کدو سبز نگینی خردشده","2","543;1224",""
"یک بسته اسپاگتی","یک اسپاگتی","2","239;57",""
"۱/۳ پیمانه فلفل دلمه‌ای خردشده | ۱/۲ عدد فلفل دلمه‌ای، خردشده","/ فلفل دلمه‌ای خردشده","2","1249;880",""
"۱۰۰ گرم هویج رنده‌شده ریز | ۴ عدد هویج، رنده‌شده ریز","هویج رنده‌شده ریز","2","1249;1028",""
"زردچوبه – آسیاب‌شده | زردچوبه آسیاب‌شده","زردچوبه آسیاب‌شده","2","1454;606",""
"آب‌لیمو تازه – به مقدار دلخواه | آب‌لیمو تازه به مقدار دلخواه","آب‌لیمو تازه به مقدار","2","1454;668",""
"روغن مایع – ۱/۲ پیمانه","روغن مایع /","2","919;1138",""
"۱۵ گرم پنیر پارمزان، رنده ریز | پنیر پارمزان، رنده ریز","پنیر پارمزان رنده ریز","2","1245;940",""
"۳ عدد تخم مرغ زده شده","تخم مرغ زده شده","2","22;190",""
"زعفران (اختیاری)","زعفران (اختیاری)","2","548;503",""
"۳۰۰ گرم فیله ماهی | ۴ عدد فیله ماهی","فیله ماهی","2","1236;1124",""
"۱ عدد لیموی تازه | ۴ عدد لیموی تازه","لیموی تازه","2","1236;893",""
"شیر هموژنیزه – ۲۵۰ میلی‌لیتر","شیر هموژنیزه میلی‌","2","1353;650",""
"اختیاری: ۱/۲ پیمانه کشمش","اختیاری: / کشمش","2","394;285",""
"۲ تا ۳ عدد گوجه‌فرنگی، پوست‌گرفته و خردشده | ۳ تا ۴ عدد گوجه‌فرنگی، پوست‌گرفته و خردشده","تا گوجه‌فرنگی پوست‌گرفته و خردشده","2","1074;1401",""
"۲ عدد گوجه‌فرنگی متوسط، نگینی","گوجه‌فرنگی متوسط نگینی","2","1531;775",""
"برش‌های لیموترش برای سرو | برش‌های لیموترش، برای سرو","برش‌های لیموترش برای سرو","2","1531;1538",""
"نصف قاشق چای‌خوری زعفران دم‌کرده","نصف قاشق چای‌خوری زعفران دم‌کرده","2","1363;1101",""
"۵ عدد فیله گوشت گوساله یا گوسفند | 375 گرم فیله گوشت گوساله یا گوسفند","فیله گوشت گوساله یا گوسفند","2","951;338",""
"۲۰۰ گرم آناناس","آناناس","2","55;223",""
"۲ حبه سیر، رنده یا ریز خرد شده | سیر، رنده یا ریز خرد شده","سیر رنده یا ریز خرد شده","2","552;584",""
"۴ عدد سیب‌زمینی متوسط، آب‌پز و رنده‌شده | ۲ عدد سیب‌زمینی متوسط، آب‌پز و رنده‌شده","سیب‌زمینی متوسط آب‌پز و رنده‌شده","2","1413;1380",""
"۱ قاشق چای‌خوری فلفل چیلی | 1 قاشق چای‌خوری فلفل چیلی","قاشق چای‌خوری فلفل چیلی","2","38;205",""
"۱ ساقه تره‌فرنگی، خردشده | ۴ ساقه تره‌فرنگی، خردشده","ساقه تره‌فرنگی خردشده","2","558;580",""
"سیب‌زمینی آب‌پز – ۳ عدد | سیب‌زمینی آب‌پز – ۱ عدد","سیب‌زمینی آب‌پز","2","1220;1229",""
"۵۰۰ گرم دانه ذرت | دانه ذرت برای تزیین","دانه ذرت","2","562;883",""
"۲۵۰ میلی‌لیتر خامه پرچرب | ۲۰۰ میلی‌لیتر خامه پرچرب","میلی‌ خامه پرچرب","2","568;1422",""
"۲ فنجان آب | ۸ فنجان آب","فنجان آب","2","66;269",""
"پنیر رنده شده (اختیاری)","پنیر رنده شده (اختیاری)","2","66;111",""
"فلفل سیاه آسیاب‌شده، به میزان لازم","فلفل سیاه آسیاب‌شده","2","1385;712",""
"برگ ریحان","برگ ریحان","2","76;272",""
"50 گرم ژامبون مرغ، خرد شده | ژامبون مرغ ۳۰۰ گرم خرد شده","ژامبون مرغ خرد شده","2","79;262",""
"۲۰۰ گرم تربچه | تربچه","تربچه","2","1389;1394",""
"۳ عدد نان باگت | ۱ عدد نان باگت","نان باگت","2","1389;745",""
"میگوی پخته","میگوی پخته","2","728;718",""
"انگور درشت","انگور درشت","2","728;718",""
"۱ پیمانه لوبیا چیتی | لوبیا چیتی","لوبیا چیتی","2","888;220",""
"شالوت ریز خردشده | شالوت، ریز خردشده","شالوت ریز خردشده","2","1212;1188",""
"یک قاشق چایخوری سرکه | یک قاشق مرباخوری سرکه","یک سرکه","2","425;223",""
"2 فنجان پیاز خرد شده","فنجان پیاز خرد شده","2","198;31",""
"1 قاشق چای‌خوری رزماری","قاشق چای‌خوری رزماری","2","198;31",""
"۳۰۰ گرم لوبیا چشم‌بلبلی | لوبیا چشم‌بلبلی","لوبیا چشم‌بلبلی","2","1393;1433",""
"¼ فلفل دلمه‌ای قرمز، ریز خردشده | ¼ پیمانه فلفل دلمه‌ای قرمز، ریز خردشده","¼ فلفل دلمه‌ای قرمز ریز خردشده","2","1393;1038",""
"¼ فلفل دلمه‌ای سبز، ریز خردشده | ¼ پیمانه فلفل دلمه‌ای سبز، ریز خردشده","¼ فلفل دلمه‌ای سبز ریز خردشده","2","1393;1038",""
"۳۵۰ گرم بروکلی | 500 گرم بروکلی","بروکلی","2","54;205",""
"۱ قاشق غذاخوری روغن زیتون (برای سالاد)","روغن زیتون (برای سالاد)","2","886;969",""
"آب جوشیده - ۱ پیمانه | ۳ پیمانه آب جوشیده","آب جوشیده","2","458;170",""
"۲ و نیم پیمانه آب | ۳ و نیم پیمانه آب","و نیم آب","2","577;1243",""
"گوجه‌فرنگی: ۲ عدد | گوجه‌فرنگی: ۶ عدد","گوجه‌فرنگی:","2","93;95",""
"۳ عدد گوجه‌فرنگی، پوست‌کنده و خردشده | ۴۰۰ گرم گوجه‌فرنگی پوست‌کنده و خردشده","گوجه‌فرنگی پوست‌کنده و خردشده","2","1391;692",""
"۱ پنس شکر","پنس شکر","2","1391;672",""
"۲ قوطی تن ماهی، آبکش‌شده | ۱ قوطی تن ماهی، آبکش‌شده","قوطی تن ماهی آبکش‌شده","2","1400;696",""
"1 عدد فلفل دلمه‌ای قرمز، خرد شده | 1 عدد فلفل دلمه‌ای قرمز خرد شده","فلفل دلمه‌ای قرمز خرد شده","2","71;102",""
"گوجه‌فرنگی پوست‌کنده و خرد شده | ۳ عدد گوجه‌فرنگی، پوست‌کنده و خرد شده","گوجه‌فرنگی پوست‌کنده و خرد شده","2","96;355",""
"۲۰۰ گرم پنیر گودا و موزارلا، رنده شده","پنیر گودا و موزارلا رنده شده","2","96;264",""
"۱ عدد تره‌فرنگی، ریز خردشده | ۱ پیمانه تره‌فرنگی، ریز خردشده","تره‌فرنگی ریز خردشده","2","1202;749",""
"۱/۲ پیمانه سس سویا | ۱/۴ پیمانه سس سویا","/ سس سویا","2","1390;1490",""
"برگ مو یا برگ کلم","برگ مو یا برگ کلم","2","487;477",""
"۱ قوطی ذرت شیرین، آبکش‌شده","قوطی ذرت شیرین آبکش‌شده","2","1398;624",""
"جعفری خرد شده برای تزئین | جعفری خرد شده، برای تزئین","جعفری خرد شده برای تزئین","2","74;210",""
"جعفری خردشده برای تزیین (اختیاری)","جعفری خردشده  (اختیاری)","2","592;800",""
"۳۵۰ گرم نخودفرنگی تازه","نخودفرنگی تازه","2","593;602",""
"۸ تا ۱۰ عدد کدو سبز متوسط","تا کدو سبز متوسط","2","1378;1435",""
"۲ عدد پیازچه، نازک خردشده | ۴ عدد پیازچه، نازک خردشده","پیازچه نازک خردشده","2","1373;674",""
"قارچ ورقه‌شده","قارچ ه‌شده","2","935;726",""
"آب گوشت یا مرغ - 6 پیمانه | آب گوشت یا مرغ 1 لیتر","آب گوشت یا مرغ","2","525;527",""
"یک بسته پنیر پیتزا","یک پنیر پیتزا","2","89;257",""
"دو عدد کدوی سبز متوسط","دو کدوی سبز متوسط","2","89;257",""
"یک حبه سیر، خرد شده | یک حبه سیر خرد شده","یک سیر خرد شده","2","89;144",""
"۲ قاشق چای‌خوری جعفری خردشده","قاشق چای‌خوری جعفری خردشده","2","1169;930",""
"۱۰ گرم جو پرک | ۱ پیمانه جو پرک","جو پرک","2","566;614",""
"۲ عدد هویج بزرگ | هویج – ۱ عدد بزرگ","هویج بزرگ","2","566;1047",""
"۴ حبه سیر، ریزشده | سیر – ۲ حبه، ریزشده","سیر ریزشده","2","518;1381",""
"۲ عدد پیازچه، خردشده (برای تزیین) | پیازچه خردشده (برای تزیین)","پیازچه خردشده ()","2","619;983",""
"۳ تا ۴ قاشق غذاخوری پیاز سرخ‌کرده","تا پیاز سرخ‌کرده","2","313;142",""
"۲ قاشق چای‌خوری روغن گردو","قاشق چای‌خوری روغن گردو","2","50;218",""
"۴ قاشق چای‌خوری روغن آفتابگردان","قاشق چای‌خوری روغن آفتابگردان","2","50;218",""
"۱ فنجان گردو","فنجان گردو","2","50;218",""
"کره، به مقدار لازم برای چرب کردن | کره – به مقدار لازم برای چرب کردن","کره  برای چرب کردن","2","1344;1381",""
"پیاز خرد شده - 2 عدد متوسط | پیاز خرد شده - 1 عدد متوسط","پیاز خرد شده متوسط","2","146;45",""
"پودر سماق - به میزان لازم | پودر سماق","پودر سماق","2","146;853",""
"کنجد برشته به مقدار لازم | کنجد برشته به میزان لازم","کنجد برشته","2","149;1261",""
"نخودفرنگی سبز به مقدار لازم | نخودفرنگی سبز – ۲۰۰ گرم","نخودفرنگی سبز","2","628;1229",""
"آب: 8 پیمانه | آب: به مقدار لازم","آب:","2","101;1442",""
"پنیر پیتزا: 50 گرم | پنیر پیتزا: ۱۰۰ گرم","پنیر پیتزا:","2","101;112",""
"۳ لیوان برنج نیم پز | ۴ پیمانه برنج نیم پز","برنج نیم پز","2","153;287",""
"۱.۵ لیتر آبِ مرغ | ۱.۵ پیمانه آبِ مرغ",". آبِ مرغ","2","578;1085",""
"250 گرم قارچ تفت‌داده‌شده | ۲۵۰ گرم قارچ، تفت‌داده‌شده","قارچ تفت‌داده‌شده","2","1153;695",""
"۱ عدد فلفل دلمه‌ای، خلالی نازک","فلفل دلمه‌ای خلالی نازک","2","1143;1319",""
"½ پیمانه خامه","½ خامه","2","632;1124",""
"1 عدد فلفل دلمه‌ای زرد | فلفل دلمه‌ای زرد","فلفل دلمه‌ای زرد","2","162;235",""
"2 قاشق غذاخوری زعفران آب‌کرده | زعفران، آب‌کرده","زعفران آب‌کرده","2","162;293",""
"شراب سفید خشک | ۱ پیمانه شراب سفید خشک","شراب سفید خشک","2","1188;1467",""
"یک بسته ماکارونی شکل دار","یک ماکارونی شکل دار","2","41;223",""
"کمی جوز هندی رنده‌شده | جوز هندی رنده‌شده، به مقدار لازم","جوز هندی رنده‌شده","2","692;693",""
"۲۲۵ گرم عدس، شسته‌شده | ۱ پیمانه عدس، شسته‌شده","عدس شسته‌شده","2","598;617",""
"۲ قاشق غذاخوری جعفری خردشده (برای تزیین) | ۳۵۰ گرم جعفری خردشده (برای تزیین)","جعفری خردشده ()","2","1330;846",""
"سیب‌زمینی نگینی | ۳۵۰ گرم سیب‌زمینی، نگینی","سیب‌زمینی نگینی","2","616;603",""
"۳ قاشق غذاخوری پیاز کاراملی‌شده","پیاز کاراملی‌شده","2","644;646",""
"300 گرم اسفناج، شسته و خرد شده | ۷۰۰ گرم اسفناج، شسته و خرد شده","اسفناج شسته و خرد شده","2","480;286",""
"۴ تا ۵ قاشق غذاخوری روغن مایع | ۱ تا ۲ قاشق غذاخوری روغن مایع","تا روغن مایع","2","893;83",""
"۱/۲ قاشق چای‌خوری زنجبیل آسیاب‌شده","/ قاشق چای‌خوری زنجبیل آسیاب‌شده","2","893;660",""
"سس سفید یا قرمز","سس سفید یا قرمز","2","111;280",""
"۱ کیلوگرم گوشت بره","کیلو گوشت بره","2","406;600",""
"۴ قاشق غذاخوری شوید تازه یا خشک | شوید تازه یا خشک","شوید تازه یا خشک","2","1118;589",""
"۱۵۰ گرم عدس پخته | ۴۰۰ گرم عدس پخته","عدس پخته","2","1411;420",""
"1/2 قاشق چای‌خوری پودر فلفل قرمز","/2 قاشق چای‌خوری پودر فلفل قرمز","2","168;338",""
"1/2 قاشق چای‌خوری پودر کاری","/2 قاشق چای‌خوری پودر کاری","2","168;338",""
"1 سفیده تخم‌مرغ، زده شده","سفیده تخم‌مرغ زده شده","2","168;338",""
"2 تخم‌مرغ، زده شده","تخم‌مرغ زده شده","2","168;338",""
"1/4 فنجان روغن بادام زمینی","/4 فنجان روغن بادام زمینی","2","168;338",""
"1 قاشق چای‌خوری پودر فلفل سیاه یا قرمز","قاشق چای‌خوری پودر فلفل سیاه یا قرمز","2","168;338",""
"2 و 1/4 فنجان برنج پخته","و 1/4 فنجان برنج پخته","2","168;338",""
"1 پیاز خام | ۱ پیاز خام","پیاز خام","2","183;353",""
"ادویه پلویی; به میزان لازم | ادویه پلویی به میزان لازم","ادویه پلویی","2","123;292",""
"۴ عدد گوجه‌فرنگی بزرگ | ۱ عدد گوجه‌فرنگی بزرگ","گوجه‌فرنگی بزرگ","2","184;966",""
"خیار حلقه‌شده","خیار حلقه‌شده","2","763;726",""
"۱/۳ پیمانه کشمش","/ کشمش","2","485;1427",""
"1 کیلوگرم گوجه‌فرنگی | ۳ کیلوگرم گوجه‌فرنگی","کیلو گوجه‌فرنگی","2","399;142",""
"۱ قاشق غذاخوری سرکه بالزامیک | سرکه بالزامیک - ۱ قاشق چایخوری","سرکه بالزامیک","2","675;271",""
"۱ عدد فلفل دلمه‌ای قرمز، نواری خردشده","فلفل دلمه‌ای قرمز نواری خردشده","2","836;826",""
"یک‌چهارم قاشق چای‌خوری زردچوبه","یک‌چهارم قاشق چای‌خوری زردچوبه","2","957;363",""
"¼ پیمانه پیاز ریز خردشده | ¼ پیمانه پیاز، ریز خردشده","¼ پیاز ریز خردشده","2","670;1038",""
"۵۰۰ گرم اسفناج تازه یا منجمد | اسفناج تازه یا منجمد","اسفناج تازه یا منجمد","2","1447;786",""
"۲ عدد بادمجان، مکعبی خردشده | ۱ عدد بادمجان، مکعبی خردشده","بادمجان مکعبی خردشده","2","1085;1450",""
"دو فنجان برنج","دو فنجان برنج","2","411;175",""
"۲ قاشق غذاخوری روغن حیوانی (گی) یا روغن مایع | ۴ قاشق غذاخوری روغن حیوانی (گی) یا روغن مایع","روغن حیوانی (گی) یا روغن مایع","2","1489;1474",""
"زردچوبه، نوک قاشق | زردچوبه – نوک قاشق","زردچوبه نوک قاشق","2","777;1292",""
"۲ قاشق غذاخوری ماست چکیده | ماست چکیده","ماست چکیده","2","825;730",""
"۳ عدد پیاز، رنده‌شده و آب‌گرفته | ۱ عدد پیاز، رنده‌شده و آب‌گرفته","پیاز رنده‌شده و آب‌گرفته","2","988;965",""
"پودر لیموعمانی، به مقدار لازم | ۱ قاشق غذاخوری پودر لیموعمانی","پودر لیموعمانی","2","1084;1111",""
"¼ پیمانه ریحان تازه خردشده | ¼ لیوان ریحان تازه خردشده","¼ ریحان تازه خردشده","2","1451;91",""
"۱ قاشق چای‌خوری آرد ذرت | 1 قاشق چای‌خوری آرد ذرت","قاشق چای‌خوری آرد ذرت","2","200;33",""
"نیم لیوان گشنیز تازه، خرد شده | نیم پیمانه گشنیز تازه خرد شده","نیم گشنیز تازه خرد شده","2","203;534",""
"1/2 پیمانه روغن","/2 روغن","2","206;39",""
"2 فنجان خامه سنگین | ۱ فنجان خامه سنگین","فنجان خامه سنگین","2","210;268",""
"۱۰۰ گرم پنیر موزارلا، رنده یا خردشده | پنیر موزارلا، رنده یا خردشده","پنیر موزارلا رنده یا خردشده","2","1285;768",""
"۱ قاشق چای‌خوری خمیرمایه خشک فعال","قاشق چای‌خوری خمیرمایه خشک فعال","2","1251;1464",""
"۲ عدد فلفل سبز، ریز خردشده","فلفل سبز ریز خردشده","2","1502;1486",""
"۵۰۰ گرم آرد سفید همه‌منظوره","آرد سفید همه‌منظوره","2","1464;739",""
"نیم قاشق چایخوری زردچوبه","نیم زردچوبه","2","349;498",""
"120 میلی‌لیتر شیر ولرم | ۲۷۵ میلی‌لیتر شیر ولرم","میلی‌ شیر ولرم","2","1261;739",""
"۲ عدد فلفل سبز، از طول شکافته","فلفل سبز از طول شکافته","2","1474;1500",""
"۱/۲ قاشق چای‌خوری جوز هندی","/ قاشق چای‌خوری جوز هندی","2","795;1034",""
"شیر – ۱/۲ پیمانه | شیر - ۳/۴ پیمانه","شیر /","2","1247;271",""
"لازانیا: 1000 گرم | لازانیا: ۱۰۰۰ گرم","لازانیا:","2","110;279",""
"پنیر گرویر: 150 گرم | پنیر گرویر: ۱۵۰ گرم","پنیر گرویر:","2","110;279",""
"بلدرچین کامل، تمیز شده | ۱۲۰۰ گرم بلدرچین کامل، تمیز شده","بلدرچین کامل تمیز شده","2","864;1016",""
"2 قاشق سوپ‌خوری کره","قاشق سوپ‌خوری کره","2","225;26",""
"۲ عدد گوجه‌فرنگی چهار قاچ شده | ۲ عدد گوجه‌فرنگی، چهار قاچ شده","گوجه‌فرنگی چهار قاچ شده","2","118;287",""
"۱ کیلوگرم کاهو خرد شده","کیلو کاهو خرد شده","2","118;287",""
"۱ عدد فلفل دلمه‌ای بزرگ","فلفل دلمه‌ای بزرگ","2","231;966",""
"تخم‌مرغ آب‌پز حلقه‌شده | ۲ عدد تخم‌مرغ آب‌پز، حلقه‌شده","تخم‌مرغ آب‌پز حلقه‌شده","2","726;587",""
"ریحان","ریحان","2","251;781",""
"۱ قاشق غذاخوری خردل دیژون | خردل دیژون","خردل دیژون","2","1258;757",""
"10 عدد زیتون بدون هسته | ۱۰ عدد زیتون بدون هسته","زیتون بدون هسته","2","272;104",""
"۱/۲ پیمانه هویج خرد شده | ۱/۲ پیمانه هویج، خرد شده","/ هویج خرد شده","2","499;389",""
"1 عدد فلفل دلمه ای قرمز | ۱ عدد فلفل دلمه ای قرمز","فلفل دلمه ای قرمز","2","270;48",""
"یک چهارم پیمانه روغن زیتون","یک چهارم روغن زیتون","2","270;102",""
"یک چهارم پیمانه سرکه سفید","یک چهارم سرکه سفید","2","270;102",""
"یک چهارم پیمانه ریحان تازه","یک چهارم ریحان تازه","2","270;102",""
"375 گرم ماکارونی باریک یا اسپاگتی","ماکارونی باریک یا اسپاگتی","2","270;102",""
"یک دوم پیمانه زیتون سیاه بدون هسته","یک دوم زیتون سیاه بدون هسته","2","270;102",""
"۱ قوطی (حدود ۴۰۰ گرم) گوجه‌فرنگی خردشده","قوطی (حدود ) گوجه‌فرنگی خردشده","2","1057;1467",""
"کشمش طلایی | ۱۰۰ گرم کشمش طلایی","کشمش طلایی","2","293;366",""
"یک قاشق چای‌خوری نمک","یک قاشق چای‌خوری نمک","2","37;32",""
"بادمجان خرد شده - 1 عدد | 1 عدد بادمجان خرد شده","بادمجان خرد شده","2","40;68",""
"فلفل سبز خرد شده - 1 عدد | 1 عدد فلفل سبز خرد شده","فلفل سبز خرد شده","2","40;68",""
"۱/۳ قاشق چای‌خوری زعفران آسیاب شده | ۱/۲ قاشق چای‌خوری زعفران آسیاب شده","/ قاشق چای‌خوری زعفران آسیاب شده","2","388;173",""
"۶ قاشق غذاخوری شوید تازه خرد شده | شوید تازه، خرد شده، برای تزیین","شوید تازه خرد شده","2","173;510",""
"نخود خیس‌خورده و چرخ‌شده – ۵۰۰ گرم","نخود خیس‌خورده و چرخ‌شده","1","1023",""
"فلفل دلمه‌ای چرخ‌شده و کاملاً آب‌گرفته – ۵۰۰ گرم","فلفل دلمه‌ای چرخ‌شده و کاملاً آب‌گرفته","1","1023",""
"پیاز کوچک چرخ‌شده و آب‌گرفته – ۱ عدد","پیاز کوچک چرخ‌شده و آب‌گرفته","1","1023",""
"سیب‌زمینی کوچک چرخ‌شده و آب‌گرفته – ۱ عدد","سیب‌زمینی کوچک چرخ‌شده و آب‌گرفته","1","1023",""
"بلغورگندم (یارما); 1 پیمانه","بلغورگندم (یارما)","1","307",""
"رب‌گوجه‌فرنگی; 1 قاشق غذاخوری","رب‌گوجه‌فرنگی","1","307",""
"نان","نان","1","181",""
"۹۰۰ گرم گوشت چرخ‌کرده گوساله کم‌چرب","گوشت چرخ‌کرده گوساله کم‌چرب","1","963",""
"۲۳۰ گرم سوسیس دودی چرخ‌کرده","سوسیس دودی چرخ‌کرده","1","963",""
"۸۵ گرم پنیر پارمزان، برش‌خورده به قطعات ۲.۵ × ۰.۵ سانتی‌متری","پنیر پارمزان برش‌خورده به قطعات . × . سانتی‌متری","1","963",""
"۳ تا ۴ قاشق چای‌خوری فلفل دلمه‌ای قرمز کبابی، خردشده به قطعات ۲.۵ سانتی‌متری","تا قاشق چای‌خوری فلفل دلمه‌ای قرمز کبابی خردشده به قطعات . سانتی‌متری","1","963",""
"برگ کاهو به مقدار لازم برای سرو","برگ کاهو  برای سرو","1","963",""
"۱/۲ پیمانه لپه زرد","/ لپه زرد","1","1024",""
"۱/۴ پیمانه نعناع تازه، خردشده","/ نعناع تازه خردشده","1","1024",""
"۴ تا ۵ پیمانه آبِ گوشت یا آبِ سبزیجات","تا آبِ گوشت یا آبِ سبزیجات","1","1024",""
"4.5 قاشق غذاخوری رب گوجه‌فرنگی، تقسیم‌شده","رب گوجه‌فرنگی تقسیم‌شده","1","1032",""
"3 قاشق چای‌خوری نمک، تقسیم‌شده","قاشق چای‌خوری نمک تقسیم‌شده","1","1032",""
"1 قاشق چای‌خوری پول بیبر یا فلفل قرمز پرک","قاشق چای‌خوری پول بیبر یا فلفل قرمز پرک","1","1032",""
"0.5 پیمانه بلغور","بلغور","1","1032",""
"1.5 تا 3 پیمانه آب","تا 3 آب","1","1032",""
"¼ قاشق چای‌خوری سس فلفل تند","¼ قاشق چای‌خوری سس فلفل تند","1","962",""
"½ پیمانه آب","½ آب","1","962",""
"۱ فنجان لوبیا قرمز","فنجان لوبیا قرمز","1","182",""
"۱/۲ پیاز بزرگ، خرد شده","/ پیاز بزرگ خرد شده","1","182",""
"۱۶۰ گرم سوسیس دودی","سوسیس دودی","1","182",""
"۳.۵ فنجان آب",". فنجان آب","1","182",""
"۱ فنجان بزرگ برنج پخته","فنجان بزرگ برنج پخته","1","182",""
"۳ عدد سیب‌زمینی متوسط، پوست‌کنده و ورقه‌ای نازک","سیب‌زمینی متوسط پوست‌کنده و ورقه‌ای نازک","1","783",""
"۱.۵ پیمانه آب مرغ",". آب مرغ","1","314",""
"نصف فلفل دلمه‌ای سبز، خرد شده","نصف فلفل دلمه‌ای سبز خرد شده","1","314",""
"۱ عدد فلفل تازه، خرد شده","فلفل تازه خرد شده","1","314",""
"نصف پیمانه گشنیز تازه، خرد شده","نصف گشنیز تازه خرد شده","1","314",""
"۴ پیمانه کلم سفید، ریز خردشده","کلم سفید ریز خردشده","1","1460",""
"⅔ پیمانه پیازچه، ریز خردشده","⅔ پیازچه ریز خردشده","1","1460",""
"½ پیمانه سس مایونز","½ سس مایونز","1","1460",""
"½ پیمانه ریحان تازه، ساطوری‌شده","½ ریحان تازه ساطوری‌شده","1","958",""
"گوجه‌فرنگی، در صورت تمایل برای سرو","گوجه‌فرنگی در صورت تمایل برای سرو","1","958",""
"۲۲۵ گرم گوشت خردشده","گوشت خردشده","1","784",""
"۴۵۰ گرم برگ اسفناج تازه، شسته و خردشده","برگ اسفناج تازه شسته و خردشده","1","1462",""
"۵ برش کالباس باکیفیت","برش کالباس باکیفیت","1","1462",""
"نوک قاشق چای‌خوری جوز هندی","نوک قاشق چای‌خوری جوز هندی","1","1462",""
"۱ پیمانه سویا دانه‌ریز","سویا دانه‌ریز","1","1035",""
"۱ لیوان کوچک هویج رنده‌شده","کوچک هویج رنده‌شده","1","1035",""
"½ پیمانه روغن، برای سرخ کردن","½ روغن برای سرخ کردن","1","1035",""
"۷۰۰ گرم مرغ، خردشده به اندازه سرو","مرغ خردشده به اندازه سرو","1","1361",""
"۱۵۰ گرم آلو خشک (حدود ۱ پیمانه)","گرم آلو خشک (حدود )","1","1361",""
"۳ تا ۴ قاشق غذاخوری لپه","تا لپه","1","1361",""
"۱ قاشق چای‌خوری زعفران ساییده و دم‌کرده","قاشق چای‌خوری زعفران ساییده و دم‌کرده","1","1361",""
"۱ پیمانه آرد نخودچی درشت","آرد نخودچی درشت","1","1037",""
"نمک، فلفل و ادویه مخلوط به میزان لازم","نمک فلفل و ادویه مخلوط","1","1037",""
"۱ پیمانه آب تمرهندی","آب تمرهندی","1","1037",""
"نمک و فلفل به میزان لازم (برای سس)","نمک و فلفل  (برای سس)","1","1037",""
"۱ عدد فلفل دلمه‌ای رنده‌شده","فلفل دلمه‌ای رنده‌شده","1","1037",""
"۲ برش نان بیات، بدون پوسته","برش نان بیات بدون پوسته","1","1040",""
"۲٫۵ قاشق چای‌خوری نمک","٫ قاشق چای‌خوری نمک","1","1040",""
"¼ پیمانه شیر","¼ شیر","1","1040",""
"۱٫۵ پیمانه آب","٫ آب","1","1040",""
"یک فنجان شیر","یک فنجان شیر","1","322",""
"پنجاه گرم کره","پنجاه کره","1","322",""
"یک قاشق چای‌خوری زعفران","یک قاشق چای‌خوری زعفران","1","322",""
"یک قاشق غذاخوری گلاب","یک گلاب","1","322",""
"پنجاه گرم پسته خلال‌شده","پنجاه پسته خلال‌شده","1","322",""
"پنجاه گرم بادام خلال‌شده","پنجاه بادام خلال‌شده","1","322",""
"۱ و نیم پیمانه برنج پخته (برای داخل کوفته)","و نیم برنج پخته (برای داخل کوفته)","1","1041",""
"۱ پیمانه برنج پخته (برای خورش)","برنج پخته (برای خورش)","1","1041",""
"نصف پیمانه روغن مایع","نصف روغن مایع","1","1041",""
"نصف پیمانه گردوی خرد و بو داده","نصف گردوی خرد و بو داده","1","1041",""
"۱/۴ پیمانه فلفل دلمه‌ای، ریز خردشده","/ فلفل دلمه‌ای ریز خردشده","1","788",""
"پیازچه تازه یا چایوز، ریز خردشده","پیازچه تازه یا چایوز ریز خردشده","1","788",""
"۱ قالب (۴۰۰ گرم) توفوی سفت، مکعبی خردشده","قالب ( ) توفوی سفت مکعبی خردشده","1","1478",""
"۲۰۰ گرم گوشت چرخ‌کرده خوک یا گوساله (اختیاری)","گوشت چرخ‌کرده خوک یا گوساله (اختیاری)","1","1478",""
"۲ قاشق غذاخوری دوبانجیانگ (خمیر لوبیای تند تخمیرشده)","دوبانجیانگ (خمیر لوبیای تند تخمیرشده)","1","1478",""
"۱ قاشق غذاخوری دوچی (لوبیای سیاه تخمیرشده)، شسته و ریز خردشده","دوچی (لوبیای سیاه تخمیرشده) شسته و ریز خردشده","1","1478",""
"۱ تکه زنجبیل تازه به اندازه ۲٫۵ سانتی‌متر، ریز خردشده","تکه زنجبیل تازه به اندازه ٫ سانتی‌متر ریز خردشده","1","1478",""
"۱ قاشق چای‌خوری فلفل سیچوان آسیاب‌شده","قاشق چای‌خوری فلفل سیچوان آسیاب‌شده","1","1478",""
"۱ قاشق غذاخوری نشاسته ذرت مخلوط با ۲ قاشق غذاخوری آب","نشاسته ذرت مخلوط با قاشق غذاخوری آب","1","1478",""
"۵۰۰ گرم گوشت کم‌چرب، خردشده","گوشت کم‌چرب خردشده","1","1043",""
"نصف قاشق چای‌خوری زعفران دم‌کرده با کمی آب گرم","نصف قاشق چای‌خوری زعفران دم‌کرده با  آب","1","1043",""
"هویج خلال شده ۳ تا ۴ عدد","هویج خلال شده تا","1","323",""
"کشمش پلویی ۱۰۰ گرم","کشمش پلویی","1","323",""
"پیاز داغ یک پیمانه","پیاز داغ یک","1","323",""
"زیره سبز","زیره سبز","1","323",""
"تخم گشنیز","تخم گشنیز","1","323",""
"سبزی تازه (اختیاری، برای تزیین)","سبزی تازه (اختیاری )","1","787",""
"۲ قاشق غذاخوری فلفل دلمه‌ای رنگارنگ خرد شده","فلفل دلمه‌ای رنگارنگ خرد شده","1","325",""
"۱ پیمانه اورَد دال (لوبیای سیاه پوست‌کنده)","اورَد دال (لوبیای سیاه پوست‌کنده)","1","1479",""
"۱/۲ قاشق چای‌خوری دانه شنبلیله","/ قاشق چای‌خوری دانه شنبلیله","1","1479",""
"روغن یا گی، برای پخت","روغن یا گی برای پخت","1","1479",""
"۱ پنس نعناع خشک","پنس نعناع خشک","1","780",""
"گشنیز تازه خردشده برای روی املت","گشنیز تازه خردشده برای روی املت","1","780",""
"۱۲ عدد گوجه‌فرنگی، حلقه‌شده","گوجه‌فرنگی حلقه‌شده","1","790",""
"۲ قاشق غذاخوری پنیر موزارلای رنده‌شده (اختیاری)","پنیر موزارلای رنده‌شده (اختیاری)","1","790",""
"۱ و ۱/۲ قاشق چای‌خوری ریحان تازه، خرد شده یا ۱/۲ قاشق چای‌خوری ریحان خشک","و / قاشق چای‌خوری ریحان تازه خرد شده یا / قاشق چای‌خوری ریحان خشک","1","42",""
"۸ عدد نودل لازانیا، خشک","نودل لازانیا خشک","1","42",""
"۳/۴ پیمانه پنیر سفید کم چرب یا بدون چربی","/ پنیر سفید کم چرب یا بدون چربی","1","42",""
"۱/۲ پیمانه پنیر موزارلا رنده شده","/ پنیر موزارلا رنده شده","1","42",""
"۲ قاشق غذاخوری پنیر پارمسان رنده شده یا پودر شده","پنیر پارمسان رنده شده یا پودر شده","1","42",""
"۲ قاشق چای‌خوری ریحان تازه، خرد شده یا ۱/۲ قاشق چای‌خوری چاشنی ایتالیایی","قاشق چای‌خوری ریحان تازه خرد شده یا / قاشق چای‌خوری چاشنی ایتالیایی","1","42",""
"۳ عدد سیب‌زمینی متوسط، رنده‌شده و آب‌گرفته","سیب‌زمینی متوسط رنده‌شده و آب‌گرفته","1","1045",""
"۱ پیمانه آبغوره (یا آب‌انگور ترش)","آبغوره (یا آب‌انگور ترش)","1","1045",""
"¼ پیمانه جعفری، ریز خردشده","¼ جعفری ریز خردشده","1","791",""
"۱ قوطی تُن ماهی، آبکش و ریش‌ریش‌شده","قوطی تُن ماهی آبکش و ریش‌ریش‌شده","1","791",""
"۳۰۰ گرم سیب‌زمینی پخته","سیب‌زمینی پخته","1","1046",""
"۱۵۰ گرم سبزی تازه خردشده (گشنیز و جعفری)","سبزی تازه خردشده (گشنیز و جعفری)","1","1046",""
"۳ عدد تخم‌مرغ پخته","تخم‌مرغ پخته","1","1046",""
"۱ عدد تخم‌مرغ خام (برای رومال)","تخم‌مرغ خام (برای رومال)","1","1046",""
"۲۳۰ گرم گوشت خوک چرخ‌کرده","گوشت خوک چرخ‌کرده","1","1484",""
"۱۱۵ گرم میگو، بسیار ریز خردشده","میگو بسیار ریز خردشده","1","1484",""
"۱ پیمانه کلم ناپا، ریز خردشده","کلم ناپا ریز خردشده","1","1484",""
"۱ قاشق غذاخوری زنجبیل تازه، رنده یا ریز خردشده","زنجبیل تازه رنده یا ریز خردشده","1","1484",""
"۱ عدد پیاز، رنده ریز و آب‌گرفته","پیاز رنده ریز و آب‌گرفته","1","1051",""
"یک‌چهارم پیمانه جعفری تازه، ریز خردشده","یک‌چهارم جعفری تازه ریز خردشده","1","1051",""
"نصف قاشق چای‌خوری زیره آسیاب‌شده","نصف قاشق چای‌خوری زیره آسیاب‌شده","1","1051",""
"یک‌چهارم قاشق چای‌خوری دارچین","یک‌چهارم قاشق چای‌خوری دارچین","1","1051",""
"۲ قاشق غذاخوری روغن مایع (برای سرخ‌کردن)","روغن مایع (برای سرخ‌کردن)","1","1051",""
"گشنیز تازه خردشده به مقدار دلخواه","گشنیز تازه خردشده به مقدار","1","792",""
"گوجه‌فرنگی؛ نیم‌کیلوگرم","گوجه‌فرنگی؛ نیم‌کیلو","1","340",""
"روغن زیتون؛ ۲ قاشق سوپ‌خوری","روغن زیتون؛ قاشق سوپ‌خوری","1","340",""
"پیاز؛ یک عدد متوسط، نگینی خرد شده","پیاز؛ یک متوسط نگینی خرد شده","1","340",""
"سیر؛ ۲ حبه، له شده","سیر؛ له شده","1","340",""
"برنج؛ ۲ و نیم پیمانه","برنج؛ و نیم","1","340",""
"آب جوشیده؛ ۳ پیمانه","آب جوشیده؛","1","340",""
"قرص عصاره سبزیجات؛ یک و نیم پیمانه","قرص عصاره سبزیجات؛ یک و نیم","1","340",""
"نمک؛ به مقدار لازم","نمک؛","1","340",""
"فلفل قرمز خشک شده؛ ۳ عدد","فلفل قرمز خشک شده؛","1","340",""
"نخودفرنگی؛ ۱۵۰ گرم","نخودفرنگی؛","1","340",""
"پودر فلفل سیاه؛ کمی","پودر فلفل سیاه؛","1","340",""
"ماست یونانی","ماست یونانی","1","328",""
"مرغ یا گوشت بره پخته (اختیاری)","مرغ یا گوشت بره پخته (اختیاری)","1","328",""
"غوره ۳۰۰ گرم","غوره","1","1052",""
"نمک، روغن و زردچوبه به میزان لازم","نمک روغن و زردچوبه","1","1052",""
"گوجه‌فرنگی گیلاسی چند عدد (اختیاری)","گوجه‌فرنگی گیلاسی چند (اختیاری)","1","1052",""
"۲۲۵ گرم نودل چاو ماین","نودل چاو ماین","1","1492",""
"۱ پیمانه فلفل دلمه‌ای قرمز و سبز، ورقه‌ای","فلفل دلمه‌ای قرمز و سبز ورقه‌ای","1","1492",""
"۱ پیمانه مرغ پخته یا میگو (اختیاری)","مرغ پخته یا میگو (اختیاری)","1","1492",""
"۳ عدد بادمجان متوسط، پوست‌گرفته و حلقه‌ای (برای کاهش تلخی در آب‌نمک خیسانده شود)","بادمجان متوسط پوست‌گرفته و حلقه‌ای (برای کاهش تلخی در آب‌نمک خیسانده شود)","1","776",""
"سبزی تازه برای تزیین (جعفری یا گشنیز)","سبزی تازه  (جعفری یا گشنیز)","1","776",""
"۴۰۰ گرم قارچ تازه، ورقه‌ای خرد شده","قارچ تازه ورقه‌ای خرد شده","1","1360",""
"۶۰۰ گرم سینه مرغ، در اندازه لقمه‌ای","سینه مرغ در اندازه لقمه‌ای","1","1360",""
"۲۰۰ میلی‌لیتر شیر سرد (حدود دو سوم لیوان)","میلی‌لیتر شیر سرد (حدود دو سوم )","1","1360",""
"۱ کیلوگرم برنج (آبکش شده)","کیلو برنج (آبکش شده)","1","329",""
"۱ عدد سینه مرغ پخته شده","سینه مرغ پخته شده","1","329",""
"۱ کیلوگرم بادمجان، ورقه شده و سرخ شده","کیلو بادمجان ورقه شده و سرخ شده","1","329",""
"نیم فنجان زعفران دم کرده","نیم فنجان زعفران دم کرده","1","329",""
"۲ فنجان زرشک تفت داده شده","فنجان زرشک تفت داده شده","1","329",""
"۱ فنجان روغن مایع","فنجان روغن مایع","1","329",""
"۴ عدد گوجه‌فرنگی متوسط، خردشده درشت","گوجه‌فرنگی متوسط خردشده درشت","1","774",""
"۲ قاشق غذاخوری شوید و نعناع خردشده","شوید و نعناع خردشده","1","774",""
"۱/۲ قاشق غذاخوری پودر سیر (اختیاری)","/ پودر سیر (اختیاری)","1","774",""
"۴ قاشق چای‌خوری روغن زیتون (تقسیم‌شده)","قاشق چای‌خوری روغن زیتون (تقسیم‌شده)","1","796",""
"۱ پیمانه لوبیای سبز خرد شده","لوبیای سبز خرد شده","1","335",""
"۳/۴ پیمانه ذرت پخته یا بخارپز","/ ذرت پخته یا بخارپز","1","335",""
"۱ عدد سیب زمینی متوسط، خرد شده","سیب زمینی متوسط خرد شده","1","335",""
"۱ عدد گوجه متوسط، خرد شده","گوجه متوسط خرد شده","1","335",""
"پودر سیر به مقدار دلخواه","پودر سیر به مقدار","1","335",""
"دارچین به مقدار دلخواه","دارچین به مقدار","1","335",""
"زردچوبه به مقدار دلخواه","زردچوبه به مقدار","1","335",""
"زعفران به مقدار دلخواه","زعفران به مقدار","1","335",""
"زعفران دم کرده به مقدار دلخواه","زعفران دم کرده به مقدار","1","335",""
"۷۵۰ گرم گوشت مغز ران گوساله","گوشت مغز ران گوساله","1","407",""
"۲ قاشق سوپخوری رب گوجه فرنگی","قاشق سوپخوری رب گوجه فرنگی","1","407",""
"۲ قاشق سوپخوری ادویه","قاشق سوپخوری ادویه","1","407",""
"۲ قاشق سوپخوری لیمو عمانی","قاشق سوپخوری لیمو عمانی","1","407",""
"۷۵۰ گرم گوشت گوسفند یا گوساله، خردشده مکعبی","گوشت گوسفند یا گوساله خردشده مکعبی","1","1053",""
"۷۵۰ گرم بامیه تازه، فقط سرِ سفت آن گرفته شود","بامیه تازه فقط سرِ سفت آن گرفته شود","1","1053",""
"چند حبه سیر، کمی له‌شده","چند سیر  له‌شده","1","1053",""
"۱ عدد بره کامل، تمیز و شسته‌شده","بره کامل تمیز و شسته‌شده","1","1015",""
"۳ عدد جگر بره، ریز خردشده","جگر بره ریز خردشده","1","1015",""
"۱ پیمانه پوست پرتقال خلالی","پوست پرتقال خلالی","1","1015",""
"۲٫۵ قاشق غذاخوری پیاز داغ","٫ پیاز داغ","1","1015",""
"۱٫۵ قاشق غذاخوری خلال بادام","٫ خلال بادام","1","1015",""
"۱٫۵ قاشق غذاخوری خلال پسته","٫ خلال پسته","1","1015",""
"۴ قاشق غذاخوری کره (تقسیم‌شده)","کره (تقسیم‌شده)","1","797",""
"مرغ کامل حدود ۱.۵ کیلوگرم، خرد شده","مرغ کامل حدود . کیلو خرد شده","1","1055",""
"زعفران ساییده و دم‌کرده، ۲ قاشق چای‌خوری","زعفران ساییده و دم‌کرده قاشق چای‌خوری","1","1055",""
"گردو یا بادام آسیاب‌شده، ۳۰۰ گرم","گردو یا بادام آسیاب‌شده","1","1055",""
"۱ فنجان سبزیجات مخلوط (مانند فلفل دلمه‌ای، هویج و نخود فرنگی)","فنجان سبزیجات مخلوط (مانند فلفل دلمه‌ای هویج و نخود فرنگی)","1","315",""
"۱ قاشق چایخوری زنجبیل رنده‌ شده","زنجبیل رنده‌ شده","1","315",""
"۵ قاشق غذاخوری سبزی تازه خردشده (جعفری، ترخون، پیازچه)","سبزی تازه خردشده (جعفری ترخون پیازچه)","1","798",""
"تخم‌مرغ تازه","تخم‌مرغ تازه","1","799",""
"روغن بی‌بو (کانولا یا روغن مایع)","روغن بی‌بو (کانولا یا روغن مایع)","1","799",""
"نمک و فلفل سیاه تازه‌ساب، به میزان لازم","نمک و فلفل سیاه تازه‌ساب","1","801",""
"۱۰۰ گرم مارچوبه، پاک‌شده و خردشده در اندازه لقمه‌ای","مارچوبه پاک‌شده و خردشده در اندازه لقمه‌ای","1","801",""
"۳۵۰ گرم گوشت چرخ‌کرده گوسفند","گوشت چرخ‌کرده گوسفند","1","330",""
"۱.۵ پیمانه گردو خردشده",". گردو خردشده","1","330",""
"۱ پیمانه ماست چکیده زعفرانی","ماست چکیده زعفرانی","1","330",""
"۴ زرده تخم‌مرغ و ۱ عدد تخم‌مرغ کامل","زرده تخم‌مرغ و تخم‌مرغ کامل","1","330",""
"۳ قاشق غذاخوری پیاز رنده شده سرخ‌شده","پیاز رنده شده سرخ‌شده","1","330",""
"ادویه‌جات، زردچوبه و دارچین به میزان لازم","ادویه‌جات زردچوبه و دارچین","1","330",""
"۷۵۰ گرم مرغ، خردشده در اندازه‌های خورشتی","مرغ خردشده در اندازه‌های خورشتی","1","1056",""
"۱۵۰ گرم بادام‌زمینی بدون نمک، کاملاً آسیاب‌شده","بادام‌زمینی بدون نمک کاملاً آسیاب‌شده","1","1056",""
"۱ قاشق چای‌خوری هل آسیاب‌شده","قاشق چای‌خوری هل آسیاب‌شده","1","1056",""
"1 پوند گوشت چرخ کرده یا گوسفندی","پوند گوشت چرخ کرده یا گوسفندی","1","191",""
"2 فنجان سس گوجه‌فرنگی","فنجان سس گوجه‌فرنگی","1","191",""
"2 فنجان پنیر ریکوتا","فنجان پنیر ریکوتا","1","191",""
"1 فنجان پنیر پارمزان رنده شده","فنجان پنیر پارمزان رنده شده","1","191",""
"2 فنجان پنیر موزارلا رنده شده","فنجان پنیر موزارلا رنده شده","1","191",""
"۴۵۰ گرم لوبیا قرمز خشک","لوبیا قرمز خشک","1","1059",""
"۳۰۰ گرم سوسیس، حلقه‌ای یا خردشده","سوسیس حلقه‌ای یا خردشده","1","1059",""
"۱/۲ پیمانه ساقه کرفس، خردشده","/ ساقه کرفس خردشده","1","1059",""
"۴ پیمانه آب (برای پخت لوبیا)","آب (برای پخت لوبیا)","1","1059",""
"۳ پیمانه برنج پخته، برای سرو","برنج پخته برای سرو","1","1059",""
"نان تازه ورقه‌ای","نان تازه ه‌ای","1","759",""
"ژامبون ورقه‌ای","ژامبون ه‌ای","1","759",""
"پنیر ورقه‌ای مخصوص","پنیر ه‌ای مخصوص","1","759",""
"کره یا مایونز","کره یا مایونز","1","759",""
"خیارشور (اختیاری)","خیارشور (اختیاری)","1","759",""
"خمیر پیتزا (۱ عدد، خانگی یا آماده)","خمیر پیتزا ( خانگی یا آماده)","1","932",""
"پیاز سفید ۱ عدد، نازک حلقه‌شده","پیاز سفید نازک حلقه‌شده","1","932",""
"پونه خشک یا سبزی معطر مخلوط ۱ قاشق چای‌خوری","پونه خشک یا سبزی معطر مخلوط قاشق چای‌خوری","1","932",""
"۱ کیلوگرم پیاز سرخ‌شده","کیلو پیاز سرخ‌شده","1","1061",""
"۱ پیمانه سس مایونز، تقسیم‌شده","سس مایونز تقسیم‌شده","1","758",""
"۱ پیمانه کرفس خردشده، تقسیم‌شده","کرفس خردشده تقسیم‌شده","1","758",""
"۲ قاشق غذاخوری آب‌لیمو، تقسیم‌شده","آب‌لیمو تقسیم‌شده","1","758",""
"۲ عدد تخم‌مرغ آب‌پز، ریز خردشده","تخم‌مرغ آب‌پز ریز خردشده","1","758",""
"۵۰ گرم مرغ پخته، ریز خردشده","مرغ پخته ریز خردشده","1","758",""
"۱/۲ پیمانه زیتون خردشده","/ زیتون خردشده","1","758",""
"۱ پیمانه ماست چکیده یا ماست خامه‌ای","ماست چکیده یا ماست خامه‌ای","1","758",""
"۱۵۰ گرم سوسیس سالامی تند، ریز خردشده","سوسیس سالامی تند ریز خردشده","1","758",""
"سس فلفل قرمز به میزان لازم","سس فلفل قرمز","1","758",""
"۹ برش نان تست بدون لبه","برش نان تست بدون لبه","1","758",""
"۱/۲ پیمانه ماءالشعیر ساده","/ ماءالشعیر ساده","1","758",""
"زعفران خشک - 1 قاشق چای خوری","زعفران خشک قاشق چای خوری","1","333",""
"روغن - برای سرخ کردن و پختن","روغن برای سرخ کردن و پختن","1","333",""
"پیاز قرمز","پیاز قرمز","1","806",""
"دو پیمانه برنج باسماتی","دو برنج باسماتی","1","336",""
"یک پیمانه باقلا پوست‌کنده","یک باقلا پوست‌کنده","1","336",""
"یک پیمانه شوید تازه خرد‌شده","یک شوید تازه خرد‌شده","1","336",""
"دو عدد ماهیچه گوسفند","دو ماهیچه گوسفند","1","336",""
"یک پیاز بزرگ خرد‌شده","یک پیاز بزرگ خرد‌شده","1","336",""
"یک قاشق غذاخوری کره","یک کره","1","336",""
"دو قاشق غذاخوری روغن نباتی","دو روغن نباتی","1","336",""
"یک پینچ زعفران، حل شده در دو قاشق غذاخوری آب داغ","یک پینچ زعفران حل شده در دو آب داغ","1","336",""
"چهار پیمانه آب","چهار آب","1","336",""
"۵۶۰ گرم جگر مرغ یا بره، تمیز و پاک‌شده","جگر مرغ یا بره تمیز و پاک‌شده","1","810",""
"۵۰۰ گرم گوشت گوسفند، خردشده","گوشت گوسفند خردشده","1","1064",""
"۱ تا ۲ عدد پیاز، ریز خردشده","تا پیاز ریز خردشده","1","1064",""
"۳۰۰ گرم بامیه، سر و ته گرفته","بامیه سر و ته گرفته","1","1070",""
"۲ عدد گوجه‌فرنگی متوسط، چهارقاچ‌شده","گوجه‌فرنگی متوسط چهارقاچ‌شده","1","1070",""
"یک مشت کوچک غوره خشک","یک مشت کوچک غوره خشک","1","1070",""
"¼ پیمانه روغن مایع","¼ روغن مایع","1","1070",""
"۳/۴ پیمانه میگو","/ میگو","1","928",""
"۲ تا ۳ عدد زیتون سیاه یا سبز، بدون هسته","تا زیتون سیاه یا سبز بدون هسته","1","928",""
"۱ قوطی کنسرو ماهی کیلکا","قوطی کنسرو ماهی کیلکا","1","928",""
"پودر میخک - نصف قاشق چایخوری","پودر میخک نصف","1","339",""
"سینه مرغ بدون استخوان و پوست - ۲ قطعه","سینه مرغ بدون استخوان و پوست قطعه","1","339",""
"میگو پاک‌شده – ۵۰۰ گرم","میگو پاک‌شده","1","1077",""
"سیر – ۱ بوته کامل، ریز خرد شده","سیر بوته کامل ریز خرد شده","1","1077",""
"گشنیز – ۱۵۰ گرم، ریز خرد شده","گشنیز ریز خرد شده","1","1077",""
"شنبلیله – ۱۵۰ گرم، ریز خرد شده","شنبلیله ریز خرد شده","1","1077",""
"تمر هندی – نصف بسته، خیسانده و صاف‌شده","تمر هندی نصف خیسانده و صاف‌شده","1","1077",""
"رب گوجه‌فرنگی – ۱ قاشق غذاخوری (یا آب گوجه‌فرنگی – ۱ پیمانه)","رب گوجه‌فرنگی قاشق غذاخوری (یا آب گوجه‌فرنگی )","1","1077",""
"۷۵۰ گرم گوشت گوسفند یا گوساله بدون استخوان، خردشده","گوشت گوسفند یا گوساله بدون استخوان خردشده","1","1078",""
"۵۰۰ گرم جغاله بادام، سر و ته گرفته","جغاله بادام سر و ته گرفته","1","1078",""
"آب‌لیمو تازه (اختیاری، به میزان دلخواه)","آب‌لیمو تازه (اختیاری به میزان )","1","1078",""
"۱ پیمانه مرغ پخته، ریش‌ریش یا نگینی","مرغ پخته ریش‌ریش یا نگینی","1","756",""
"¼ پیمانه پنیر چدار رنده‌شده","¼ پنیر چدار رنده‌شده","1","756",""
"۱ عدد سیب، پوست‌گرفته و ورقه‌ای نازک","سیب پوست‌گرفته و ورقه‌ای نازک","1","756",""
"سه فنجان برنج","سه فنجان برنج","1","342",""
"۰.۵ کیلوگرم گوشت خرد شده، معمولاً گوسفند یا گاو",". کیلو گوشت خرد شده معمولاً گوسفند یا گاو","1","342",""
"۰.۵ کیلوگرم برگ شنگ",". کیلو برگ شنگ","1","342",""
"یک مقدار زعفران","یک مقدار زعفران","1","342",""
"نمک بر اساس ذائقه","نمک بر اساس ذائقه","1","342",""
"۱ و ۵/۱ پیمانه لوبیای چشم‌بلبلی","و / لوبیای چشم‌بلبلی","1","344",""
"گوشت چرخ‌کرده (گوشت گوسفند یا گوساله)","گوشت چرخ‌کرده (گوشت گوسفند یا گوساله)","1","344",""
"روغن زیتون - سه قاشق غذاخوری","روغن زیتون سه","1","520",""
"پیاز خرد شده - یک عدد","پیاز خرد شده یک","1","520",""
"کرفس خرد شده - دو شاخه","کرفس خرد شده دو","1","520",""
"هویج ورقه شده - دو عدد","هویج ورقه شده دو","1","520",""
"سیر خرد شده - هشت حبه","سیر خرد شده هشت","1","520",""
"سیب‌زمینی خرد شده - یک عدد","سیب‌زمینی خرد شده یک","1","520",""
"دال عدس - یک پیمانه","دال عدس یک","1","520",""
"آب مرغ - چهار پیمانه","آب مرغ چهار","1","520",""
"برگ بو - دو عدد","برگ بو دو","1","520",""
"آب لیمو ترش - دو عدد","آب لیمو ترش دو","1","520",""
"پودر زیره - نصف قاشق چایخوری","پودر زیره نصف","1","520",""
"۱ عدد نان باگت فرانسوی بلند","نان باگت فرانسوی بلند","1","755",""
"۴ قاشق غذاخوری پنیر صبحانه/پنیر پخش‌شونده کرافت","پنیر صبحانه/پنیر پخش‌شونده کرافت","1","755",""
"کاهوی رنده‌شده به میزان لازم","کاهوی رنده‌شده","1","755",""
"۱ عدد خیار، حلقه‌ای خردشده","خیار حلقه‌ای خردشده","1","755",""
"۱ عدد گوجه‌فرنگی، حلقه‌ای خردشده","گوجه‌فرنگی حلقه‌ای خردشده","1","755",""
"۴ عدد زیتون سیاه، حلقه‌ای خردشده","زیتون سیاه حلقه‌ای خردشده","1","755",""
"۱ عدد تخم‌مرغ آب‌پز، ورقه‌ای خردشده","تخم‌مرغ آب‌پز ورقه‌ای خردشده","1","755",""
"ژامبون یا گوشت فرآوری‌شده مکعبی، به میزان لازم","ژامبون یا گوشت فرآوری‌شده مکعبی","1","755",""
"فلفل دلمه‌ای سبز خردشده و بدون دانه","فلفل دلمه‌ای سبز خردشده و بدون دانه","1","1087",""
"خمیر نان","خمیر نان","1","746",""
"سس مایونز (اختیاری، برای سرو)","سس مایونز (اختیاری برای سرو)","1","746",""
"سس خردل (اختیاری، برای سرو)","سس خردل (اختیاری برای سرو)","1","746",""
"پنیر (اختیاری، برای سرو)","پنیر (اختیاری برای سرو)","1","746",""
"۱ پیمانه مرغ یا بوقلمون پخته و ریش‌ریش‌شده","مرغ یا بوقلمون پخته و ریش‌ریش‌شده","1","753",""
"۱/۴ پیمانه ساقه کرفس ریز خردشده","/ ساقه کرفس ریز خردشده","1","753",""
"۱ قاشق غذاخوری جعفری یا گشنیز خردشده","جعفری یا گشنیز خردشده","1","753",""
"نان دلخواه برای سرو","نان  برای سرو","1","753",""
"۱ پیمانه لوبیای سرخ‌شده (Refried Beans)","لوبیای سرخ‌شده (Refried Beans)","1","1494",""
"۱ پیمانه کاهوی ریز خردشده","کاهوی ریز خردشده","1","1494",""
"۱/۲ پیمانه پنیر کسو فرسکو خردشده","/ پنیر کسو فرسکو خردشده","1","1494",""
"۱/۲ پیمانه سالسا (قرمز یا سبز)","/ سالسا (قرمز یا سبز)","1","1494",""
"خامه ترش، به میزان دلخواه","خامه ترش به میزان","1","1494",""
"۱ فنجان پنیر رنده شده ایتالیایی یا هلندی","فنجان پنیر رنده شده ایتالیایی یا هلندی","1","87",""
"سوسیس دودی (اختیاری)","سوسیس دودی (اختیاری)","1","352",""
"گوشت گوسفند (اختیاری)","گوشت گوسفند (اختیاری)","1","352",""
"فلفل قرمز (اختیاری)","فلفل قرمز (اختیاری)","1","352",""
"آویشن (اختیاری)","آویشن (اختیاری)","1","352",""
"۱ عدد گوجه‌فرنگی بزرگ، خردشده","گوجه‌فرنگی بزرگ خردشده","1","814",""
"۱ قوطی تُن ماهی، آبکش‌شده","قوطی تُن ماهی آبکش‌شده","1","814",""
"کره، برای چرب‌کردن قالب","کره برای چرب‌کردن قالب","1","814",""
"۱ کیلوگرم سیب‌زمینی، پوست‌گرفته و خلالی برای سرخ‌کردن","کیلو سیب‌زمینی پوست‌گرفته و خلالی برای سرخ‌کردن","1","1092",""
"۲۵۰ گرم گوجه‌فرنگی ریز خردشده یا ۳ قاشق غذاخوری رب گوجه‌فرنگی","گرم گوجه‌فرنگی ریز خردشده یا رب گوجه‌فرنگی","1","1092",""
"روغن به مقدار لازم برای پخت و سرخ‌کردن","روغن  برای پخت و سرخ‌کردن","1","1092",""
"۱۲۰ گرم فیله ماهی بدون استخوان","فیله ماهی بدون استخوان","1","741",""
"۱۰ گرم پودر پیاز","پودر پیاز","1","741",""
"۴۰ گرم خیارشور، ریز خردشده","خیارشور ریز خردشده","1","741",""
"۴۰ گرم کاهو، ریز خردشده","کاهو ریز خردشده","1","741",""
"۱۵۰ گرم مرغ پخته، ریز خرد یا چرخ‌شده","مرغ پخته ریز خرد یا چرخ‌شده","1","1409",""
"۱۵۰ گرم مخلوط آجیل و تنقلات شور (مانند پرِتزل، بیسکویت شور، بادام شور، فندق شور)، کاملاً خردشده","مخلوط آجیل و تنقلات شور (مانند پرِتزل بیسکویت شور بادام شور فندق شور) کاملاً خردشده","1","1409",""
"۴ عدد کتف مرغ","کتف مرغ","1","817",""
"۲ قاشق غذاخوری روغن (برای مرینیت)","روغن (برای مرینیت)","1","817",""
"۱/۲ پیمانه کنجد","/ کنجد","1","817",""
"۴۵۰ گرم نودلز یا ماکارونی رشته‌ای","نودلز یا ماکارونی رشته‌ای","1","217",""
"نیم پیمانه کره","نیم کره","1","217",""
"یک چهارم پیمانه آرد همه‌منظوره","یک چهارم آرد همه‌منظوره","1","217",""
"یک و نیم پیمانه شیر","یک و نیم شیر","1","217",""
"یک چهارم پیمانه خامه","یک چهارم خامه","1","217",""
"سه پیمانه فیله مرغ یا بوقلمون پخته و رشته شده","سه فیله مرغ یا بوقلمون پخته و رشته شده","1","217",""
"یک پیمانه نخود فرنگی","یک نخود فرنگی","1","217",""
"دو سوم پیمانه پنیر پارمزان","دو سوم پنیر پارمزان","1","217",""
"یک سوم پیمانه پنیر چدار","یک سوم پنیر چدار","1","217",""
"نیم پیمانه خرده‌نان","نیم خرده‌نان","1","217",""
"۴۵۰ گرم فیله ماهی تازه (مانند اسنپر یا تیلاپیا)، بدون پوست و خردشده به اندازه لقمه","فیله ماهی تازه (مانند اسنپر یا تیلاپیا) بدون پوست و خردشده به اندازه لقمه","1","1496",""
"نیم پیمانه پیاز قرمز، ریز خردشده","نیم پیاز قرمز ریز خردشده","1","1496",""
"۱ پیمانه گوجه‌گیلاسی، خردشده","گوجه‌گیلاسی خردشده","1","1496",""
"نیم پیمانه خیار، نگینی","نیم خیار نگینی","1","1496",""
"یک‌چهارم پیمانه گشنیز تازه، خردشده","یک‌چهارم گشنیز تازه خردشده","1","1496",""
"۱ عدد فلفل هالاپینیو، بدون دانه و ریز خردشده","فلفل هالاپینیو بدون دانه و ریز خردشده","1","1496",""
"چیپس ترتیلا، برای سرو","چیپس ترتیلا برای سرو","1","1496",""
"سبزی‌های تازه معطر خردشده (جعفری، شوید، گشنیز)","سبزی‌های تازه معطر خردشده (جعفری شوید گشنیز)","1","819",""
"۱ قاشق غذاخوری آویشن تازه، خردشده","آویشن تازه خردشده","1","1196",""
"۱ کیلوگرم سیب‌زمینی، پوست‌گرفته و چهارقاچ","کیلو سیب‌زمینی پوست‌گرفته و چهارقاچ","1","1196",""
"۴ عدد گوجه‌فرنگی درشت، چهارقاچ","گوجه‌فرنگی درشت چهارقاچ","1","1196",""
"آرد سفید – ½ پیمانه","آرد سفید ½","1","649",""
"کرفس – ۵۰ گرم، بسیار ریز خردشده","کرفس بسیار ریز خردشده","1","649",""
"پنیر فیلو – ۵۰۰ گرم، رنده‌شده","پنیر فیلو رنده‌شده","1","649",""
"۱ پیمانه لوبیا چشم‌بلبلی، خیس شده شب قبل","لوبیا چشم‌بلبلی خیس شده شب قبل","1","356",""
"۱ پیمانه رشته آش","رشته آش","1","356",""
"۱ عدد پیاز بزرگ، نازک ورقه شده","پیاز بزرگ نازک ورقه شده","1","356",""
"یک‌چهارم پیمانه روغن مایع","یک‌چهارم روغن مایع","1","356",""
"یک تا دو رشته زعفران، حل شده در ۲ قاشق غذاخوری آب داغ","یک تا دو رشته زعفران حل شده در آب داغ","1","356",""
"یک‌چهارم پیمانه کشمش (اختیاری)","یک‌چهارم کشمش (اختیاری)","1","356",""
"یک‌چهارم پیمانه زرشک، شسته شده (اختیاری)","یک‌چهارم زرشک شسته شده (اختیاری)","1","356",""
"یک‌چهارم پیمانه کره","یک‌چهارم کره","1","356",""
"۵۰۰ گرم گوشت گوسفند یا گوساله، خردشده در اندازه خورشتی","گوشت گوسفند یا گوساله خردشده در اندازه خورشتی","1","1097",""
"۱ کیلوگرم ساقه ریواس","کیلو ساقه ریواس","1","1097",""
"۲۰۰ گرم نعناع تازه، ساطوری‌شده","نعناع تازه ساطوری‌شده","1","1097",""
"۱ عدد کلم متوسط، خرد شده","کلم متوسط خرد شده","1","360",""
"۴۵۰ گرم گوشت چرخ‌کرده گوسفند یا گاو","گوشت چرخ‌کرده گوسفند یا گاو","1","360",""
"نیم قاشق چای‌خوری دارچین","نیم قاشق چای‌خوری دارچین","1","360",""
"۱/۴ پیمانه جعفری، خرد شده","/ جعفری خرد شده","1","360",""
"۱/۴ پیمانه روغن نباتی یا کره","/ روغن نباتی یا کره","1","360",""
"رشته‌های زعفران، خیسانده شده در آب گرم","رشته‌های زعفران خیسانده شده در آب","1","360",""
"۱ قاشق چای‌خوری زعفران ساییده، دم‌کرده در آب داغ","قاشق چای‌خوری زعفران ساییده دم‌کرده در آب داغ","1","1098",""
"۴ عدد سیب‌زمینی متوسط، پوست‌گرفته","سیب‌زمینی متوسط پوست‌گرفته","1","1098",""
"۵۰۰ گرم گشنیز و پیازچه","گشنیز و پیازچه","1","450",""
"تکه‌های مرغ (ران، ساق یا دلخواه)","تکه‌های مرغ (ران ساق یا )","1","829",""
"سیب‌زمینی ورقه‌شده (اختیاری)","سیب‌زمینی ه‌شده (اختیاری)","1","829",""
"پیاز ورقه‌شده","پیاز ه‌شده","1","829",""
"۱ کیلوگرم ماست چکیده، صاف و بدون آب","کیلو ماست چکیده صاف و بدون آب","1","1105",""
"۲۰۰ گرم مرغ پاک‌شده","مرغ پاک‌شده","1","1105",""
"۱ پیمانه خلال بادام یا خلال پوست پرتقال تلخ (خیسانده و آبکش‌شده)","خلال بادام یا خلال پوست پرتقال تلخ (خیسانده و آبکش‌شده)","1","1105",""
"۳ عدد پیاز، خلالی و سرخ‌شده تا طلایی","پیاز خلالی و سرخ‌شده تا طلایی","1","1105",""
"سوسیس رنده‌شده و سرخ‌شده","سوسیس رنده‌شده و سرخ‌شده","1","918",""
"پیاز ورقه‌ای","پیاز ه‌ای","1","918",""
"قارچ خردشده و سرخ‌شده","قارچ خردشده و سرخ‌شده","1","918",""
"کره یا روغن زیتون برای پخت","کره یا روغن زیتون برای پخت","1","918",""
"پودر سوخاری برای روکش","پودر سوخاری برای روکش","1","918",""
"۱ عدد تخم‌مرغ اضافی، زده‌شده برای روکش","تخم‌مرغ اضافی زده‌شده برای روکش","1","918",""
"۲ پیمانه سس قرمز انچیلادا","سس قرمز انچیلادا","1","1498",""
"۱ پیمانه پنیر رنده‌شده (چدار یا ترکیب مکزیکی)","پنیر رنده‌شده (چدار یا ترکیب مکزیکی)","1","1498",""
"۱/۲ پیمانه پیاز نگینی","/ پیاز نگینی","1","1498",""
"۱ پیمانه خامه ترش (ساور کرم)","خامه ترش (ساور کرم)","1","1498",""
"۱ پیمانه جعفری تازه، ساطوری","جعفری تازه ساطوری","1","1107",""
"۱ پیمانه نعناع تازه، ساطوری","نعناع تازه ساطوری","1","1107",""
"۱ پیمانه گوجه‌سبز تازه، شسته‌شده (با هسته یا بدون هسته)","گوجه‌سبز تازه شسته‌شده (با هسته یا بدون هسته)","1","1107",""
"آبِ ۱ عدد لیموترش تازه (اختیاری)","آبِ لیموترش تازه (اختیاری)","1","1107",""
"1 مرغ کامل یا 1 کیلوگرم بره","مرغ کامل یا کیلو بره","1","361",""
"2 فنجان روغن گیاهی","فنجان روغن گیاهی","1","361",""
"2 قاشق سوپ‌خوری شکر","قاشق سوپ‌خوری شکر","1","361",""
"3 بادمجان، سرخ‌شده","بادمجان سرخ‌شده","1","361",""
"۳۰۰ گرم پودر سوخاری تایلندی","پودر سوخاری تایلندی","1","831",""
"۱ قاشق غذاخوری مخلوط ادویه (پاپریکا، پودر سیر، گشنیز)","مخلوط ادویه (پاپریکا پودر سیر گشنیز)","1","832",""
"۲۰ عدد دانه فلفل سیاه کامل","دانه فلفل سیاه کامل","1","832",""
"۱۰۰ گرم قارچ (اختیاری)","قارچ (اختیاری)","1","832",""
"۵۰۰ گرم سینه یا ران مرغ، قطعه‌قطعه شده","سینه یا ران مرغ قطعه‌قطعه شده","1","332",""
"۳۰۰ گرم قارچ تازه، ورقه شده","قارچ تازه ورقه شده","1","332",""
"۵ قاشق غذاخوری پیاز سرخ‌ شده","پیاز سرخ‌ شده","1","332",""
"۱.۵ قاشق غذاخوری زنجبیل، خرد شده",". زنجبیل خرد شده","1","332",""
"فلفل دلمه‌ای قرمز، زرد و سبز، هر کدام یک عدد، خرد شده","فلفل دلمه‌ای قرمز زرد و سبز هر کدام یک خرد شده","1","332",""
"سه بادمجان","سه بادمجان","1","416",""
"چهار حبه سیر خرد شده","چهار سیر خرد شده","1","416",""
"یک فنجان برنج پخته شده","یک فنجان برنج پخته شده","1","416",""
"دو قاشق غذاخوری شوید خرد شده","دو شوید خرد شده","1","416",""
"دو قاشق غذاخوری نعناع خرد شده","دو نعناع خرد شده","1","416",""
"یک فنجان خامه","یک فنجان خامه","1","416",""
"یک قاشق غذاخوری آب‌لیمو","یک آب‌لیمو","1","416",""
"یک فنجان آب","یک فنجان آب","1","416",""
"۱۰۰ گرم لوبیا چشم بلبلی","لوبیا چشم بلبلی","1","62",""
"۲ عدد هویج درشت، پوست‌گرفته و حلقه‌ای خردشده","هویج درشت پوست‌گرفته و حلقه‌ای خردشده","1","1106",""
"۲۵۰ گرم گوشت گوساله یا گوسفند، خورشتی","گوشت گوساله یا گوسفند خورشتی","1","1106",""
"۱/۴ قاشق چای‌خوری زعفران ساییده، حل‌شده در ۲ قاشق غذاخوری آب داغ","/ قاشق چای‌خوری زعفران ساییده حل‌شده در آب داغ","1","1106",""
"۱ پیاز، خرد‌شده","پیاز خرد‌شده","1","362",""
"۳ گوجه‌فرنگی، پوست‌کنده و خرد‌شده","گوجه‌فرنگی پوست‌کنده و خرد‌شده","1","362",""
"۱ قاشق چای‌خوری پودر تخم گشنیز","قاشق چای‌خوری پودر تخم گشنیز","1","362",""
"۵۰ گرم یا نیم پیمانه بادام هندی","گرم یا نیم بادام هندی","1","362",""
"برنج فرد اعلا (1 کیلوگرم)","برنج فرد اعلا ( کیلو)","1","374",""
"عدس سبز (250 گرم)","عدس سبز ( )","1","374",""
"قارچ تازه (250 گرم)","قارچ تازه ( )","1","374",""
"گوشت چرخ کرده (250 گرم; اختیاری)","گوشت چرخ کرده ( اختیاری)","1","374",""
"پیاز (2 قاشق غذاخوری; سرخ شده)","پیاز ( سرخ شده)","1","374",""
"رب گوجه فرنگی (2 قاشق سوپخوری)","رب گوجه فرنگی ( قاشق سوپخوری)","1","374",""
"روغن یا کره (1 فنجان)","روغن یا کره ( فنجان)","1","374",""
"زعفران (به مقدار دلخواه)","زعفران (به مقدار )","1","374",""
"۱.۵ کیلوگرم مرغ، خردشده در اندازه خورشی",". کیلو مرغ خردشده در اندازه خورشی","1","1108",""
"۳ دسته پیازچه، خردشده","دسته پیازچه خردشده","1","1108",""
"۱ عدد پیاز، رنده ریز","پیاز رنده ریز","1","1108",""
"۱ کیلوگرم کاسنی (کاسنی فرنگی یا اندیو فرخورده)","کیلو کاسنی (کاسنی فرنگی یا اندیو فرخورده)","1","1504",""
"پرک فلفل قرمز، به میزان لازم (اختیاری)","پرک فلفل قرمز  (اختیاری)","1","1504",""
"۲ پیمانه لوبیای پخته","لوبیای پخته","1","838",""
"چند برش نان تست","چند برش نان تست","1","838",""
"جعفری ساطوری‌شده: به مقدار لازم","جعفری ساطوری‌شده:","1","69",""
"گوشت ران گوسفند، خردشده به قطعات کوچک","گوشت ران گوسفند خردشده به قطعات کوچک","1","1110",""
"لپه، شسته و از شب قبل خیس‌خورده","لپه شسته و از شب قبل خیس‌خورده","1","1110",""
"سیب‌زمینی، خلالی نازک","سیب‌زمینی خلالی نازک","1","1110",""
"زعفران ساییده، دم‌کرده با کمی آب داغ","زعفران ساییده دم‌کرده با  آب داغ","1","1110",""
"میگوی کنسروی – ۲۲۰ گرم، آبکش‌شده","میگوی کنسروی آبکش‌شده","1","934",""
"ماهی کیلکا یا آنچوی کنسروی – ۶۰ گرم","ماهی کیلکا یا آنچوی کنسروی","1","934",""
"کنگر فرنگی کنسروی – ۲ قوطی، آبکش و چهارقاچ","کنگر فرنگی کنسروی قوطی آبکش و چهارقاچ","1","934",""
"آویشن خشک – ½ قاشق چای‌خوری","آویشن خشک ½ قاشق چای‌خوری","1","934",""
"ریحان تازه، مرزه و جعفری – برای تزیین","ریحان تازه مرزه و جعفری","1","934",""
"۱ کیلوگرم ماهیچه بره","کیلو ماهیچه بره","1","1189",""
"۳ عدد هل سبز","هل سبز","1","1189",""
"زنجبیل تازه رنده‌شده (یا ۱ قاشق چای‌خوری پودر زنجبیل)","زنجبیل تازه رنده‌شده (یا قاشق چای‌خوری پودر زنجبیل)","1","1189",""
"۲ عدد گوجه‌فرنگی رسیده، پوست‌گرفته و پوره‌شده","گوجه‌فرنگی رسیده پوست‌گرفته و پوره‌شده","1","1189",""
"۵۰۰ گرم سینه بوقلمون، ورقه‌شده","سینه بوقلمون ورقه‌شده","1","828",""
"۱ قاشق چای‌خوری رزماری خشک","قاشق چای‌خوری رزماری خشک","1","828",""
"سبزی تازه (جعفری، شوید، نعناع، گشنیز)، ریز خردشده","سبزی تازه (جعفری شوید نعناع گشنیز) ریز خردشده","1","733",""
"پنیر فتا، رنده‌شده","پنیر فتا رنده‌شده","1","733",""
"نان پیتا یا لواش، خردشده به تکه‌های کوچک","نان پیتا یا لواش خردشده به تکه‌های کوچک","1","733",""
"تربچه، ورقه‌شده","تربچه ه‌شده","1","733",""
"پیازچه، حلقه‌ای خردشده","پیازچه حلقه‌ای خردشده","1","733",""
"۳۵۰ گرم گوشت گوسفند، خردشده در اندازه لقمه‌ای","گوشت گوسفند خردشده در اندازه لقمه‌ای","1","1113",""
"۵۰۰ گرم بامیه، شسته و سر و ته‌گرفته","بامیه شسته و سر و ته‌گرفته","1","1113",""
"۱ قاشق چای‌خوری زعفران ساییده، دم‌کرده در آب گرم","قاشق چای‌خوری زعفران ساییده دم‌کرده در آب","1","1113",""
"250 گرم ماهی فیله (ترجیحاً ماهی شیر)","ماهی فیله (ترجیحاً ماهی شیر)","1","465",""
"1 فنجان آب سرد","فنجان آب سرد","1","465",""
"2 حبه سیر رنده شده (یا پودر سیر)","سیر رنده شده (یا پودر سیر)","1","465",""
"مرغ پخته، ریز خردشده یا ریش‌ریش","مرغ پخته ریز خردشده یا ریش‌ریش","1","729",""
"بادام، کمی خردشده","بادام  خردشده","1","729",""
"کرفس خردشده یا جعفری خردشده","کرفس خردشده یا جعفری خردشده","1","729",""
"۴۰۰ گرم سینه مرغ، خردشده به اندازه ناگت","سینه مرغ خردشده به اندازه ناگت","1","848",""
"۱ پیمانه باترمیلک","باترمیلک","1","848",""
"۱/۲ قاشق چای‌خوری فلفل کاین","/ قاشق چای‌خوری فلفل کاین","1","848",""
"فلفل قرمز تازه، به میزان دلخواه","فلفل قرمز تازه به میزان","1","851",""
"بادام هندی، به میزان دلخواه","بادام هندی به میزان","1","851",""
"۱ پیمانه برنج دانه‌کوتاه یا متوسط","برنج دانه‌کوتاه یا متوسط","1","1509",""
"¼ پیمانه دال مونگ زرد (ماش لپه‌شده)","¼ دال مونگ زرد (ماش لپه‌شده)","1","1509",""
"½ قاشق چای‌خوری فلفل سیاه درسته","½ قاشق چای‌خوری فلفل سیاه درسته","1","1509",""
"½ قاشق چای‌خوری زیره سبز","½ قاشق چای‌خوری زیره سبز","1","1509",""
"۲ قاشق غذاخوری گھی (کره شفاف)","گھی (کره شفاف)","1","1509",""
"۲ قاشق غذاخوری گشنیز تازه خردشده (اختیاری)","گشنیز تازه خردشده (اختیاری)","1","1509",""
"۲ فیله ماهی ماکرل تازه، تمیزشده","فیله ماهی ماکرل تازه تمیزشده","1","1511",""
"۲ عدد لیموترش (یکی حلقه‌شده، یکی آب‌گرفته)","لیموترش (یکی حلقه‌شده یکی آب‌گرفته)","1","1511",""
"٣.٥ پیمانه برنج","٣.٥ برنج","1","370",""
"٢ پیمانه شکر","٢ شکر","1","370",""
"۱.۵ پیمانه آب سرد",". آب سرد","1","370",""
"۲ قاشق غذاخوری نمک درشت","نمک درشت","1","370",""
"۲ قاشق غذاخوری خلال پوست نارنگی یا پرتقال","خلال پوست نارنگی یا پرتقال","1","370",""
"۱ قاشق غذاخوری شکر اضافی","شکر اضافی","1","370",""
"شکلات","شکلات","1","1359",""
"۴ عدد ساق ران مرغ","ساق ران مرغ","1","856",""
"۱ پیمانه چیپس سیب‌زمینی خردشده","چیپس سیب‌زمینی خردشده","1","856",""
"آلبالو","آلبالو","1","379",""
"شکر - به دلخواه","شکر به","1","379",""
"مرغ، گوشت گاو یا گوسفند - به دلخواه","مرغ گوشت گاو یا گوسفند به","1","379",""
"پسته آسیاب شده یا خلال بادام - برای تزئین به دلخواه","پسته آسیاب شده یا خلال بادام برای تزئین به","1","379",""
"نان‌های کوچک گرد یا خمیر ول-او-وان","نان‌های کوچک گرد یا خمیر ول او وان","1","724",""
"خاویار","خاویار","1","724",""
"ماهی تُن","ماهی تُن","1","724",""
"قارچ کنسروی","قارچ کنسروی","1","724",""
"فیله ماهی قزل‌آلای پخته و رول‌شده","فیله ماهی قزل‌آلای پخته و رول‌شده","1","724",""
"برش‌های آناناس","برش‌های آناناس","1","724",""
"برش‌های تربچه","برش‌های تربچه","1","724",""
"حلقه‌های پیاز","حلقه‌های پیاز","1","724",""
"خیارشور ورقه‌شده","خیارشور ه‌شده","1","724",""
"۴ عدد فیله سینه مرغ","فیله سینه مرغ","1","859",""
"۴ برش ژامبون","برش ژامبون","1","859",""
"¼ پیمانه پنیر موزارلا یا چدار رنده‌شده","¼ پنیر موزارلا یا چدار رنده‌شده","1","859",""
"¼ پیمانه روغن مخصوص سرخ‌کردن","¼ روغن مخصوص سرخ‌کردن","1","859",""
"شنبلیله تازه","شنبلیله تازه","1","380",""
"فیله‌های ماهی","فیله‌های ماهی","1","380",""
"۲۰۰ گرم نودل گندمی","نودل گندمی","1","1514",""
"۲۰۰ گرم گوشت چرخ‌کرده خوک یا گاو","گوشت چرخ‌کرده خوک یا گاو","1","1514",""
"۳ قاشق غذاخوری خمیر سویای تخمیرشده","خمیر سویای تخمیرشده","1","1514",""
"۱ عدد خیار، خلالی","خیار خلالی","1","1514",""
"روغن کنجد برای روی غذا (اختیاری)","روغن کنجد برای روی غذا (اختیاری)","1","1514",""
"۲۰۰ گرم پاستای دیتالینی","پاستای دیتالینی","1","1515",""
"۴۰۰ گرم لوبیای سفید کنسروی (کانلینی)، آبکش و شسته‌شده","لوبیای سفید کنسروی (کانلینی) آبکش و شسته‌شده","1","1515",""
"۱ قوطی (۴۰۰ گرم) گوجه‌فرنگی خردشده","قوطی ( ) گوجه‌فرنگی خردشده","1","1515",""
"پنیر پارمزان رنده‌شده (اختیاری، برای سرو)","پنیر پارمزان رنده‌شده (اختیاری برای سرو)","1","1515",""
"نیم لیوان عدس","نیم عدس","1","177",""
"یک و نیم لیوان برنج","یک و نیم برنج","1","177",""
"دو عدد هویج","دو هویج","1","177",""
"یک قاشق چای‌خوری ادویه پلویی، اختیاری","یک قاشق چای‌خوری ادویه پلویی اختیاری","1","177",""
"دو قاشق غذاخوری کره یا روغن حیوانی","دو کره یا روغن حیوانی","1","177",""
"یک قاشق غذاخوری پیاز داغ","یک پیاز داغ","1","177",""
"نخود خام خیسانده و آبکش‌شده – پایه اصلی فلافل","نخود خام خیسانده و آبکش‌شده پایه اصلی فلافل","1","1404",""
"پیاز – برای ایجاد طعم شیرین و عمق مزه","پیاز برای ایجاد طعم شیرین و عمق مزه","1","1404",""
"سیر – برای عطر و طعم قوی","سیر برای عطر و طعم قوی","1","1404",""
"جعفری تازه – برای طراوت و رنگ","جعفری تازه برای طراوت و رنگ","1","1404",""
"زیره – با طعمی گرم و خاکی","زیره با طعمی و خاکی","1","1404",""
"تخم گشنیز – با رایحه‌ای ملایم و کمی مرکباتی","تخم گشنیز با رایحه‌ای ملایم و  مرکباتی","1","1404",""
"فلفل تند – برای تندی شاخص فلافل جنوبی","فلفل تند برای تندی شاخص فلافل جنوبی","1","1404",""
"نمک – برای متعادل‌سازی طعم‌ها","نمک برای متعادل‌سازی طعم‌ها","1","1404",""
"فلفل سیاه – برای تندی ملایم","فلفل سیاه برای تندی ملایم","1","1404",""
"بیکینگ پودر – برای بافت سبک‌تر","بیکینگ پودر برای بافت سبک‌تر","1","1404",""
"آب – در صورت نیاز برای انسجام مواد","آب در صورت نیاز برای انسجام مواد","1","1404",""
"¼ مرغ کامل، خردشده به اندازهٔ سرو","¼ مرغ کامل خردشده به اندازهٔ سرو","1","1114",""
"سبزی مخصوص پلو سبزی (با تأکید بر گشنیز)، ریز خردشده","سبزی مخصوص پلو سبزی (با تأکید بر گشنیز) ریز خردشده","1","1114",""
"۱ پیمانه سمولینا (راوا یا سوجی)","سمولینا (راوا یا سوجی)","1","1516",""
"¼ پیمانه گِهی (کره شفاف)","¼ گِهی (کره شفاف)","1","1516",""
"¼ پیمانه بادام هندی","¼ بادام هندی","1","1516",""
"½ قاشق چای‌خوری پودر هل","½ قاشق چای‌خوری پودر هل","1","1516",""
"چند رشته زعفران (اختیاری)","چند رشته زعفران (اختیاری)","1","1516",""
"رنگ خوراکی زرد یا نارنجی (اختیاری)","رنگ خوراکی زرد یا نارنجی (اختیاری)","1","1516",""
"کاپر، ریز خردشده","کاپر ریز خردشده","1","723",""
"برگ کاهو برای سرو","برگ کاهو برای سرو","1","723",""
"۱ عدد مرغ کامل، خردشده به قطعات مناسب سرو","مرغ کامل خردشده به قطعات مناسب سرو","1","861",""
"۲ عدد هویج بزرگ، پوست‌کنده و حلقه‌ای","هویج بزرگ پوست‌کنده و حلقه‌ای","1","861",""
"۱ عدد فلفل دلمه‌ای قرمز، نواری","فلفل دلمه‌ای قرمز نواری","1","861",""
"۱ عدد فلفل دلمه‌ای زرد، نواری","فلفل دلمه‌ای زرد نواری","1","861",""
"۵۰۰ گرم گوشت گوسفندی بدون استخوان (سردست یا ران)، خردشده","گوشت گوسفندی بدون استخوان (سردست یا ران) خردشده","1","1117",""
"۳ تا ۴ ساقه کرفس تازه","تا ساقه کرفس تازه","1","1117",""
"۱ استکان کوچک آب‌لیمو تازه","استکان کوچک آب‌لیمو تازه","1","1117",""
"۱ قاشق چای‌خوری زعفران ساییده، دم‌کرده","قاشق چای‌خوری زعفران ساییده دم‌کرده","1","1117",""
"۵۰۰ گرم سبزی تازه نعناع و جعفری (اختیاری)","سبزی تازه نعناع و جعفری (اختیاری)","1","1117",""
"۱ پیمانه پنیر رنده‌شده (چدار یا کوئسو بلانکو)","پنیر رنده‌شده (چدار یا کوئسو بلانکو)","1","1520",""
"خامه ترش (برای سرو)","خامه ترش (برای سرو)","1","1520",""
"گواکاموله (برای سرو)","گواکاموله (برای سرو)","1","1520",""
"۲ تا ۳ قاشق غذاخوری جعفری خردشده","تا جعفری خردشده","1","1174",""
"۳۰ گرم کره (برای روی پیده)","کره (برای روی پیده)","1","1174",""
"۲۵۰ گرم مرغ بدون استخوان، خردشده","مرغ بدون استخوان خردشده","1","867",""
"۲ عدد گوجه‌فرنگی متوسط، نگینی خردشده","گوجه‌فرنگی متوسط نگینی خردشده","1","867",""
"ادویه دلخواه (مانند زردچوبه) به مقدار لازم","ادویه  (مانند زردچوبه)","1","867",""
"آب نارنج به مقدار لازم","آب نارنج","1","867",""
"کره برای تفت دادن قارچ","کره برای تفت دادن قارچ","1","867",""
"آب‌لیمو برای تفت دادن قارچ","آب‌لیمو برای تفت دادن قارچ","1","867",""
"بادمجان درشت – ۱ کیلوگرم","بادمجان درشت کیلو","1","1120",""
"کشک خشک – ۱ پیمانه","کشک خشک","1","1120",""
"طحینه (ارده) – ۶ قاشق غذاخوری","طحینه (ارده)","1","1120",""
"خیار تازه (خیار ایرانی یا انگلیسی)، شسته و خشک‌شده","خیار تازه (خیار ایرانی یا انگلیسی) شسته و خشک‌شده","1","721",""
"سالامی یا ژامبون سرد برش‌خورده (ترجیحاً سالامی بوقلمون یا مرغ)","سالامی یا ژامبون سرد برش‌خورده (ترجیحاً سالامی بوقلمون یا مرغ)","1","721",""
"۸ عدد نان ترتیلا ذرت، خردشده به چهار قسمت","نان ترتیلا ذرت خردشده به چهار قسمت","1","1523",""
"۲ پیمانه سالسای سبز یا قرمز","سالسای سبز یا قرمز","1","1523",""
"۱ پیمانه مرغ ریش‌ریش پخته (اختیاری)","مرغ ریش‌ریش پخته (اختیاری)","1","1523",""
"½ پیمانه پنیر کوئسو فرسکو، خردشده","½ پنیر کوئسو فرسکو خردشده","1","1523",""
"۱ عدد آووکادو، ورقه‌شده","آووکادو ورقه‌شده","1","1523",""
"¼ پیمانه گشنیز تازه، خردشده","¼ گشنیز تازه خردشده","1","1523",""
"برنج باسماتی یا دانه‌بلند","برنج باسماتی یا دانه‌بلند","1","385",""
"شکر یا عسل","شکر یا عسل","1","385",""
"خلال بادام یا پسته برای تزیین (اختیاری)","خلال بادام یا پسته  (اختیاری)","1","385",""
"پوست پرتقال یا لیمو زنده شده","پوست پرتقال یا لیمو زنده شده","1","385",""
"۲ عدد هویج بزرگ، حلقه‌ای خرد شده","هویج بزرگ حلقه‌ای خرد شده","1","870",""
"۲ پیمانه آبِ مرغ (ترجیحاً کم‌نمک)","آبِ مرغ (ترجیحاً کم‌نمک)","1","870",""
"۱ کیلوگرم سبزی تازه (نعناع و جعفری)، ریز خردشده","کیلو سبزی تازه (نعناع و جعفری) ریز خردشده","1","1121",""
"۵۰۰ گرم گوجه سبز نارس","گوجه سبز نارس","1","1121",""
"۱ قاشق غذاخوری آب‌لیمو (اختیاری، در صورت نیاز)","آب‌لیمو (اختیاری در صورت نیاز)","1","1121",""
"۱ پیمانه آب نارنگی تازه","آب نارنگی تازه","1","871",""
"۱ عدد پیاز بزرگ، نازک خلالی شده","پیاز بزرگ نازک خلالی شده","1","871",""
"¼ قاشق چای‌خوری زعفران ساییده، حل شده در ۲ قاشق غذاخوری آب داغ","¼ قاشق چای‌خوری زعفران ساییده حل شده در آب داغ","1","871",""
"۲ عدد نارنگی، پوست‌گرفته و پرپر شده","نارنگی پوست‌گرفته و پرپر شده","1","871",""
"۱ کیلوگرم ماهی کاد نمک‌سود، ۲۴ تا ۴۸ ساعت خیسانده و آب‌گیری شده","کیلو ماهی کاد نمک‌سود تا ساعت خیسانده و آب‌گیری شده","1","1524",""
"۱۰۰ گرم پنیر پارمیجانو-رجیانو رنده‌شده","پنیر پارمیجانو رجیانو رنده‌شده","1","1524",""
"۱ دسته جعفری تازه، خردشده","دسته جعفری تازه خردشده","1","1524",""
"برش‌های لیموی تازه، برای تزیین","برش‌های لیموی تازه","1","1524",""
"۸ تکه مرغ بدون پوست","تکه مرغ بدون پوست","1","1129",""
"۲ عدد سیب‌زمینی متوسط، پوست‌گرفته و ورقه‌شده","سیب‌زمینی متوسط پوست‌گرفته و ورقه‌شده","1","1129",""
"پاستای دلخواه","پاستای","1","872",""
"گشنیز یا جعفری تازه خردشده (برای تزیین)","گشنیز یا جعفری تازه خردشده ()","1","872",""
"۴ عدد ترب سفید یا شلغم متوسط","ترب سفید یا شلغم متوسط","1","719",""
"۴ عدد گوجه‌فرنگی درشت","گوجه‌فرنگی درشت","1","719",""
"مخلوط سالاد دلخواه","مخلوط سالاد","1","719",""
"فلفل سبز یا رنگی درسته برای تزیین","فلفل سبز یا رنگی درسته","1","719",""
"سیب‌زمینی کوچک، پخته یا آب‌پز","سیب‌زمینی کوچک پخته یا آب‌پز","1","719",""
"خلال دندان به تعداد لازم","خلال دندان به تعداد لازم","1","719",""
"چند عدد تربچه برای تزیین","چند تربچه","1","719",""
"۱ حبه سیر ریز رنده یا ۱ قاشق چای‌خوری پودر سیر","سیر ریز رنده یا قاشق چای‌خوری پودر سیر","1","713",""
"۱ قاشق غذاخوری نعناع تازه خردشده","نعناع تازه خردشده","1","713",""
"۲ قاشق غذاخوری گردوی خردشده یا کنجد","گردوی خردشده یا کنجد","1","713",""
"برگ کرفس، برگ مو یا برگ کاهو برای تزیین","برگ کرفس برگ مو یا برگ کاهو","1","713",""
"1 عدد بوقلمون کامل","بوقلمون کامل","1","873",""
"چند شاخه رزماری تازه","چند رزماری تازه","1","873",""
"چند شاخه آویشن تازه","چند آویشن تازه","1","873",""
"8 عدد سیب کوچک سالم","سیب کوچک سالم","1","873",""
"1.5 کیلوگرم سیب کوچک، پوست‌کنده و خردشده","کیلو سیب کوچک پوست‌کنده و خردشده","1","873",""
"1 دسته سبزی معطر تازه (نعناع، ترخون، جعفری)","دسته سبزی معطر تازه (نعناع ترخون جعفری)","1","873",""
"سس کرن‌بری برای سرو","سس کرن‌بری برای سرو","1","873",""
"برای لیتی:","برای لیتی:","1","1525",""
"۱ پیمانه ساتو (آرد نخودچی برشته)","ساتو (آرد نخودچی برشته)","1","1525",""
"۱ قاشق چای‌خوری دانه اجواین","قاشق چای‌خوری دانه اجواین","1","1525",""
"برای چوخا:","برای چوخا:","1","1525",""
"۲ تا ۳ عدد سیب‌زمینی آب‌پز و پوست‌کنده","تا سیب‌زمینی آب‌پز و پوست‌کنده","1","1525",""
"ماکارونی نیزه ای یا صدفی، ۵۰۰ گرم","ماکارونی نیزه ای یا صدفی","1","80",""
"ذرت، به میزان دلخواه","ذرت به میزان","1","80",""
"نخود فرنگی، به میزان دلخواه","نخود فرنگی به میزان","1","80",""
"پیاز، یک عدد متوسط","پیاز یک متوسط","1","80",""
"بال مرغ – 1 کیلوگرم","بال مرغ کیلو","1","878",""
"۱٫۵ کیلوگرم گوشت گوسفند یا گوساله، درشت خردشده","٫ کیلو گوشت گوسفند یا گوساله درشت خردشده","1","1170",""
"۱ تکه کوچک زنجبیل تازه، بسیار ریز خردشده","تکه کوچک زنجبیل تازه بسیار ریز خردشده","1","1170",""
"۱ عدد برگ لیمو","برگ لیمو","1","1170",""
"۱ عدد انیسون ستاره‌ای","انیسون ستاره‌ای","1","1170",""
"نصف قاشق چای‌خوری زعفران دم‌کرده در آب گرم","نصف قاشق چای‌خوری زعفران دم‌کرده در آب","1","1170",""
"نصف قاشق چای‌خوری دانه گشنیز، کمی کوبیده","نصف قاشق چای‌خوری دانه گشنیز  کوبیده","1","1170",""
"نصف قاشق چای‌خوری پاپریکا","نصف قاشق چای‌خوری پاپریکا","1","1170",""
"۱ عدد انار، دانه‌شده","انار دانه‌شده","1","1170",""
"نصف پیمانه قیسی","نصف قیسی","1","1170",""
"نصف پیمانه خرما، بدون هسته","نصف خرما بدون هسته","1","1170",""
"نصف پیمانه به، نگینی خردشده","نصف به نگینی خردشده","1","1170",""
"۱ دسته گشنیز تازه، خردشده (برای تزیین)","دسته گشنیز تازه خردشده ()","1","1170",""
"۱ عدد فلفل تند (درسته یا حلقه‌ای، به ذائقه)","فلفل تند (درسته یا حلقه‌ای به ذائقه)","1","1170",""
"750 سی‌سی شیر","سی‌سی شیر","1","386",""
"100 گرم شیره انگور","شیره انگور","1","386",""
"۵۰۰ گرم سیب‌زمینی پخته، کمی نمک‌زده","سیب‌زمینی پخته  نمک‌زده","1","709",""
"۱ قاشق چای‌خوری سیاه‌دانه","قاشق چای‌خوری سیاه‌دانه","1","709",""
"۶ پیمانه سیب‌زمینی آب‌پز، نگینی (حدود ۱ سانتی‌متر)","سیب‌زمینی آب‌پز نگینی (حدود سانتی‌متر)","1","711",""
"۱ پیمانه هویج آب‌پز، نگینی","هویج آب‌پز نگینی","1","711",""
"۱ پیمانه لوبیا سبز آب‌پز، خردشده","لوبیا سبز آب‌پز خردشده","1","711",""
"۴ عدد تخم‌مرغ آب‌پز سفت، نگینی","تخم‌مرغ آب‌پز سفت نگینی","1","711",""
"۱/۲ پیمانه مخلوط پیازچه، جعفری و گشنیز خردشده","/ مخلوط پیازچه جعفری و گشنیز خردشده","1","711",""
"۱/۴ پیمانه روغن زیتون یا روغن سالاد","/ روغن زیتون یا روغن سالاد","1","711",""
"تا ۱/۳ پیمانه سرکه و آب‌لیمو (به میزان دلخواه)","تا / سرکه و آب‌لیمو (به میزان )","1","711",""
"۱/۲ پیمانه دال مونگ زرد پوست‌کنده (نصف‌شده)","/ دال مونگ زرد پوست‌کنده (نصف‌شده)","1","1529",""
"۱ قاشق چای‌خوری خمیر زنجبیل-سیر","قاشق چای‌خوری خمیر زنجبیل سیر","1","1529",""
"۵۰۰ گرم گوشت گوساله، خردشده به مکعب‌های کوچک","گوشت گوساله خردشده به مکعب‌های کوچک","1","879",""
"۶۰ گرم کره پاستوریزه، تقسیم‌شده","کره پاستوریزه تقسیم‌شده","1","705",""
"۱ عدد تره‌فرنگی متوسط، ریز خردشده","تره‌فرنگی متوسط ریز خردشده","1","705",""
"۱۵۰ گرم شیر پاستوریزه، گرم‌شده","شیر پاستوریزه گرم‌شده","1","705",""
"۲ قاشق غذاخوری پنیر پارمزان رنده‌شده (برای رویه)","پنیر پارمزان رنده‌شده (برای رویه)","1","705",""
"۱۰۰ گرم پنیر پارمزان رنده‌شده (برای مواد میانی)","پنیر پارمزان رنده‌شده (برای مواد میانی)","1","705",""
"۵۰ گرم پنیر خامه‌ای پاستوریزه، نرم‌شده","پنیر خامه‌ای پاستوریزه نرم‌شده","1","705",""
"۵ تا ۶ عدد گوجه‌فرنگی رسیده، رنده‌شده","تا گوجه‌فرنگی رسیده رنده‌شده","1","1167",""
"۳۵۰ گرم سینه مرغ بدون استخوان، خردشده در اندازه لقمه‌ای","سینه مرغ بدون استخوان خردشده در اندازه لقمه‌ای","1","881",""
"۴ تا ۵ قاشق غذاخوری پیازچه، ریز خردشده","تا پیازچه ریز خردشده","1","881",""
"کمی زعفران دم‌کرده (اختیاری، برای رنگ)","زعفران دم‌کرده (اختیاری برای رنگ)","1","881",""
"۲ تا ۳ قاشق غذاخوری جعفری خردشده (اختیاری)","تا جعفری خردشده (اختیاری)","1","884",""
"¼ پیمانه آب لیموترش تازه","¼ آب لیموترش تازه","1","884",""
"۵۰۰ گرم آرد همه‌منظوره","آرد همه‌منظوره","1","1532",""
"۱۰۰ میلی‌لیتر روغن زیتون فرابکر","میلی‌ روغن زیتون فرابکر","1","1532",""
"فلفل سیاه تازه آسیاب‌شده، به میزان دلخواه","فلفل سیاه تازه آسیاب‌شده به میزان","1","1532",""
"برگ مو (کنسروی یا شیشه‌ای، کاملاً شسته‌شده)","برگ مو (کنسروی یا شیشه‌ای کاملاً شسته‌شده)","1","703",""
"برنج سفید، شسته و آبکش‌شده","برنج سفید شسته و آبکش‌شده","1","703",""
"فندق یا گردو، ریز خردشده (اختیاری)","فندق یا گردو ریز خردشده (اختیاری)","1","703",""
"۵۰۰ گرم فیله گوشت گوساله، خردشده به قطعات لقمه‌ای","فیله گوشت گوساله خردشده به قطعات لقمه‌ای","1","889",""
"نمک و ادویه دلخواه (مانند فلفل سیاه و زردچوبه) به میزان لازم","نمک و ادویه  (مانند فلفل سیاه و زردچوبه)","1","889",""
"۲ پیمانه توماتیلو تازه، پوست‌گرفته و شسته‌شده","توماتیلو تازه پوست‌گرفته و شسته‌شده","1","1534",""
"۲ عدد فلفل هالاپینو خردشده","فلفل هالاپینو خردشده","1","1534",""
"۱ عدد پیاز، رنده یا خیلی ریز خرد شده","پیاز رنده یا خیلی ریز خرد شده","1","890",""
"۱ عدد سیب‌زمینی، نگینی خرد شده","سیب‌زمینی نگینی خرد شده","1","890",""
"۲ لیوان نعناع و جعفری خرد شده","نعناع و جعفری خرد شده","1","890",""
"روغن مایع یا روغن بدون بو، به مقدار لازم","روغن مایع یا روغن بدون بو","1","890",""
"۱ عدد گل‌کلم کوچک، خردشده به گل‌های متوسط","گل‌کلم کوچک خردشده به گل‌های متوسط","1","1134",""
"۱ بوته سیر تازه، حبه‌ها جدا و از وسط نصف‌شده","بوته سیر تازه ‌ها جدا و از وسط نصف‌شده","1","1134",""
"۲۵۰ گرم سبزی ریز خرد شده (ریحان، نعناع، و گشنیز)","سبزی ریز خرد شده (ریحان نعناع و گشنیز)","1","392",""
"۱/۴ قاشق چایخوری زعفران","/ زعفران","1","392",""
"پنیر پیتزا (برای داخل پلو توپی‌ها)","پنیر پیتزا (برای داخل پلو توپی‌ها)","1","392",""
"مرغ یا گوشت بره","مرغ یا گوشت بره","1","401",""
"آب یا سوپ","آب یا سوپ","1","401",""
"۵۰۰ گرم شکم‌گوشت خوک (یا به‌دلخواه گوشت گوساله یا مرغ)","شکم‌گوشت خوک (یا به‌ گوشت گوساله یا مرغ)","1","1539",""
"۱ عدد خیار، نازک برش‌خورده","خیار نازک برش‌خورده","1","1539",""
"نان بائو بخارپز (آماده یا خانگی)","نان بائو بخارپز (آماده یا خانگی)","1","1539",""
"سبزی خردل ترشی‌شده (اختیاری)","سبزی خردل ترشی‌شده (اختیاری)","1","1539",""
"۲ کاهوی بزرگ، درشت خردشده","کاهوی بزرگ درشت خردشده","1","892",""
"4 ورق کالباس مرغ یا گوشت","کالباس مرغ یا گوشت","1","85",""
"2 عدد تره فرنگی متوسط","تره فرنگی متوسط","1","85",""
"4 قاشق سوپ خوری روغن زیتون","قاشق سوپ خوری روغن زیتون","1","85",""
"300 میلی لیتر خامه","میلی خامه","1","85",""
"2 قاشق چای خوری خلال پوست لیموترش","قاشق چای خوری خلال پوست لیموترش","1","85",""
"باقلا به میزان دلخواه","باقلا به میزان","1","85",""
"۹۰۰ گرم شانه گوشت خوک (در صورت تمایل قابل جایگزینی با مرغ، بره یا گوشت گوساله)","شانه گوشت خوک (در صورت تمایل قابل جایگزینی با مرغ بره یا گوشت گوساله)","1","1507",""
"۴ قاشق غذاخوری خمیر آچیوت","خمیر آچیوت","1","1507",""
"½ پیمانه آب پرتقال","½ آب پرتقال","1","1507",""
"¼ پیمانه آب لیموترش","¼ آب لیموترش","1","1507",""
"۱ برگ بزرگ موز (اختیاری)","برگ بزرگ موز (اختیاری)","1","1507",""
"پیاز قرمز ترشی، برای سرو","پیاز قرمز ترشی برای سرو","1","1507",""
"تورتیلا، برای سرو","تورتیلا برای سرو","1","1507",""
"۳ قاشق سوپخوری پودر کاری","قاشق سوپخوری پودر کاری","1","404",""
"۱ قاشق مربا خوری زعفران","قاشق مربا خوری زعفران","1","404",""
"۱ کیلوگرم گوشت گوساله، خرد شده به قطعات یکدست","کیلو گوشت گوساله خرد شده به قطعات یکدست","1","895",""
"¼ پیمانه جعفری تازه، ساطوری‌شده (برای تزیین)","¼ جعفری تازه ساطوری‌شده ()","1","895",""
"۱ پیمانه ماست (اختیاری)","ماست (اختیاری)","1","1540",""
"۲ عدد فلفل سبز، از طول شکاف‌خورده","فلفل سبز از طول شکاف‌خورده","1","1540",""
"۱ تا ۲ عدد فلفل قرمز خشک","تا فلفل قرمز خشک","1","1540",""
"چند حبه سیر، له‌شده","چند سیر له‌شده","1","898",""
"رزماری تازه یا خشک","رزماری تازه یا خشک","1","898",""
"آویشن تازه یا خشک","آویشن تازه یا خشک","1","898",""
"۲ عدد هویج، درشت خردشده","هویج درشت خردشده","1","898",""
"۱ عدد مرغ کامل حدود ۱٫۲۵ کیلوگرم، پاک‌شده","عدد مرغ کامل حدود ٫ کیلو پاک‌شده","1","1132",""
"۲ تا ۳ قاشق غذاخوری پودر نارگیل","تا پودر نارگیل","1","1132",""
"۴ تا ۵ عدد گوجه‌فرنگی درشت","تا گوجه‌فرنگی درشت","1","1132",""
"۲ تا ۳ قاشق غذاخوری نعناع و گشنیز تازه، ریز خردشده","تا نعناع و گشنیز تازه ریز خردشده","1","1132",""
"۱ بوته کامل سیر تازه، پوست‌کنده","بوته کامل سیر تازه پوست‌کنده","1","1132",""
"۲ قاشق غذاخوری تخم گشنیز آسیاب‌شده","تخم گشنیز آسیاب‌شده","1","1132",""
"۲ تا ۳ عدد فلفل دلمه‌ای (ترجیحاً قرمز)، خردشده","تا فلفل دلمه‌ای (ترجیحاً قرمز) خردشده","1","1132",""
"۱ قاشق چای‌خوری فلفل سیاه آسیاب‌شده","قاشق چای‌خوری فلفل سیاه آسیاب‌شده","1","1132",""
"۱ قاشق چای‌خوری زیره سبز بوداده و آسیاب‌شده","قاشق چای‌خوری زیره سبز بوداده و آسیاب‌شده","1","1132",""
"۱ قاشق چای‌خوری دانه هل آسیاب‌شده","قاشق چای‌خوری دانه هل آسیاب‌شده","1","1132",""
"۱ لیوان آب مرغ یا عصاره مرغ حل‌شده در آب","آب مرغ یا عصاره مرغ حل‌شده در آب","1","1132",""
"۲ تا ۳ قاشق غذاخوری روغن برای تفت دادن سبزی‌ها","تا روغن برای تفت دادن سبزی‌ها","1","1132",""
"۲٫۵ پیمانه آرد سفید","٫ آرد سفید","1","1225",""
"۱ قاشق چای‌خوری خمیرمایه خشک","قاشق چای‌خوری خمیرمایه خشک","1","1225",""
"۱ عدد ران مرغ پخته و خردشده","ران مرغ پخته و خردشده","1","1225",""
"۲۵۰ گرم مایه گوشت آماده","مایه گوشت آماده","1","1225",""
"۱۵۰ گرم پنیر باترکیزه رنده‌شده","پنیر باترکیزه رنده‌شده","1","1225",""
"۱ پیمانه سبزیجات مخلوط (هویج، نخودفرنگی، ذرت)","سبزیجات مخلوط (هویج نخودفرنگی ذرت)","1","1541",""
"۵۰۰ گرم گوشت گوسفند یا گوساله، درشت خردشده","گوشت گوسفند یا گوساله درشت خردشده","1","1137",""
"۴ قاشق غذاخوری سرکه انگور","سرکه انگور","1","1137",""
"آب گوشت - ۰.۷ لیتر","آب گوشت .","1","408",""
"فلفل فرنگی شیرین - ۲ عدد","فلفل فرنگی شیرین","1","408",""
"۱۰۰ گرم فیله گوساله، نازک برش‌خورده","فیله گوساله نازک برش‌خورده","1","899",""
"۵۰ گرم بروکلی، خردشده به گلچه‌های کوچک","بروکلی خردشده به گلچه‌های کوچک","1","899",""
"۵۰۰ گرم گوشت سردست گوسفند","گوشت سردست گوسفند","1","1168",""
"۲ قاشق غذاخوری نعناع و جعفری خردشده","نعناع و جعفری خردشده","1","1168",""
"نصف پیمانه روغن مایع (به‌علاوه مقداری برای سرخ کردن)","نصف روغن مایع (به‌علاوه  برای سرخ کردن)","1","1168",""
"۴۰۰ گرم مخلوط برگ کرفس، جعفری و نعناع (حدود ۵۰٪ برگ کرفس، ۴۰٪ جعفری، ۱۰٪ نعناع)","مخلوط برگ کرفس جعفری و نعناع (حدود ٪ برگ کرفس ٪ جعفری ٪ نعناع)","1","1072",""
"نصف پیمانه آب لیموترش تازه","نصف آب لیموترش تازه","1","1072",""
"۲ حبه سیر، رنده‌شده (اختیاری)","سیر رنده‌شده (اختیاری)","1","1072",""
"نمک، کمی کمتر از حد معمول","نمک  کمتر از حد معمول","1","1072",""
"۸ عدد سوسیس گوشت دودی خشک","سوسیس گوشت دودی خشک","1","412",""
"۲۴ عدد آلو خشک بدون هسته","آلو خشک بدون هسته","1","412",""
"۸ برش ژامبون گوشت گاو","برش ژامبون گوشت گاو","1","412",""
"۲ کیلوگرم کدو حلوایی، پوست‌کنده و خردشده","کیلو کدو حلوایی پوست‌کنده و خردشده","1","694",""
"۷۵ گرم پاستای صدفی","پاستای صدفی","1","694",""
"سیر سبز تازه – ۳ ساقه، شسته و خردشده در اندازه ۱ تا ۲ سانتی‌متر","سیر سبز تازه ساقه شسته و خردشده در اندازه تا سانتی‌متر","1","1141",""
"مرغ یا اردک – نصف مرغ یا یک اردک کوچک، خردشده","مرغ یا اردک نصف مرغ یا یک اردک کوچک خردشده","1","1141",""
"۱ عدد مرغ کامل (حدود ۱.۵ کیلوگرم)، تمیز شده","عدد مرغ کامل (حدود . کیلو) تمیز شده","1","1142",""
"نصف قاشق غذاخوری زیره کوبیده","نصف زیره کوبیده","1","1142",""
"روغن حیوانی (کره شفاف‌شده)","روغن حیوانی (کره شفاف‌شده)","1","901",""
"۲ عدد بادمجان متوسط، حلقه‌ای برش‌خورده","بادمجان متوسط حلقه‌ای برش‌خورده","1","688",""
"۲ عدد گوجه‌فرنگی متوسط، قاچ‌شده","گوجه‌فرنگی متوسط قاچ‌شده","1","688",""
"۱۵۰ گرم پنیر موزارلا، ورقه‌ای یا تکه‌شده","پنیر موزارلا ورقه‌ای یا تکه‌شده","1","688",""
"ریحان تازه خردشده، به مقدار لازم + کمی برای تزیین","ریحان تازه خردشده  +","1","688",""
"۸۰۰ گرم سینه مرغ بدون استخوان، خردشده به قطعات متوسط","سینه مرغ بدون استخوان خردشده به قطعات متوسط","1","876",""
"۱/۲ پیمانه خامه پرچرب","/ خامه پرچرب","1","876",""
"زعفران به مقدار لازم (دم‌کرده)","زعفران  (دم‌کرده)","1","1147",""
"کمی پاستا ریز (اختیاری)","پاستا ریز (اختیاری)","1","1150",""
"۴۰۰ گرم قارچ، تمیز شده و ریز خرد شده","قارچ تمیز شده و ریز خرد شده","1","1232",""
"۱ حبه سیر، ریز خرد شده (جوانه گرفته شده)","سیر ریز خرد شده (جوانه گرفته شده)","1","1232",""
"روغن مایع بدون بو، به میزان لازم برای سرخ کردن","روغن مایع بدون بو  برای سرخ کردن","1","1232",""
"۲ قاشق غذاخوری ریحان تازه، ریز خرد شده","ریحان تازه ریز خرد شده","1","1232",""
"قارچ تازه، خردشده","قارچ تازه خردشده","1","903",""
"آرد کیک – ۲ و نیم پیمانه","آرد کیک و نیم","1","1230",""
"ماست – نصف پیمانه","ماست نصف","1","1230",""
"سرکه – ۱ قاشق چای‌خوری","سرکه قاشق چای‌خوری","1","1230",""
"روغن مایع – یک سوم پیمانه (برای مایه گوشت)","روغن مایع یک سوم (برای مایه گوشت)","1","1230",""
"جعفری – ۲ تا ۳ قاشق غذاخوری، ریز خردشده","جعفری تا ریز خردشده","1","1230",""
"روغن مایع – ۲ تا ۳ قاشق غذاخوری (برای رومال)","روغن مایع تا (برای رومال)","1","1230",""
"۵۰ گرم تره یا پیازچه، ریز خردشده","تره یا پیازچه ریز خردشده","1","1355",""
"۵۰ گرم شوید تازه یا خشک، ریز خردشده","شوید تازه یا خشک ریز خردشده","1","1355",""
"بکینگ‌پودر، یک پنس کوچک","بکینگ‌پودر یک پنس کوچک","1","1355",""
"۵ فنجان آب مرغ یا گوشت","فنجان آب مرغ یا گوشت","1","337",""
"۱.۵ فنجان برنج",". فنجان برنج","1","337",""
"۱ فنجان پنیر پارمسان، رنده شده","فنجان پنیر پارمسان رنده شده","1","337",""
"۱.۵ قاشق غذاخوری کره",". کره","1","533",""
"۲ شاخه نعنا","نعنا","1","533",""
"برگ نعنا برای تزئین","برگ نعنا برای تزئین","1","533",""
"۱ قاشق غذاخوری خامه برای تزئین","خامه برای تزئین","1","533",""
"۴ عدد استیک بره (هر کدام حدود ۲۵۰ گرم)","عدد استیک بره (هر کدام حدود )","1","1148",""
"رنده پوست ½ لیموترش","رنده پوست ½ لیموترش","1","1148",""
"۱ عدد پیازچه، بسیار ریز خردشده","پیازچه بسیار ریز خردشده","1","1148",""
"۱ عدد مرغ کامل، تمیز و خشک‌شده","مرغ کامل تمیز و خشک‌شده","1","959",""
"۱ قاشق غذاخوری آب زعفران غلیظ","آب زعفران غلیظ","1","959",""
"۲ عدد پیاز، چهار قاچ‌شده","پیاز چهار قاچ‌شده","1","959",""
"۱ تا ۲ قاشق غذاخوری نعناع خشک","تا نعناع خشک","1","868",""
"¼ عدد کلم سفید، خردشده","¼ کلم سفید خردشده","1","868",""
"یک دسته کوچک شاهی، خردشده","یک دسته کوچک شاهی خردشده","1","868",""
"تربچه، خردشده","تربچه خردشده","1","868",""
"روغن مایع، مقدار کم برای سرخ‌کردن","روغن مایع مقدار کم برای سرخ‌کردن","1","1152",""
"۱ عدد سینه مرغ بدون استخوان، نگینی خردشده","سینه مرغ بدون استخوان نگینی خردشده","1","866",""
"۱ عدد سیب‌زمینی متوسط، نگینی ریز","سیب‌زمینی متوسط نگینی ریز","1","866",""
"۱ عدد گوجه‌فرنگی بزرگ، ریز خردشده","گوجه‌فرنگی بزرگ ریز خردشده","1","866",""
"۱ عدد کدو سبز متوسط، نگینی ریز","کدو سبز متوسط نگینی ریز","1","866",""
"پونه کوهی یا آویشن خشک به مقدار لازم","پونه کوهی یا آویشن خشک","1","866",""
"۲ عدد لیموعمانی خشک","لیموعمانی خشک","1","678",""
"۱ قاشق چای‌خوری تخم گشنیز","قاشق چای‌خوری تخم گشنیز","1","678",""
"۱ قاشق غذاخوری پرک فلفل قرمز (اختیاری)","پرک فلفل قرمز (اختیاری)","1","678",""
"آب یا آبِ سبزیجات به مقدار لازم","آب یا آبِ سبزیجات","1","678",""
"آب‌لیمو تازه به میزان دلخواه","آب‌لیمو تازه به میزان","1","678",""
"۳۱۵ گرم سیب‌زمینی، پوست‌گرفته و خردشده","سیب‌زمینی پوست‌گرفته و خردشده","1","679",""
"۱۲۵ گرم هویج، پوست‌گرفته و رنده‌شده","هویج پوست‌گرفته و رنده‌شده","1","679",""
"۱۲۵ گرم کرفس، پوست‌گرفته و رنده‌شده","کرفس پوست‌گرفته و رنده‌شده","1","679",""
"۷ گرم پیازچه یا تره، ریز خردشده","پیازچه یا تره ریز خردشده","1","679",""
"۱ حبه سیر، پوست‌گرفته و له‌شده","سیر پوست‌گرفته و له‌شده","1","679",""
"۱ قاشق غذاخوری تخمه آفتابگردانِ پوست‌گرفته","تخمه آفتابگردانِ پوست‌گرفته","1","679",""
"تکه‌ای کوچک کره","تکه‌ای کوچک کره","1","679",""
"پیازچه یا تره اضافه، برای تزیین","پیازچه یا تره اضافه","1","679",""
"کشمش سیاه – ۱ پیمانه","کشمش سیاه","1","862",""
"سیب متوسط، پوست‌کنده و رنده‌شده – ۱ عدد","سیب متوسط پوست‌کنده و رنده‌شده","1","862",""
"زنجبیل آسیاب‌شده – ۱ قاشق چای‌خوری","زنجبیل آسیاب‌شده قاشق چای‌خوری","1","862",""
"پودر سوخاری – ½ پیمانه","پودر سوخاری ½","1","862",""
"فیله سینه مرغ – ۱۴ عدد (حدود ۱٫۵ کیلوگرم)","فیله سینه مرغ عدد (حدود ٫ کیلو)","1","862",""
"آب پرتقال – ½ پیمانه","آب پرتقال ½","1","862",""
"روغن مایع یا زیتون – ۲ قاشق غذاخوری","روغن مایع یا زیتون","1","862",""
"بادام درختی برشته و پوست‌کنده – ⅓ پیمانه","بادام درختی برشته و پوست‌کنده ⅓","1","862",""
"مربای آلو – ¼ پیمانه","مربای آلو ¼","1","862",""
"دارچین آسیاب‌شده – ½ قاشق چای‌خوری","دارچین آسیاب‌شده ½ قاشق چای‌خوری","1","862",""
"آب مرغ – ۱½ پیمانه","آب مرغ ½","1","862",""
"نصف پیمانه مخلوط ماکارونیِ آماده","نصف مخلوط ماکارونیِ آماده","1","1145",""
"۱ قاشق غذاخوری زرشک (برای طعم ترش و رنگ بهتر)","زرشک (برای طعم ترش و رنگ بهتر)","1","1145",""
"ربع پیمانه روغن مایع","ربع روغن مایع","1","1145",""
"۱٫۸ کیلوگرم شانه گوشت خوک، خردشده به تکه‌های درشت","٫ کیلو شانه گوشت خوک خردشده به تکه‌های درشت","1","1491",""
"۱ عدد پیاز، چهارقاچ‌شده","پیاز چهارقاچ‌شده","1","1491",""
"گوشت چرخ‌کرده یا گوسفند","گوشت چرخ‌کرده یا گوسفند","1","418",""
"برنج پخته شده","برنج پخته شده","1","418",""
"۱۰۰ گرم ژامبون ورقه‌ای","ژامبون ورقه‌ای","1","905",""
"۹۰ گرم پنیر پیتزا (رنده‌شده یا ورقه‌ای)","پنیر پیتزا (رنده‌شده یا ورقه‌ای)","1","905",""
"۷۵ گرم قارچ، نازک برش‌خورده","قارچ نازک برش‌خورده","1","905",""
"۳۰ گرم زیتون بدون هسته، حلقه‌ای خردشده","زیتون بدون هسته حلقه‌ای خردشده","1","905",""
"۱ قاشق چای‌خوری سس تند","قاشق چای‌خوری سس تند","1","905",""
"۱ قاشق غذاخوری پونه کوهی یا آویشن شیرازی","پونه کوهی یا آویشن شیرازی","1","676",""
"۱ قاشق غذاخوری روغن زیتون ملایم","روغن زیتون ملایم","1","904",""
"۵۰ گرم کره وگان","کره وگان","1","904",""
"۱ عدد سوسیس دودی، برش‌خورده به ضخامت ۱ سانتی‌متر","سوسیس دودی برش‌خورده به ضخامت سانتی‌متر","1","904",""
"۱۲۰ میلی‌لیتر آبجو","میلی‌ آبجو","1","904",""
"گوجه‌فرنگی تازه و جعفری اضافه برای تزیین","گوجه‌فرنگی تازه و جعفری اضافه","1","904",""
"1 قاشق غذاخوری سبزی معطر","سبزی معطر","1","139",""
"50 گرم كره","كره","1","139",""
"نمك به میزان لازم","نمك","1","139",""
"كاری به میزان لازم","كاری","1","139",""
"رب انار ترش","رب انار ترش","1","288",""
"بادمجان: 6","بادمجان:","1","417",""
"ماست (برای تزئین)","ماست (برای تزئین)","1","417",""
"سیر (برای تزئین)","سیر (برای تزئین)","1","417",""
"۴ عدد سیب‌زمینی، پوست‌کنده و بسیار نازک ورقه‌شده","سیب‌زمینی پوست‌کنده و بسیار نازک ورقه‌شده","1","908",""
"۲ ورق گوشت سرد (دِلی)، خردشده","گوشت سرد (دِلی) خردشده","1","908",""
"۱ و ۱/۲ پیمانه شیر","و / شیر","1","908",""
"۱ و ۱/۲ پیمانه خامه","و / خامه","1","908",""
"۲ برش نان باگت بیات، خردشده و خیس‌خورده","برش نان باگت بیات خردشده و خیس‌خورده","1","1033",""
"فلفل قرمز (پودری یا پولکی) به مقدار لازم","فلفل قرمز (پودری یا پولکی)","1","1033",""
"۲۰ گرم روغن سرخ‌کردنی یا حدود ۱/۳ پیمانه روغن مایع","گرم روغن سرخ‌کردنی یا حدود / روغن مایع","1","1033",""
"۵۰ گرم فلفل کبابی یا فلفل دلمه‌ای، نواری‌شده","فلفل کبابی یا فلفل دلمه‌ای نواری‌شده","1","1033",""
"۱/۲ پیمانه آب جوش","/ آب جوش","1","1033",""
"۴ عدد سیب‌زمینی، پوست‌گرفته و ورقه‌شده","سیب‌زمینی پوست‌گرفته و ورقه‌شده","1","1033",""
"فیله گوشت گوساله – ۱ کیلوگرم","فیله گوشت گوساله کیلو","1","1246",""
"۱ عدد مرغ کامل متوسط، استخوان‌گیری‌شده با پوست سالم","مرغ کامل متوسط استخوان‌گیری‌شده با پوست سالم","1","858",""
"۱ پیمانه آب پیاز","آب پیاز","1","858",""
"½ قاشق چای‌خوری جوز هندی آسیاب‌شده","½ قاشق چای‌خوری جوز هندی آسیاب‌شده","1","858",""
"۲ عدد پیاز متوسط، حلقه‌ای خردشده","پیاز متوسط حلقه‌ای خردشده","1","858",""
"¼ پیمانه فلفل سبز، بسیار ریز خردشده","¼ فلفل سبز بسیار ریز خردشده","1","1155",""
"۱ پیمانه بیسکویت یا کراکر خردشده","بیسکویت یا کراکر خردشده","1","1155",""
"مرزنجوش، به میزان لازم","مرزنجوش","1","1155",""
"یک نیشگون میخک","یک نیشگون میخک","1","535",""
"¼ قاشق چای‌خوری فلفل","¼ قاشق چای‌خوری فلفل","1","535",""
"⅓ پیمانه گشنیز تازه خرد شده","⅓ گشنیز تازه خرد شده","1","535",""
"¼ پیمانه پیازچه خرد شده","¼ پیازچه خرد شده","1","535",""
"گوجه‌فرنگی خرد شده برای تزئین","گوجه‌فرنگی خرد شده برای تزئین","1","535",""
"روغن زیتون، برای چرب کردن و روی نان","روغن زیتون برای چرب کردن و روی نان","1","910",""
"۱ کیلوگرم گوشت چرخ‌کرده گاو با کمی چربی","کیلو گوشت چرخ‌کرده گاو با  چربی","1","1157",""
"۱/۲ پیمانه پسته شکسته","/ پسته شکسته","1","1157",""
"۱ بوته سیر رنده‌شده + چند حبه سیر خردشده","بوته سیر رنده‌شده + چند سیر خردشده","1","1157",""
"۱ قاشق چای‌خوری ادویه مخلوط","قاشق چای‌خوری ادویه مخلوط","1","1157",""
"۱ قاشق چای‌خوری هل","قاشق چای‌خوری هل","1","1157",""
"۱ عدد پیاز ریز رنده‌شده","پیاز ریز رنده‌شده","1","1157",""
"۳۵۰ گرم سینه مرغ، برش‌خورده به نوارهای نازک","سینه مرغ برش‌خورده به نوارهای نازک","1","855",""
"۲ عدد سفیده تخم‌مرغ، کمی هم‌زده","سفیده تخم‌مرغ  هم‌زده","1","855",""
"۱ بسته چیپس خردشده (برای روکش)","چیپس خردشده (برای روکش)","1","855",""
"۱¼ کیلوگرم تکه‌های مرغ","¼ کیلو تکه‌های مرغ","1","1140",""
"سبزی تازه خردشده (به‌ویژه گشنیز) به مقدار کافی","سبزی تازه خردشده (به‌ویژه گشنیز) به مقدار کافی","1","1140",""
"قارچ دکمه‌ای تازه","قارچ دکمه‌ای تازه","1","669",""
"سیر تازه خردشده","سیر تازه خردشده","1","669",""
"سبزی تازه (جعفری یا آویشن)","سبزی تازه (جعفری یا آویشن)","1","669",""
"2 عدد کدو متوسط، رنده شده","کدو متوسط رنده شده","1","436",""
"2 عدد هویج متوسط، رنده شده","هویج متوسط رنده شده","1","436",""
"1/4 پیمانه آرد گندم","/4 آرد گندم","1","436",""
"۵۰۰ گرم گوشت بدون استخوان (گوسفندی یا گوساله)، خردشده درشت","گوشت بدون استخوان (گوسفندی یا گوساله) خردشده درشت","1","1139",""
"۷۵۰ گرم سبزی تازه (عمدتاً ریحان)، ریز خردشده","سبزی تازه (عمدتاً ریحان) ریز خردشده","1","1139",""
"۶ تا ۸ عدد بادمجان قلمی کوچک","تا بادمجان قلمی کوچک","1","1139",""
"مقدار کمی زردچوبه یا رب گوجه‌فرنگی","مقدار  زردچوبه یا رب گوجه‌فرنگی","1","1139",""
"۱۷۵ گرم فشار باقالا","فشار باقالا","1","343",""
"۶ قاشق سوپ‌خوری شوید تازه، خرد شده","قاشق سوپ‌خوری شوید تازه خرد شده","1","343",""
"برای تزیین: شوید تازه",": شوید تازه","1","343",""
"½ پیمانه کلم سفید، نازک برش‌خورده","½ کلم سفید نازک برش‌خورده","1","914",""
"¼ پیمانه پیاز قرمز، نازک خلالی‌شده","¼ پیاز قرمز نازک خلالی‌شده","1","914",""
"¼ پیمانه فلفل دلمه‌ای قرمز، نازک برش‌خورده","¼ فلفل دلمه‌ای قرمز نازک برش‌خورده","1","914",""
"¼ پیمانه سس مارینارا","¼ سس مارینارا","1","914",""
"۱ قاشق غذاخوری ریحان تازه خردشده (اختیاری)","ریحان تازه خردشده (اختیاری)","1","914",""
"۶ عدد فلفل پوبلانو بزرگ","فلفل پوبلانو بزرگ","1","1480",""
"۱ عدد سیب، پوست‌گرفته و نگینی","سیب پوست‌گرفته و نگینی","1","1480",""
"۱ عدد گلابی، پوست‌گرفته و نگینی","گلابی پوست‌گرفته و نگینی","1","1480",""
"۱ عدد هلو، پوست‌گرفته و نگینی","هلو پوست‌گرفته و نگینی","1","1480",""
"¼ پیمانه بادام خردشده","¼ بادام خردشده","1","1480",""
"½ پیمانه جعفری تازه خردشده","½ جعفری تازه خردشده","1","1480",""
"۱ پیمانه گردو، خیس‌خورده و خردشده","گردو خیس‌خورده و خردشده","1","1480",""
"½ قاشق چای‌خوری عصاره وانیل","½ قاشق چای‌خوری عصاره وانیل","1","1480",""
"دانه‌های انار، برای تزئین","دانه‌های انار برای تزئین","1","1480",""
"ادویه‌ها (مانند زیره یا پاپریکا)","ادویه‌ها (مانند زیره یا پاپریکا)","1","1156",""
"روغن برای چرب کردن","روغن برای چرب کردن","1","1156",""
"200 گرم سيب زميني خرد شده","سيب زميني خرد شده","1","541",""
"1 پياز خرد شده","پياز خرد شده","1","541",""
"350 گرم بروکلي خرد شده","بروکلي خرد شده","1","541",""
"1 حبه سير له شده","سير له شده","1","541",""
"۲ دسته بزرگ اسفناج تازه، کاملاً شسته و آب‌گرفته","دسته بزرگ اسفناج تازه کاملاً شسته و آب‌گرفته","1","666",""
"۳ حبه سیر، نازک ورقه‌شده","سیر نازک ورقه‌شده","1","666",""
"۶ عدد پیاز سفید کوچک","پیاز سفید کوچک","1","505",""
"۳ قاشق غذاخوری کرفس ریز شده","کرفس ریز شده","1","505",""
"۰.۷۵ فنجان آب گوجه‌فرنگی",". فنجان آب گوجه‌فرنگی","1","505",""
"۰.۵ فنجان مایونز",". فنجان مایونز","1","505",""
"۱ پیمانه پنیر پارمزان رنده‌شده (تقسیم‌شده)","پنیر پارمزان رنده‌شده (تقسیم‌شده)","1","1205",""
"۴ عدد تخم‌مرغ بزرگ (زرده و سفیده جدا)","تخم‌مرغ بزرگ (زرده و سفیده جدا)","1","1205",""
"کره به مقدار لازم برای چرب کردن ظرف","کره  برای چرب کردن ظرف","1","1205",""
"نان لبنانی بزرگ – ۲ عدد","نان لبنانی بزرگ","1","916",""
"پیاز سفید خردشده – ۱ عدد","پیاز سفید خردشده","1","916",""
"زیتون سیاه و سبز خردشده – ۱/۲ پیمانه","زیتون سیاه و سبز خردشده /","1","916",""
"۲ پیمانه برنج آربوریو","برنج آربوریو","1","1469",""
"۴ پیمانه عصاره مرغ یا سبزیجات","عصاره مرغ یا سبزیجات","1","1469",""
"۱ پیمانه نخودفرنگی (تازه یا منجمد)","نخودفرنگی (تازه یا منجمد)","1","1469",""
"۱ پیمانه پنیر موزارلا، مکعبی خردشده","پنیر موزارلا مکعبی خردشده","1","1469",""
"اسفناج تازه، شسته و درشت خردشده","اسفناج تازه شسته و درشت خردشده","1","664",""
"دانه کنجد","دانه کنجد","1","664",""
"۱ پیمانه سس گوجه‌فرنگی (تند یا ساده)","سس گوجه‌فرنگی (تند یا ساده)","1","920",""
"۳۵ گرم چیپس ترتیلا، خردشده","چیپس ترتیلا خردشده","1","920",""
"۳۰۰ گرم لوبیا قرمز کنسروی، آبکش‌شده","لوبیا قرمز کنسروی آبکش‌شده","1","920",""
"۲ عدد خمیر پیتزا آماده","خمیر پیتزا آماده","1","920",""
"۱/۲ پیمانه خامه غلیظ","/ خامه غلیظ","1","920",""
"۱/۲ عدد پیاز، برای رویه","/ پیاز برای رویه","1","920",""
"۲ عدد کدوی سبز بزرگ، برای رویه","کدوی سبز بزرگ برای رویه","1","920",""
"۲ قاشق غذاخوری خامه غلیظ، برای رویه","خامه غلیظ برای رویه","1","920",""
"۷۵۰ گرم سبزی خردشده (تره و جعفری)","سبزی خردشده (تره و جعفری)","1","1136",""
"۱ پیمانه آب انار یا آب غوره","آب انار یا آب غوره","1","1136",""
"۱/۴ پیمانه گندم، از شب قبل خیس‌خورده","/ گندم از شب قبل خیس‌خورده","1","663",""
"۱ پیمانه مخلوط نخود، لوبیا چیتی و لوبیا سفید، از شب قبل خیس‌خورده","مخلوط نخود لوبیا چیتی و لوبیا سفید از شب قبل خیس‌خورده","1","663",""
"۱/۲ پیمانه پروتئین سویا، آماده‌شده","/ پروتئین سویا آماده‌شده","1","663",""
"۴ عدد لیموعمانی خشک، نصف‌شده","لیموعمانی خشک نصف‌شده","1","663",""
"روغن مایع یا روغن مخصوص پخت‌وپز","روغن مایع یا روغن مخصوص پخت‌وپز","1","1135",""
"۴۰۰ گرم لوبیا سفید خشک، شسته","لوبیا سفید خشک شسته","1","1463",""
"۱ قاشق چای‌خوری فلفل قرمز تازه، ریز خردشده","قاشق چای‌خوری فلفل قرمز تازه ریز خردشده","1","1463",""
"۱٫۵ قاشق غذاخوری نعناع خشک","٫ نعناع خشک","1","1463",""
"¼ قاشق غذاخوری میخک آسیاب‌شده","¼ میخک آسیاب‌شده","1","1463",""
"¼ قاشق غذاخوری پودر فلفل قرمز","¼ پودر فلفل قرمز","1","1463",""
"۳ پیمانه پنیر فتا یا پارمزان، برای سرو","پنیر فتا یا پارمزان برای سرو","1","1463",""
"تن ماهی کنسروی، آبکش‌شده (۲ قوطی)","تن ماهی کنسروی آبکش‌شده ( قوطی)","1","1370",""
"تخم‌مرغ (۲ عدد)","تخم‌مرغ ( )","1","1370",""
"سس گوجه‌فرنگی (۲ قاشق غذاخوری)","سس گوجه‌فرنگی ( )","1","1370",""
"پودر سوخاری یا آرد سوخاری (۱ پیمانه)","پودر سوخاری یا آرد سوخاری ( )","1","1370",""
"آرد سفید، به مقدار لازم برای غلتاندن","آرد سفید  برای غلتاندن","1","1370",""
"۴۰۰ گرم فیله تازه گوشت گوساله","فیله تازه گوشت گوساله","1","1158",""
"۱۰۰ گرم پنیر سفید با قابلیت ذوب شدن مناسب (مشابه چدار)","پنیر سفید با قابلیت ذوب شدن مناسب (مشابه چدار)","1","1158",""
"سبزیجات دلخواه: هویج، کدو سبز یا سیب‌زمینی","سبزیجات : هویج کدو سبز یا سیب‌زمینی","1","1158",""
"کاهو، جعفری و گوجه‌گیلاسی برای تزیین","کاهو جعفری و گوجه‌گیلاسی","1","1158",""
"500 گرم سبزی دلمه شامل تره، جعفری، شوید، ترخون، مرزه و پیازچه","سبزی دلمه شامل تره جعفری شوید ترخون مرزه و پیازچه","1","424",""
"1.5 پیمانه برنج نصفه پز","برنج نصفه پز","1","424",""
"10 تا 15 عدد آلو خورشی","تا 15 آلو خورشی","1","424",""
"یک عدد پیاز بزرگ","یک پیاز بزرگ","1","424",""
"یک عدد کلم بزرگ","یک کلم بزرگ","1","424",""
"نمک، فلفل سیاه، زردچوبه، زیره سیاه و زعفران","نمک فلفل سیاه زردچوبه زیره سیاه و زعفران","1","424",""
"مرغ پخته و ریش‌ریش‌شده – ۱٫۵ پیمانه","مرغ پخته و ریش‌ریش‌شده ٫","1","1133",""
"کرفس ورقه‌شده – ۱ پیمانه","کرفس ورقه‌شده","1","1133",""
"هویج ورقه‌شده – ½ پیمانه","هویج ورقه‌شده ½","1","1133",""
"فلفل دلمه‌ای ورقه‌شده – ½ پیمانه","فلفل دلمه‌ای ورقه‌شده ½","1","1133",""
"ذرت پخته – ½ پیمانه","ذرت پخته ½","1","1133",""
"گوجه‌فرنگی بدون دانه و ورقه‌شده – ½ پیمانه","گوجه‌فرنگی بدون دانه و ورقه‌شده ½","1","1133",""
"گوشت پخته، نازک برش‌خورده – ۲۵۰ گرم","گوشت پخته نازک برش‌خورده","1","1161",""
"پنیر موزارلا، ورقه‌ای یا رنده‌شده – ۱۵۰ گرم","پنیر موزارلا ورقه‌ای یا رنده‌شده","1","1161",""
"1 فنجان لوبیا چیتی","فنجان لوبیا چیتی","1","426",""
"250 گرم گوشت چرخ‌کرده یا نصف سینه مرغ، خرد شده","گوشت چرخ‌کرده یا نصف سینه مرغ خرد شده","1","426",""
"200 گرم پنیر پیتزای موزارلا","پنیر پیتزای موزارلا","1","426",""
"1 فنجان گوجه فرنگی رنده شده","فنجان گوجه فرنگی رنده شده","1","426",""
"۵۰۰ گرم پنیر کاممبر (نرم و مناسب سرخ‌کردن)","پنیر کاممبر (نرم و مناسب سرخ‌کردن)","1","924",""
"۲ قاشق چای‌خوری پودر خردل","قاشق چای‌خوری پودر خردل","1","924",""
"¼ قاشق چای‌خوری پودر فلفل قرمز","¼ قاشق چای‌خوری پودر فلفل قرمز","1","924",""
"¼ قاشق چای‌خوری پودر فلفل سیاه","¼ قاشق چای‌خوری پودر فلفل سیاه","1","924",""
"سبزی معطر تازه (مانند جعفری یا تره)، برای تزیین","سبزی معطر تازه (مانند جعفری یا تره)","1","924",""
"۱ عدد سیب ترش متوسط (مانند گرنی اسمیت)، پوست‌کنده و درشت خردشده","سیب ترش متوسط (مانند گرنی اسمیت) پوست‌کنده و درشت خردشده","1","1130",""
"زردچوبه، نمک و فلفل سیاه به میزان لازم","زردچوبه نمک و فلفل سیاه","1","1130",""
"۱ پیمانه قارچ سرخ‌شده","قارچ سرخ‌شده","1","1162",""
"۱۰ تا ۱۲ حبه سیر","تا سیر","1","1162",""
"۱ پیمانه لوبیا و هویج پخته","لوبیا و هویج پخته","1","1162",""
"۲½ تا ۳ پیمانه آرد سفید","½ تا آرد سفید","1","925",""
"۱ قاشق غذاخوری خمیرمایه خشک فعال یا ۱ قاشق چای‌خوری بیکینگ‌پودر","خمیرمایه خشک فعال یا قاشق چای‌خوری بیکینگ‌پودر","1","925",""
"۷۰۰ گرم بادمجان، پوست‌گرفته و خردشده","بادمجان پوست‌گرفته و خردشده","1","661",""
"۱ عدد سینه مرغ کامل","سینه مرغ کامل","1","120",""
"۱ عدد متوسط کلم قرمز","متوسط کلم قرمز","1","120",""
"نصف پیمانه آب‌لیمو","نصف آب‌لیمو","1","120",""
"۲ قاشق غذاخوری پودر گل سرخ","پودر گل سرخ","1","120",""
"100 گرم پنیر کورد","پنیر کورد","1","390",""
"نیم لیوان بادام هندی","نیم بادام هندی","1","390",""
"ادویه جات به مقدار لازم","ادویه جات","1","390",""
"۱ عدد مرغ کامل (حدود ۱٫۵ کیلوگرم)، خردشده به تکه‌های خورشتی یا درسته","عدد مرغ کامل (حدود ٫ کیلو) خردشده به تکه‌های خورشتی یا درسته","1","1128",""
"۵۰۰ گرم آلو بخارای خشک","آلو بخارای خشک","1","1128",""
"۴ عدد کدو حلوایی بزرگ، پوست‌کنده و خردشده درشت","کدو حلوایی بزرگ پوست‌کنده و خردشده درشت","1","1127",""
"۲ پیمانه آب (در صورت نیاز کمی بیشتر)","آب (در صورت نیاز  بیشتر)","1","1127",""
"اختیاری: سماق به مقدار دلخواه","اختیاری: سماق به مقدار","1","1127",""
"اختیاری: شوید تازه خردشده به مقدار دلخواه","اختیاری: شوید تازه خردشده به مقدار","1","1127",""
"سینه یا ران مرغ، قطعه قطعه شده","سینه یا ران مرغ قطعه قطعه شده","1","348",""
"فلفل دلمه‌ای، رنگ های مختلف، خرد شده","فلفل دلمه‌ای رنگ های مختلف خرد شده","1","348",""
"¼ پیمانه اسفناج خردشده","¼ اسفناج خردشده","1","1163",""
"۶ برش نازک گوشت خورشتی","برش نازک گوشت خورشتی","1","1163",""
"¼ پیمانه کره","¼ کره","1","1163",""
"خمیر پیتزا یا نان آماده پیتزا","خمیر پیتزا یا نان آماده پیتزا","1","926",""
"مرغ پخته و ریش‌ریش شده","مرغ پخته و ریش‌ریش شده","1","926",""
"تن ماهی کنسروی، آبکش و خردشده","تن ماهی کنسروی آبکش و خردشده","1","926",""
"گوشت چرخ‌کرده پخته (مشابه مایه ماکارونی)","گوشت چرخ‌کرده پخته (مشابه مایه ماکارونی)","1","926",""
"گوجه‌فرنگی حلقه‌ای شده","گوجه‌فرنگی حلقه‌ای شده","1","926",""
"پیاز حلقه‌ای شده","پیاز حلقه‌ای شده","1","926",""
"۱ عدد کاهو، شسته و ریز خردشده","کاهو شسته و ریز خردشده","1","1164",""
"۴ عدد هویج، پوست‌گرفته و ریز خردشده","هویج پوست‌گرفته و ریز خردشده","1","1164",""
"۴ عدد فلفل دلمه‌ای شیرین، ریز خردشده","فلفل دلمه‌ای شیرین ریز خردشده","1","1164",""
"۶ قاشق غذاخوری سرکه، تقسیم‌شده","سرکه تقسیم‌شده","1","1164",""
"۲ عدد فلفل تند، ریز خردشده","فلفل تند ریز خردشده","1","1164",""
"۲ قاشق غذاخوری ادویه گوشت","ادویه گوشت","1","1164",""
"برنج وحشی – ۱ پیمانه","برنج وحشی","1","659",""
"قارچ تازه (ترجیحاً دکمه‌ای یا قهوه‌ای)، خردشده – ۴۰۰ گرم","قارچ تازه (ترجیحاً دکمه‌ای یا قهوه‌ای) خردشده","1","659",""
"سبزی تازه (جعفری و آویشن)، ساطوری – ۲ تا ۳ قاشق غذاخوری","سبزی تازه (جعفری و آویشن) ساطوری تا","1","659",""
"آب‌لیمو تازه – ۱ تا ۲ قاشق غذاخوری","آب‌لیمو تازه تا","1","659",""
"یک پیمانه مرغ پخته و خردشده","یک مرغ پخته و خردشده","1","122",""
"یک پیمانه فلفل دلمه‌ای سبز و قرمز","یک فلفل دلمه‌ای سبز و قرمز","1","122",""
"نصف پیمانه زعفران دم‌کرده","نصف زعفران دم‌کرده","1","122",""
"یک پیمانه قارچ پخته شده","یک قارچ پخته شده","1","122",""
"1/3 پیمانه روغن مایع","/3 روغن مایع","1","94",""
"میگو تازه، پاک‌شده و رگ‌گیری‌شده – ۱ کیلوگرم","میگو تازه پاک‌شده و رگ‌گیری‌شده کیلو","1","1126",""
"سیب‌زمینی – ۱ کیلوگرم","سیب‌زمینی کیلو","1","1126",""
"گوجه‌فرنگی ریز خردشده – ۲۵۰ گرم (یا ۳ قاشق غذاخوری رب گوجه‌فرنگی)","گوجه‌فرنگی ریز خردشده گرم (یا رب گوجه‌فرنگی)","1","1126",""
"۴ گوجه‌فرنگی متوسط، پوست‌کنده و خرد شده","گوجه‌فرنگی متوسط پوست‌کنده و خرد شده","1","428",""
"۸ ورق نان خشک","نان خشک","1","428",""
"۴۵۰ گرم گوشت گوساله، خردشده در اندازه لقمه‌ای","گوشت گوساله خردشده در اندازه لقمه‌ای","1","1165",""
"۱/۵ پیمانه هویج خردشده","/ هویج خردشده","1","1165",""
"۴۵۰ گرم گوشت (گوساله، گوسفند یا مرغ)، برش‌خورده به صورت نوارهای نازک","گوشت (گوساله گوسفند یا مرغ) برش‌خورده به صورت نوارهای نازک","1","1166",""
"۱ حبه سیر بزرگ، ریز خرد شده","سیر بزرگ ریز خرد شده","1","1166",""
"۲ عدد فلفل دلمه‌ای رنگی (سبز، قرمز یا زرد)، خلالی","فلفل دلمه‌ای رنگی (سبز قرمز یا زرد) خلالی","1","1166",""
"۱۲ عدد گوجه‌گیلاسی، از وسط نصف شده","گوجه‌گیلاسی از وسط نصف شده","1","1166",""
"1 عدد مرغ کامل (حدود 1.5 کیلوگرم)","عدد مرغ کامل (حدود .5 کیلو)","1","429",""
"1/2 پیمانه پیاز سرخ شده","/2 پیاز سرخ شده","1","429",""
"2 قاشق چایخوری جوش شیرین","جوش شیرین","1","429",""
"1/2 پیمانه آبلیمو","/2 آبلیمو","1","429",""
"نخود پخته — ۲ پیمانه","نخود پخته —","1","1172",""
"گوشت چرخ‌کرده — ۱۵۰ گرم","گوشت چرخ‌کرده —","1","1172",""
"سیر رنده‌شده — ۱ حبه","سیر رنده‌شده —","1","1172",""
"آب لیموی تازه — ۱/۴ پیمانه","آب لیموی تازه — /","1","1172",""
"ارده — ۱/۲ پیمانه","ارده — /","1","1172",""
"دانه کاج — ۳ قاشق غذاخوری","دانه کاج —","1","1172",""
"کره — ۲۵ گرم","کره —","1","1172",""
"روغن مایع — ۲ قاشق غذاخوری","روغن مایع —","1","1172",""
"نمک، فلفل سیاه و ادویه دلخواه — به مقدار لازم","نمک فلفل سیاه و ادویه  —","1","1172",""
"آب — به میزان لازم","آب —","1","1172",""
"۱/۲ عدد فلفل دلمه‌ای","/ فلفل دلمه‌ای","1","432",""
"۱/۲ پیمانه روغن نباتی","/ روغن نباتی","1","432",""
"۱ قاشق چای‌خوری ادویه مخصوص","قاشق چای‌خوری ادویه مخصوص","1","432",""
"۱ کیلوگرم گوشت گوسفند یا گوساله، خردشده در قطعات درشت","کیلو گوشت گوسفند یا گوساله خردشده در قطعات درشت","1","1173",""
"۵۰۰ گرم نخودفرنگی تازه، پوست‌گرفته","نخودفرنگی تازه پوست‌گرفته","1","1173",""
"۱ قاشق چای‌خوری دارچین یا ۲ تکه چوب دارچین","قاشق چای‌خوری دارچین یا تکه چوب دارچین","1","1173",""
"۶ تا ۱۰ عدد تخم مرغ","تا تخم مرغ","1","431",""
"۶ تکه نان خرد شده","تکه نان خرد شده","1","431",""
"نیم فنجان کلم بروکلی خرد شده","نیم فنجان کلم بروکلی خرد شده","1","431",""
"نیم فنجان قارچ","نیم فنجان قارچ","1","431",""
"ربع فنجان پیازچه خرد شده","ربع فنجان پیازچه خرد شده","1","431",""
"۱ فنجان مرغ پخته و خرد شده","فنجان مرغ پخته و خرد شده","1","431",""
"۱ قاشق چایخوری آویشن یا ریحان خرد شده","آویشن یا ریحان خرد شده","1","431",""
"۵۰۰ گرم میگوی پاک‌شده","میگوی پاک‌شده","1","1399",""
"نصف قاشق غذاخوری زردچوبه","نصف زردچوبه","1","1399",""
"۱ پیمانه سیب‌زمینی پخته، نگینی","سیب‌زمینی پخته نگینی","1","1533",""
"۲ قاشق غذاخوری سس تمر هندی","سس تمر هندی","1","1533",""
"۲ قاشق غذاخوری سس سبز (گشنیز و نعناع)","سس سبز (گشنیز و نعناع)","1","1533",""
"۱ قاشق چای‌خوری پودر زیره برشته","قاشق چای‌خوری پودر زیره برشته","1","1533",""
"۱ قاشق چای‌خوری چات ماسالا","قاشق چای‌خوری چات ماسالا","1","1533",""
"۱/۲ پیمانه سِو (رشته نخودچی ترد)","/ سِو (رشته نخودچی ترد)","1","1533",""
"برش‌های لیموترش (برای سرو)","برش‌های لیموترش (برای سرو)","1","1533",""
"۴ عدد بلدرچین","بلدرچین","1","852",""
"⅛ قاشق چای‌خوری نمک","⅛ قاشق چای‌خوری نمک","1","852",""
"½ قاشق چای‌خوری آویشن","½ قاشق چای‌خوری آویشن","1","852",""
"¼ پیمانه سرکه خرما","¼ سرکه خرما","1","852",""
"۲ قاشق چای‌خوری نشاسته ذرت","قاشق چای‌خوری نشاسته ذرت","1","852",""
"¼ پیمانه آب مرغ","¼ آب مرغ","1","852",""
"½ قاشق چای‌خوری پوست لیموی رنده‌شده","½ قاشق چای‌خوری پوست لیموی رنده‌شده","1","852",""
"استیک گوشت گوساله ۲۰۰ تا ۲۵۰ گرم برای هر نفر (با ضخامت حدود ۱٫۵ تا ۲ سانتی‌متر)","استیک گوشت گوساله تا برای هر نفر (با ضخامت حدود ٫ تا سانتی‌متر)","1","1280",""
"۱ عدد پیاز، پوست‌گرفته و ریز خردشده","پیاز پوست‌گرفته و ریز خردشده","1","1280",""
"۲۰۰ میلی‌لیتر خامه مایع یا کرم فرش","میلی‌ خامه مایع یا کرم فرش","1","1280",""
"۱ پیمانه نخود، خیس‌خورده و پخته","نخود خیس‌خورده و پخته","1","658",""
"۱ عدد پیاز کوچک، رنده‌شده","پیاز کوچک رنده‌شده","1","658",""
"روغن زیتون به مقدار لازم برای گریل","روغن زیتون  برای گریل","1","658",""
"لوبیای مخلوط (لوبیا قرمز و نخود)","لوبیای مخلوط (لوبیا قرمز و نخود)","1","936",""
"پول‌بیبر یا فلفل قرمز خردشده","پول‌بیبر یا فلفل قرمز خردشده","1","936",""
"کدو سبز، حلقه‌ای یا درشت خردشده","کدو سبز حلقه‌ای یا درشت خردشده","1","1122",""
"بادمجان، پوست‌گرفته و درشت خردشده","بادمجان پوست‌گرفته و درشت خردشده","1","1122",""
"روغن مایع برای سرخ‌کردن و تفت‌دادن","روغن مایع برای سرخ‌کردن و تفت‌دادن","1","1122",""
"شش عدد گوجه فرنگی","شش گوجه فرنگی","1","433",""
"چهار عدد تخم مرغ","چهار تخم مرغ","1","433",""
"یک قاشق غذاخوری آرد","یک آرد","1","433",""
"دو قاشق غذاخوری سبزیجات تازه","دو سبزیجات تازه","1","433",""
"۲۵۰ گرم ژامبون یا ماهی","ژامبون یا ماهی","1","942",""
"نیم عدد جگر بره، شسته و ورقه‌ای خرد شده","نیم جگر بره شسته و ورقه‌ای خرد شده","1","1176",""
"نان تازه، برای سرو","نان تازه برای سرو","1","1176",""
"سس گوجه‌فرنگی، برای سرو","سس گوجه‌فرنگی برای سرو","1","1176",""
"خمیر پیتزا (خانگی یا آماده)","خمیر پیتزا (خانگی یا آماده)","1","943",""
"ساردین","ساردین","1","943",""
"پنیر موزارلا، رنده‌شده یا ورقه‌ای","پنیر موزارلا رنده‌شده یا ه‌ای","1","943",""
"زیتون سیاه، حلقه‌شده","زیتون سیاه حلقه‌شده","1","943",""
"کاپر","کاپر","1","943",""
"پیاز قرمز، نازک خلالی","پیاز قرمز نازک خلالی","1","943",""
"خمیر پیتزا (به اندازه یک پیتزای متوسط)","خمیر پیتزا (به اندازه یک پیتزای متوسط)","1","944",""
"مرغ تندوری از قبل مزه‌دارشده و پخته، خردشده","مرغ تندوری از قبل مزه‌دارشده و پخته خردشده","1","944",""
"پیاز قرمز، نازک خلالی‌شده","پیاز قرمز نازک خلالی‌شده","1","944",""
"فلفل دلمه‌ای سبز، حلقه‌ای یا نواری","فلفل دلمه‌ای سبز حلقه‌ای یا نواری","1","944",""
"۱٫۵ کیلوگرم گوشت گوساله، ورقه‌ای خردشده","٫ کیلو گوشت گوساله ورقه‌ای خردشده","1","1180",""
"۳ عدد سیب‌زمینی، چهارقاچ","سیب‌زمینی چهارقاچ","1","1180",""
"۱ عدد هویج متوسط (یا ۱–۲ هویج بزرگ)، پوست‌کنده و نصف‌شده","هویج متوسط (یا هویج بزرگ) پوست‌کنده و نصف‌شده","1","1180",""
"۲ حبه سیر، پوست‌کنده","سیر پوست‌کنده","1","1180",""
"۱ قوطی آب گوشت گوساله رقیق‌شده","قوطی آب گوشت گوساله رقیق‌شده","1","1180",""
"فیله گوسفندی یا استیک ریب‌آی گوساله – ۵ تا ۶ تکه (هر کدام حدود ۱۵۰ گرم)","فیله گوسفندی یا استیک ریب‌آی گوساله تا تکه (هر کدام حدود )","1","1181",""
"قارچ – ۵ تا ۶ عدد","قارچ تا","1","1181",""
"سماق – ۱ قاشق غذاخوری پُر","سماق پُر","1","1181",""
"۱ پیمانه سس بشامل (سس سفید کلاسیک تهیه‌شده با شیر و کره)","سس بشامل (سس سفید کلاسیک تهیه‌شده با شیر و کره)","1","654",""
"۲۰۰ گرم پودر نان تُست‌شده","پودر نان تُست‌شده","1","654",""
"۴ تکه دنده گوسفندی (هر کدام حدود ۲۰۰ گرم)","تکه دنده گوسفندی (هر کدام حدود )","1","1182",""
"۱ عدد پیاز، از وسط نصف‌شده","پیاز از وسط نصف‌شده","1","1182",""
"۱ قاشق چای‌خوری دانه فلفل سیاه کامل","قاشق چای‌خوری دانه فلفل سیاه کامل","1","1182",""
"کره یا مارگارین، ذوب‌شده به مقدار لازم","کره یا مارگارین ذوب‌شده","1","1182",""
"نمک، فلفل سیاه و ادویه دلخواه به مقدار لازم","نمک فلفل سیاه و ادویه","1","1182",""
"۳۰۰ گرم سینه مرغ (پخته و برش داده شده)","سینه مرغ (پخته و برش داده شده)","1","228",""
"۱ حبه سیر (خرد شده)","سیر (خرد شده)","1","228",""
"۱/۵ پیمانه پنیر پارمزان (رنده شده)","/ پنیر پارمزان (رنده شده)","1","228",""
"۱/۴ پیمانه جعفری تازه (خرد شده)","/ جعفری تازه (خرد شده)","1","228",""
"نات‌مگ (اختیاری)","نات‌مگ (اختیاری)","1","228",""
"۳۰۰ گرم ماهیچه بره، خردشده","ماهیچه بره خردشده","1","1183",""
"۱/۴ پیمانه جعفری تازه، ساطوری","/ جعفری تازه ساطوری","1","1183",""
"۱/۴ پیمانه ریحان تازه، ساطوری","/ ریحان تازه ساطوری","1","1183",""
"۱ عدد پرتقال، از وسط نصف‌شده","پرتقال از وسط نصف‌شده","1","1183",""
"4 ساقه پیازچه","ساقه پیازچه","1","434",""
"2 ساقه تره فرنگی","ساقه تره فرنگی","1","434",""
"150 گرم سبزی کوکو","سبزی کوکو","1","434",""
"1/2 پیمانه روغن مایع","/2 روغن مایع","1","434",""
"پنیر موزارلا مکعبی","پنیر موزارلا مکعبی","1","842",""
"آب لیموترش تازه به مقدار کم","آب لیموترش تازه به مقدار کم","1","842",""
"سرکه به مقدار کم","سرکه به مقدار کم","1","842",""
"1 عدد سینه مرغ، برش داده شده","سینه مرغ برش داده شده","1","437",""
"100 گرم جوانه گندم یا ماش","جوانه گندم یا ماش","1","437",""
"30 گرم تره فرنگی، خرد شده","تره فرنگی خرد شده","1","437",""
"2 قاشق غذاخوری سس صدف","سس صدف","1","437",""
"1 قاشق غذاخوری شکر قهوه‌ای","شکر قهوه‌ای","1","437",""
"ریحان برای تزئین","ریحان برای تزئین","1","437",""
"10 عدد ورق برنجی","ورق برنجی","1","437",""
"سینه مرغ، آب‌پز و خردشده","سینه مرغ آب‌پز و خردشده","1","841",""
"۱ و ½ پیمانه آرد سفید","و ½ آرد سفید","1","1184",""
"⅓ پیمانه شیر","⅓ شیر","1","1184",""
"۱ قاشق غذاخوری بیکینگ‌پودر","بیکینگ‌پودر","1","1184",""
"۱ و ½ قاشق غذاخوری کره ذوب‌شده","و ½ کره ذوب‌شده","1","1184",""
"یک پنس نمک (برای خمیر)","یک پنس نمک (برای خمیر)","1","1184",""
"برش‌های پنیر","برش‌های پنیر","1","1185",""
"برش‌های خیارشور","برش‌های خیارشور","1","1185",""
"۲ قاشق چای‌خوری نمک (برای آبِ جوش)","قاشق چای‌خوری نمک (برای آبِ جوش)","1","1186",""
"۱ قوطی تُن ماهی، آبکش‌شده (ترجیحاً در آب)","قوطی تُن ماهی آبکش‌شده (ترجیحاً در آب)","1","1186",""
"۲ و نیم پیمانه پنیر چدار، رنده‌شده","و نیم پنیر چدار رنده‌شده","1","1186",""
"۱ قاشق چای‌خوری خامه","قاشق چای‌خوری خامه","1","1186",""
"۱ و ۱/۲ پیمانه آب ولرم","و / آب ولرم","1","947",""
"۱ و ۱/۲ قاشق چای‌خوری مخمر خشک فعال","و / قاشق چای‌خوری مخمر خشک فعال","1","947",""
"۱ قاشق غذاخوری خمیرمایه خشک (۱۴ گرم)","خمیرمایه خشک ( گرم)","1","946",""
"۲/۳ پیمانه آب ولرم (۱۶۰ میلی‌لیتر)","/ آب ولرم ( میلی‌لیتر)","1","946",""
"۱ قاشق غذاخوری آویشن تازه یا ۱ قاشق چای‌خوری پودر اورگانو","آویشن تازه یا قاشق چای‌خوری پودر اورگانو","1","946",""
"۳۰۰ گرم لوبیا قرمز پخته، آبکش‌شده","لوبیا قرمز پخته آبکش‌شده","1","946",""
"۲ عدد خمیر پیتزای آماده (حدود ۲۲ سانتی‌متر)","خمیر پیتزای آماده (حدود سانتی‌متر)","1","946",""
"۱ عدد پیاز قرمز متوسط، نازک خلالی","پیاز قرمز متوسط نازک خلالی","1","946",""
"۱ پیمانه پنیر پیتزا رنده‌شده (۱۲۵ گرم)","پنیر پیتزا رنده‌شده ( گرم)","1","946",""
"گوجه گیلاسی نصف‌شده (برای سرو)","گوجه گیلاسی نصف‌شده (برای سرو)","1","946",""
"ماست چکیده (برای سرو)","ماست چکیده (برای سرو)","1","946",""
"ماست: ۱ کاسه","ماست: کاسه","1","141",""
"شوید: به مقدار لازم","شوید:","1","141",""
"ادویه کاری: به مقدار لازم","ادویه کاری:","1","141",""
"پودر سیر: به مقدار لازم","پودر سیر:","1","141",""
"زعفران: به مقدار لازم","زعفران:","1","141",""
"آب: ۱ قابلمه","آب: قابلمه","1","141",""
"آبلیمو: ۳ قاشق غذاخوری","آبلیمو:","1","141",""
"سیب‌زمینی خرد شده پخته: 1 عدد متوسط","سیب‌زمینی خرد شده پخته: متوسط","1","141",""
"فیله یا راسته گوساله – ۲ کیلوگرم","فیله یا راسته گوساله کیلو","1","1190",""
"فلفل سیاه کوبیده – ۱ قاشق چای‌خوری","فلفل سیاه کوبیده قاشق چای‌خوری","1","1190",""
"فلفل دلمه‌ای – ۳ عدد، خردشده متوسط","فلفل دلمه‌ای خردشده متوسط","1","1115",""
"پودر کاری – ۱ قاشق چای‌خوری","پودر کاری قاشق چای‌خوری","1","1115",""
"قارچ – ۷۵۰ گرم، چهارقاچ‌شده","قارچ چهارقاچ‌شده","1","1115",""
"فلفل سیاه – ۱ قاشق چای‌خوری","فلفل سیاه قاشق چای‌خوری","1","1115",""
"نصف پیمانه سرکه یا آب لیموترش تازه","نصف سرکه یا آب لیموترش تازه","1","950",""
"۱ تا ۲ قاشق چای‌خوری زعفران دم‌کرده","تا قاشق چای‌خوری زعفران دم‌کرده","1","950",""
"نصف پیمانه آب پیاز","نصف آب پیاز","1","950",""
"۵۰۰ گرم گوشت، خردشده و مناسب کباب","گوشت خردشده و مناسب کباب","1","954",""
"برگ کلم","برگ کلم","1","438",""
"سماق (اختیاری)","سماق (اختیاری)","1","438",""
"۲۰۰ گرم سالاد الویه","سالاد الویه","1","710",""
"گوشت گوسفند مخلوط (کم‌چرب و بدون چربی اضافه)، دو بار چرخ‌کرده و بسیار ریز","گوشت گوسفند مخلوط (کم‌چرب و بدون چربی اضافه) دو بار چرخ‌کرده و بسیار ریز","1","953",""
"پیاز، بسیار ریز خرد شده","پیاز بسیار ریز خرد شده","1","953",""
"مرغ یا اردک (گزینه سنتی)","مرغ یا اردک (گزینه سنتی)","1","1109",""
"گوشت گوساله یا گوسفند (اختیاری، به‌صورت کوفته‌ریزه)","گوشت گوساله یا گوسفند (اختیاری به‌صورت کوفته‌ریزه)","1","1109",""
"گردو، کاملاً ساییده","گردو کاملاً ساییده","1","1109",""
"رب انار یا آب انار غلیظ","رب انار یا آب انار غلیظ","1","1109",""
"شکر (برای تنظیم ترشی و شیرینی)","شکر (برای تنظیم ترشی و شیرینی)","1","1109",""
"۵ پیمانه شیر هموژنیزه، تقسیم‌شده","شیر هموژنیزه تقسیم‌شده","1","647",""
"۵۰۰ گرم فیله گوشت گاو، برش‌خورده","فیله گوشت گاو برش‌خورده","1","1191",""
"۳ تا ۴ قاشق غذاخوری شوید تازه، خردشده","تا شوید تازه خردشده","1","1191",""
"کاچا (گندم بو داده) پخته، برای سرو (۴ تا ۵ نفر)","کاچا (گندم بو داده) پخته برای سرو ( تا نفر)","1","1191",""
"پنیر رنده‌شده (اختیاری)","پنیر رنده‌شده (اختیاری)","1","233",""
"۲۰۰ گرم فیله یا راسته گوساله","فیله یا راسته گوساله","1","1194",""
"۴ قاشق غذاخوری روغن ذرت","روغن ذرت","1","1194",""
"۱/۲ پیمانه نعناع تازه، خردشده (یا شاخه کامل برای تزیین)","/ نعناع تازه خردشده (یا شاخه کامل )","1","1194",""
"۳ تکه هویج پخته (برای سرو)","تکه هویج پخته (برای سرو)","1","1194",""
"۲ عدد تره‌فرنگی درشت، خردشده","تره‌فرنگی درشت خردشده","1","1102",""
"۱ قاشق غذاخوری پودر لیموعمانی (اختیاری)","پودر لیموعمانی (اختیاری)","1","1102",""
"گشنیز یا جعفری تازه، برای تزیین","گشنیز یا جعفری تازه","1","1102",""
"۱.۵ پیمانه برنج",". برنج","1","439",""
"۵۰۰ گرم تره بار/سبزی معطر","تره بار/سبزی معطر","1","439",""
"۵-۶ قاشق غذاخوری سرکه یا آبلیمو","سرکه یا آبلیمو","1","439",""
"۱ قاشق چای‌خوری ادویه‌جات","قاشق چای‌خوری ادویه‌جات","1","439",""
"ترکیبی از ۶ عدد فلفل، گوجه‌فرنگی و بادمجان برای پر کردن","ترکیبی از فلفل گوجه‌فرنگی و بادمجان برای پر کردن","1","439",""
"کمی خامه برای پایان کار","خامه برای پایان کار","1","645",""
"۱ عدد پیاز درشت، ریز خرد شده","پیاز درشت ریز خرد شده","1","103",""
"۱ کیلوگرم گوجه فرنگی","کیلو گوجه فرنگی","1","103",""
"۱ قاشق چایخوری سرکه بالسامیک","سرکه بالسامیک","1","103",""
"۱ پیمانه پنیر پارمسان رنده شده (اختیاری)","پنیر پارمسان رنده شده (اختیاری)","1","103",""
"۱/۳ پیمانه آبلیمو","/ آبلیمو","1","103",""
"۱ قاشق سوپخوری خردل","قاشق سوپخوری خردل","1","103",""
"۱ قاشق سوپخوری شوید خرد شده","قاشق سوپخوری شوید خرد شده","1","103",""
"۱/۳ پیمانه سرکه سفید","/ سرکه سفید","1","103",""
"۱ قاشق سوپخوری ترخون خرد شده","قاشق سوپخوری ترخون خرد شده","1","103",""
"۱ قاشق سوپخوری سس فلفل تند (اختیاری)","قاشق سوپخوری سس فلفل تند (اختیاری)","1","103",""
"۱/۴ پیمانه بادام زمینی (اختیاری)","/ بادام زمینی (اختیاری)","1","103",""
"۱۰۰ گرم پنیر گودا، ورقه‌ای","پنیر گودا ورقه‌ای","1","1195",""
"قاچ‌های لیمو ترش، برای سرو","قاچ‌های لیمو ترش برای سرو","1","1195",""
"گوجه‌فرنگی رسیده، پوست کنده و خرد شده","گوجه‌فرنگی رسیده پوست کنده و خرد شده","1","537",""
"بادمجان متوسط، پوست کنده و خرد شده","بادمجان متوسط پوست کنده و خرد شده","1","537",""
"۱ بسته ادویه مخصوص خورش (ترکیب سنتی ادویه ایرانی)","ادویه مخصوص خورش (ترکیب سنتی ادویه ایرانی)","1","1100",""
"۷۵۰ میلی‌لیتر آب انار ترش","میلی‌ آب انار ترش","1","1100",""
"۳۰۰ گرم سبزی معطر تازه (اناریجه، زولنگ، سیرک، گشنیز، جعفری، تره، شنبلیله) ریز خردشده","سبزی معطر تازه (اناریجه زولنگ سیرک گشنیز جعفری تره شنبلیله) ریز خردشده","1","1100",""
"۲۵۰ گرم سینه مرغ، خردشده به مکعب‌های کوچک","سینه مرغ خردشده به مکعب‌های کوچک","1","837",""
"۱ دسته کوچک پیازچه (با قسمت سبز)، ریز خردشده","دسته کوچک پیازچه (با قسمت سبز) ریز خردشده","1","837",""
"۱ دسته کوچک جعفری، ریز خردشده","دسته کوچک جعفری ریز خردشده","1","837",""
"۲ کیلوگرم فیله یا ران گوساله جوان","کیلو فیله یا ران گوساله جوان","1","1197",""
"۲۵ گرم کره یا خامه","کره یا خامه","1","643",""
"۱/۲ پیمانه نخودفرنگی","/ نخودفرنگی","1","643",""
"۱/۲ پیمانه لوبیای سبز خردشده","/ لوبیای سبز خردشده","1","643",""
"۱ عدد شلغم کوچک، نگینی خردشده","شلغم کوچک نگینی خردشده","1","643",""
"ترخون خردشده، برای تزیین","ترخون خردشده","1","643",""
"آب‌لیمو، برای سرو","آب‌لیمو برای سرو","1","643",""
"۲ عدد به متوسط، پوست‌گرفته و قاچ‌شده","به متوسط پوست‌گرفته و قاچ‌شده","1","1099",""
"۱ قاشق غذاخوری شکر (قابل تنظیم)","شکر (قابل تنظیم)","1","1099",""
"۱ قاشق چای‌خوری پودر چیلی","قاشق چای‌خوری پودر چیلی","1","961",""
"۱.۵ کیلوگرم راسته گوسفند (تمیز شده و بدون رگ و پی)، برش‌خورده",". کیلو راسته گوسفند (تمیز شده و بدون رگ و پی) برش‌خورده","1","972",""
"۴ عدد فلفل دلمه‌ای رنگی متوسط","فلفل دلمه‌ای رنگی متوسط","1","440",""
"۱/۴ قاشق چایخوری پودر زعفران","/ پودر زعفران","1","440",""
"۲۰۰ گرم پنیر پیتزا موزارلا","پنیر پیتزا موزارلا","1","440",""
"لوبیای سفید خشک","لوبیای سفید خشک","1","640",""
"۱ کیلوگرم گوشت چرخ‌کرده کم‌چرب","کیلو گوشت چرخ‌کرده کم‌چرب","1","975",""
"۱۰۰ گرم پنیر نینیا، رنده‌شده","پنیر نینیا رنده‌شده","1","975",""
"۱.۵ پیمانه گوشت خردشده یا چرخ‌کرده",". گوشت خردشده یا چرخ‌کرده","1","1094",""
"۱ ساقه کرفس خلالی","ساقه کرفس خلالی","1","1094",""
"۱/۲ پیمانه فلفل دلمه‌ای خلالی","/ فلفل دلمه‌ای خلالی","1","1094",""
"۱/۲ پیمانه ذرت پخته","/ ذرت پخته","1","1094",""
"۱.۵ قاشق غذاخوری پیاز داغ",". پیاز داغ","1","1094",""
"۱ پیمانه قارچ خلالی","قارچ خلالی","1","1094",""
"۱ لیوان کوچک آب","کوچک آب","1","1094",""
"۲ عدد بادمجان متوسط، نگینی خردشده","بادمجان متوسط نگینی خردشده","1","1395",""
"۲۵۰ گرم زیتون سبز، حلقه‌ای یا خردشده","زیتون سبز حلقه‌ای یا خردشده","1","1395",""
"۲ عدد سیب‌زمینی متوسط، پوست‌کنده و ورقه‌ای","سیب‌زمینی متوسط پوست‌کنده و ورقه‌ای","1","1090",""
"۱ پیمانه آلو خشک ترش","آلو خشک ترش","1","1090",""
"۱ قاشق چای‌خوری ادویه تند (کاری)","قاشق چای‌خوری ادویه تند (کاری)","1","1090",""
"½ قاشق غذاخوری دانه فلفل سیاه کوبیده","½ دانه فلفل سیاه کوبیده","1","978",""
"½ قاشق غذاخوری سیر رنده‌شده","½ سیر رنده‌شده","1","978",""
"2 قاشق غذاخوری پوست پرتقال تازه رنده‌شده","پوست پرتقال تازه رنده‌شده","1","978",""
"75 میلی‌لیتر روغن کنجد","میلی‌ روغن کنجد","1","978",""
"16 عدد برگ بو تازه","برگ بو تازه","1","978",""
"16 عدد قارچ کوچک تازه","قارچ کوچک تازه","1","978",""
"8 عدد سیخ چوبی نازک","سیخ چوبی نازک","1","978",""
"سفیده تخم مرغ - ۱ عدد","سفیده تخم مرغ","1","157",""
"۱ قاشق چای‌خوری زنجبیل رنده‌شده","قاشق چای‌خوری زنجبیل رنده‌شده","1","835",""
"۱ قاشق چای‌خوری رنده پوست پرتقال","قاشق چای‌خوری رنده پوست پرتقال","1","835",""
"آرد سفید – ۲۵۰ گرم (حدود ۲ پیمانه)","آرد سفید گرم (حدود )","1","1200",""
"کره بدون نمک سرد – ۱۲۵ گرم (حدود ½ پیمانه)","کره بدون نمک سرد گرم (حدود ½ )","1","1200",""
"نمک – ⅛ قاشق چای‌خوری","نمک ⅛ قاشق چای‌خوری","1","1200",""
"آب یا شیر – حدود ۱ پیمانه (به میزان لازم)","آب یا شیر حدود ()","1","1200",""
"خامه – ۱۰۰ گرم (حدود ½ پیمانه)","خامه گرم (حدود ½ )","1","1200",""
"۱ مرغ کامل، تکه‌شده با پوست","مرغ کامل تکه‌شده با پوست","1","1089",""
"۱/۴ قاشق چای‌خوری زنجبیل","/ قاشق چای‌خوری زنجبیل","1","1089",""
"۷۰۰ گرم فیله گوساله، خردشده به قطعات یکدست","فیله گوساله خردشده به قطعات یکدست","1","981",""
"۴ عدد پیاز (۲ عدد رنده‌شده، ۲ عدد خردشده درشت)","پیاز ( عدد رنده‌شده عدد خردشده درشت)","1","981",""
"۲ عدد گوجه‌فرنگی، خردشده درشت","گوجه‌فرنگی خردشده درشت","1","981",""
"۴ عدد قارچ بزرگ، از وسط نصف‌شده","قارچ بزرگ از وسط نصف‌شده","1","981",""
"گوشت راسته یا قلوه‌گاه گوسفند یا گوساله، چرخ‌کرده","گوشت راسته یا قلوه‌گاه گوسفند یا گوساله چرخ‌کرده","1","984",""
"راسته گوسفند یا فیله گوساله، خردشده در اندازه انگشتی","راسته گوسفند یا فیله گوساله خردشده در اندازه انگشتی","1","984",""
"سینه مرغ، خردشده در اندازه انگشتی","سینه مرغ خردشده در اندازه انگشتی","1","984",""
"فلفل سبز کبابی","فلفل سبز کبابی","1","984",""
"کره ذوب‌شده برای رومال","کره ذوب‌شده برای رومال","1","984",""
"۲۰۰ گرم خامه فرم‌گرفته","خامه فرم‌گرفته","1","1201",""
"۳ عدد تخم‌مرغ درشت (زرده و سفیده جدا شده)","تخم‌مرغ درشت (زرده و سفیده جدا شده)","1","1201",""
"⅓ قاشق چای‌خوری عصاره وانیل","⅓ قاشق چای‌خوری عصاره وانیل","1","1201",""
"۳ عدد موز رسیده، ریز خردشده","موز رسیده ریز خردشده","1","1201",""
"۷ بادمجان کبابی، پوست کنده","بادمجان کبابی پوست کنده","1","442",""
"نمک، زردچوبه و فلفل به میزان لازم","نمک زردچوبه و فلفل","1","442",""
"برنج پخته (اختیاری، برای سرو)","برنج پخته (اختیاری برای سرو)","1","987",""
"۲۰۰ گرم هویج نگینی ریز","هویج نگینی ریز","1","635",""
"۱۵۰ گرم سیب‌زمینی نگینی ریز","سیب‌زمینی نگینی ریز","1","635",""
"۴ تا ۵ عدد گوجه‌فرنگی بزرگ، پوست‌گرفته و ریز خردشده یا ۲ قاشق غذاخوری رب گوجه‌فرنگی","تا عدد گوجه‌فرنگی بزرگ پوست‌گرفته و ریز خردشده یا رب گوجه‌فرنگی","1","635",""
"نمک، فلفل سیاه و آب‌لیمو تازه به میزان لازم","نمک فلفل سیاه و آب‌لیمو تازه","1","635",""
"یک مشت جعفری و گشنیز خردشده، تقسیم‌شده","یک مشت جعفری و گشنیز خردشده تقسیم‌شده","1","635",""
"یک سينه مرغ کامل، خرد شده","یک سينه مرغ کامل خرد شده","1","444",""
"۴ فلفل دلمه بزرگ یا برگ انگور","فلفل دلمه بزرگ یا برگ انگور","1","444",""
"۱ مشت جعفری تازه، خرد شده","مشت جعفری تازه خرد شده","1","444",""
"۱ مشت شوید تازه، خرد شده","مشت شوید تازه خرد شده","1","444",""
"۱ کیلوگرم راسته گوساله، خردشده به قطعات لقمه‌ای","کیلو راسته گوساله خردشده به قطعات لقمه‌ای","1","990",""
"۴۰۰ گرم سیب‌زمینی، پوست‌کنده و حلقه‌ای","سیب‌زمینی پوست‌کنده و حلقه‌ای","1","990",""
"۱۰۰ گرم سماق، تمیزشده و بدون دانه","سماق تمیزشده و بدون دانه","1","990",""
"۸ تکه مرغ شسته‌شده","تکه مرغ شسته‌شده","1","1082",""
"۵۰۰ گرم بامیه، خردشده","بامیه خردشده","1","1082",""
"کبک کامل، تمیز و آماده","کبک کامل تمیز و آماده","1","994",""
"زعفران ساییده، حل‌شده در آب داغ","زعفران ساییده حل‌شده در آب داغ","1","994",""
"۵۰۰ گرم گوشت گوسفند یا گوساله، خردشده در اندازه متوسط","گوشت گوسفند یا گوساله خردشده در اندازه متوسط","1","1069",""
"۳ عدد به، هسته‌گرفته و خردشده","به هسته‌گرفته و خردشده","1","1069",""
"۲۰۰ گرم آلو خشک یا آلو بخارا","آلو خشک یا آلو بخارا","1","1069",""
"۲ تا ۳ لیوان آب","تا آب","1","1069",""
"۱ قاشق چای‌خوری زعفران دم‌کرده (در ۲ قاشق غذاخوری آب داغ)","قاشق چای‌خوری زعفران دم‌کرده (در آب داغ)","1","1069",""
"۵۰۰ گرم آلبالوی ترش بدون هسته","آلبالوی ترش بدون هسته","1","1071",""
"آب لیموترش یا آب نارنج، به مقدار لازم","آب لیموترش یا آب نارنج","1","1071",""
"۱/۲ پیمانه دال تور (نخود کبوتر)","/ دال تور (نخود کبوتر)","1","1519",""
"۱/۲ پیمانه سبزیجات مخلوط (هویج، لوبیا سبز، نخودفرنگی)","/ سبزیجات مخلوط (هویج لوبیا سبز نخودفرنگی)","1","1519",""
"۱/۴ پیمانه عصاره تمرهندی","/ عصاره تمرهندی","1","1519",""
"۲ تا ۳ قاشق غذاخوری پودر بیسی بله بث","تا پودر بیسی بله بث","1","1519",""
"آب به مقدار لازم (حدود ۴ پیمانه)","آب  (حدود )","1","1519",""
"۵۰ گرم پسته برای تزئین","پسته برای تزئین","1","152",""
"گوشت چرخ کرده بره یا گاو","گوشت چرخ کرده بره یا گاو","1","445",""
"سبزی‌های تازه (جعفری، شیوید، نعناع)","سبزی‌های تازه (جعفری شیوید نعناع)","1","445",""
"دانه کاج (اختیاری)","دانه کاج (اختیاری)","1","445",""
"زرشک یا کشمش","زرشک یا کشمش","1","445",""
"بلدرچین کامل – ۴ عدد","بلدرچین کامل","1","1067",""
"زردچوبه – ½ قاشق چای‌خوری","زردچوبه ½ قاشق چای‌خوری","1","1067",""
"چاشنی خورش مگی – ۱ بسته","چاشنی خورش مگی","1","1067",""
"آب پرتقال تازه – ۲۵۰ میلی‌لیتر","آب پرتقال تازه میلی‌","1","1067",""
"پرتقال درشت – ۲ عدد، پوست‌گرفته و ورقه‌شده","پرتقال درشت پوست‌گرفته و ورقه‌شده","1","1067",""
"مواد لازم برای کباب تابه‌ای:","مواد لازم برای کباب تابه‌ای:","1","996",""
"۱ قاشق چای‌خوری فلفل قرمز (اختیاری)","قاشق چای‌خوری فلفل قرمز (اختیاری)","1","996",""
"مواد لازم برای سالاد لوبیا:","مواد لازم برای سالاد لوبیا:","1","996",""
"۹۰۰ گرم لوبیای قرمز و سفید پخته و خنک‌شده","لوبیای قرمز و سفید پخته و خنک‌شده","1","996",""
"⅓ پیمانه روغن زیتون","⅓ روغن زیتون","1","996",""
"½ قاشق چای‌خوری خردل","½ قاشق چای‌خوری خردل","1","996",""
"مواد لازم برای کباب کوبیده خانگی:","مواد لازم برای کباب کوبیده خانگی:","1","996",""
"۱ قاشق چای‌خوری رنده پوست لیمو","قاشق چای‌خوری رنده پوست لیمو","1","996",""
"مواد لازم برای برنج طلایی:","مواد لازم برای برنج طلایی:","1","996",""
"۲ پیمانه برنج، شسته و آبکش‌شده","برنج شسته و آبکش‌شده","1","996",""
"۴ پیمانه آب سبزیجات یا آب به‌همراه ۲ عصاره سبزیجات","آب سبزیجات یا آب به‌همراه عصاره سبزیجات","1","996",""
"۱ کیلوگرم برگ گزنه تازه، پاک‌شده و شسته‌شده","کیلو برگ گزنه تازه پاک‌شده و شسته‌شده","1","1063",""
"۲ تا ۳ حبه سیر، ریز خردشده","تا سیر ریز خردشده","1","1063",""
"۳ تا ۴ پیمانه برنج بخارپز یا کته، برای سرو","تا برنج بخارپز یا کته برای سرو","1","1063",""
"نخود – ۱ پیمانه، از شب قبل خیس‌خورده، پوست‌گرفته و دو نیم‌شده","نخود از شب قبل خیس‌خورده پوست‌گرفته و دو نیم‌شده","1","1054",""
"گوشت گوسفندی (ران) – ۵۰۰ گرم، خردشده","گوشت گوسفندی (ران) خردشده","1","1054",""
"پوره گوجه‌فرنگی – ½ پیمانه","پوره گوجه‌فرنگی ½","1","1054",""
"رب گوجه‌فرنگی – ¼ پیمانه","رب گوجه‌فرنگی ¼","1","1054",""
"دارچین – ½ قاشق چای‌خوری","دارچین ½ قاشق چای‌خوری","1","1054",""
"۱ قاشق غذاخوری شوید خردشده","شوید خردشده","1","1058",""
"۲ عدد سیب بزرگ، پوست‌کنده، هسته‌گرفته و ورقه‌شده","سیب بزرگ پوست‌کنده هسته‌گرفته و ورقه‌شده","1","1326",""
"¼ پیمانه آب","¼ آب","1","1326",""
"سینه یا ران مرغ بدون استخوان، خردشده در اندازه لقمه‌ای","سینه یا ران مرغ بدون استخوان خردشده در اندازه لقمه‌ای","1","998",""
"پاپریکای دودی","پاپریکای دودی","1","998",""
"فلفل کاین","فلفل کاین","1","998",""
"پیاز، خردشده درشت","پیاز خردشده درشت","1","998",""
"هلو رسیده و شیرین – با عطر طبیعی، به مقدار دلخواه","هلو رسیده و شیرین با عطر طبیعی به مقدار","1","1325",""
"آب – مقدار کم برای بخارپز شدن هلوها","آب مقدار کم برای بخارپز شدن هلوها","1","1325",""
"شکر – به میزان دلخواه برای شیرینی ملایم","شکر به میزان  برای شیرینی ملایم","1","1325",""
"½ پیمانه هویج رنده‌شده ریز","½ هویج رنده‌شده ریز","1","1000",""
"¼ پیمانه پیازچه خردشده ریز","¼ پیازچه خردشده ریز","1","1000",""
"¼ پیمانه پودر نان سبوس‌دار","¼ پودر نان سبوس‌دار","1","1000",""
"¼ قاشق چای‌خوری ادویه ایتالیایی","¼ قاشق چای‌خوری ادویه ایتالیایی","1","1000",""
"¼ قاشق چای‌خوری پودر سیر","¼ قاشق چای‌خوری پودر سیر","1","1000",""
"۳۵۰ گرم مرغ چرخ‌کرده کم‌چرب","مرغ چرخ‌کرده کم‌چرب","1","1000",""
"¼ پیمانه خردل","¼ خردل","1","1000",""
"۴ عدد نان همبرگر سبوس‌دار، نصف‌شده و تست‌شده","نان همبرگر سبوس‌دار نصف‌شده و تست‌شده","1","1000",""
"برگ کاهو (اختیاری)","برگ کاهو (اختیاری)","1","1000",""
"کدو سبز رنده‌شده یا ورقه‌ای نازک (اختیاری)","کدو سبز رنده‌شده یا ه‌ای نازک (اختیاری)","1","1000",""
"۲ عدد پیاز متوسط، خلالی و سرخ‌شده","پیاز متوسط خلالی و سرخ‌شده","1","1049",""
"۲ عدد سیب‌زمینی متوسط، حلقه‌ای","سیب‌زمینی متوسط حلقه‌ای","1","1049",""
"۳ عدد گوجه‌فرنگی متوسط، حلقه‌ای","گوجه‌فرنگی متوسط حلقه‌ای","1","1049",""
"گردِ غوره به مقدار لازم برای رویه","گردِ غوره  برای رویه","1","1049",""
"حدود ۳/۴ پیمانه آب","حدود / آب","1","1049",""
"کره (برای پایه سس)","کره (برای پایه سس)","1","1203",""
"آرد سفید (برای غلیظ کردن سس)","آرد سفید (برای غلیظ کردن سس)","1","1203",""
"شیر (برای تهیه سس بشامل کرمی)","شیر (برای تهیه سس بشامل کرمی)","1","1203",""
"پنیر رنده‌شده مانند گرویر یا چدار","پنیر رنده‌شده مانند گرویر یا چدار","1","1203",""
"ژامبون خردشده ریز – ۲ پیمانه","ژامبون خردشده ریز","1","1204",""
"نمک – مقدار کم","نمک مقدار کم","1","1204",""
"چهار کدو سبز متوسط، رنده‌شده","چهار کدو سبز متوسط رنده‌شده","1","449",""
"چهار تخم‌مرغ بزرگ","چهار تخم‌مرغ بزرگ","1","449",""
"یک پیاز متوسط، ریز خرد‌شده","یک پیاز متوسط ریز خرد‌شده","1","449",""
"یک‌چهارم فنجان شوید تازه، خرد‌شده","یک‌چهارم فنجان شوید تازه خرد‌شده","1","449",""
"یک‌چهارم فنجان جعفری تازه، خرد‌شده","یک‌چهارم فنجان جعفری تازه خرد‌شده","1","449",""
"نیم‌قاشق چایخوری زردچوبه","نیم‌ زردچوبه","1","449",""
"یک‌سوم فنجان آرد همه‌منظوره","یک‌سوم فنجان آرد همه‌منظوره","1","449",""
"نیم‌قاشق چایخوری بیکینگ پودر","نیم‌ بیکینگ پودر","1","449",""
"۲٫۵ پیمانه مرغ پخته ریش‌ریش شده یا ماهی بدون استخوان پخته","٫ مرغ پخته ریش‌ریش شده یا ماهی بدون استخوان پخته","1","1206",""
"زرده تخم‌مرغ، زده‌شده با یک پنس نمک","زرده تخم‌مرغ زده‌شده با یک پنس نمک","1","1206",""
"سفیده تخم‌مرغ، زده‌شده تا فرم سفت","سفیده تخم‌مرغ زده‌شده تا فرم سفت","1","1206",""
"۲۰۰ گرم گشنیز و نعناع تازه، ریز خردشده","گشنیز و نعناع تازه ریز خردشده","1","827",""
"۵۰ گرم مایونز (حدود ۲ قاشق غذاخوری)","گرم مایونز (حدود )","1","827",""
"۵۰ گرم ماست ساده (حدود ۲ قاشق غذاخوری)","گرم ماست ساده (حدود )","1","827",""
"۲ قاشق غذاخوری روغن مایع + ۱ قاشق غذاخوری برای دود دادن","روغن مایع + قاشق غذاخوری برای دود دادن","1","827",""
"۱ حبه بزرگ سیر، بسیار ریز خردشده","بزرگ سیر بسیار ریز خردشده","1","827",""
"۱ تا ۲ عدد فلفل سبز تند، ریز خردشده","تا فلفل سبز تند ریز خردشده","1","827",""
"۱ تکه کوچک زغال طبیعی","تکه کوچک زغال طبیعی","1","827",""
"پنیر موزارلا (ورقه‌ای یا رنده‌شده)","پنیر موزارلا (ه‌ای یا رنده‌شده)","1","1002",""
"500 گرم ماکارونی شکل‌دار رنگی","ماکارونی شکل‌دار رنگی","1","19",""
"150 گرم هویج پخته شده","هویج پخته شده","1","19",""
"1 پیمانه کنسرو نخودفرنگی","کنسرو نخودفرنگی","1","19",""
"1 پیمانه کنسرو ذرت","کنسرو ذرت","1","19",""
"2 قاشق سوپ‌خوری آبلیمو تازه","قاشق سوپ‌خوری آبلیمو تازه","1","19",""
"1 قاشق سوپ‌خوری سرکه سفید","قاشق سوپ‌خوری سرکه سفید","1","19",""
"فلفل و نمک به میزان لازم","فلفل و نمک","1","19",""
"۱۲۰ گرم سویا، از قبل خیس‌خورده","سویا از قبل خیس‌خورده","1","1048",""
"۱۰۰ گرم سینه مرغ پخته، چرخ‌کرده","سینه مرغ پخته چرخ‌کرده","1","1048",""
"۲ قاشق غذاخوری گشنیز و جعفری تازه خردشده","گشنیز و جعفری تازه خردشده","1","1048",""
"نمک و ادویه به میزان لازم (مانند زردچوبه و فلفل سیاه)","نمک و ادویه  (مانند زردچوبه و فلفل سیاه)","1","1048",""
"۴ پیمانه توت‌فرنگی تازه، شسته و کلاهک‌گرفته","توت‌فرنگی تازه شسته و کلاهک‌گرفته","1","1324",""
"½ قاشق چای‌خوری زعفران دم‌کرده (اختیاری)","½ قاشق چای‌خوری زعفران دم‌کرده (اختیاری)","1","1044",""
"قارچ تازه، ریز خردشده","قارچ تازه ریز خردشده","1","1207",""
"یک ساقه کوچک کرفس","یک ساقه کوچک کرفس","1","34",""
"یک عدد هویج خرد شده","یک هویج خرد شده","1","34",""
"یک بسته ماکارونی رشته‌ای","یک ماکارونی رشته‌ای","1","34",""
"سه فنجان سینه خرد شده مرغ","سه فنجان سینه خرد شده مرغ","1","34",""
"یک فنجان گوجه فرنگی خرد شده","یک فنجان گوجه فرنگی خرد شده","1","34",""
"نصف قاشق چایخوری نمک","نصف نمک","1","34",""
"نصف قاشق چایخوری آویشن","نصف آویشن","1","34",""
"گوشت گوساله استخوان‌دار یا خورشتی – ۱۰۰۰ گرم","گوشت گوساله استخوان‌دار یا خورشتی","1","627",""
"شلغم – ۵۰۰ گرم، پوست‌گرفته و خردشده","شلغم پوست‌گرفته و خردشده","1","627",""
"بری تازه (مانند بلوبری) – ۲ عدد، برای تزیین","بری تازه (مانند بلوبری)","1","627",""
"140-90 گرم پاستا","90 پاستا","1","43",""
"1/2 پیمانه خامه","/2 خامه","1","43",""
"1 قاشق غذاخوری جعفری ساطوری","جعفری ساطوری","1","43",""
"1/2 پیمانه آب","/2 آب","1","43",""
"۱۰ میلی‌لیتر روغن آفتابگردان","میلی‌ روغن آفتابگردان","1","625",""
"۱ عدد سیب بزرگ و رسیده، پوست‌کنده و خردشده","سیب بزرگ و رسیده پوست‌کنده و خردشده","1","625",""
"ماست غلیظ، برای سرو","ماست غلیظ برای سرو","1","625",""
"نوارهای نازک هویج، برای تزیین","نوارهای نازک هویج","1","625",""
"فیله گوشت گوساله یا مرغ، خردشده","فیله گوشت گوساله یا مرغ خردشده","1","1323",""
"میگوی خام، پوست‌کنده و پاک‌شده","میگوی خام پوست‌کنده و پاک‌شده","1","1323",""
"فلفل دلمه‌ای سبز، درشت خردشده","فلفل دلمه‌ای سبز درشت خردشده","1","1323",""
"قارچ تازه، نصف‌شده","قارچ تازه نصف‌شده","1","1323",""
"کرفس ۱ ساقه","کرفس ساقه","1","897",""
"دانه فلفل سیاه ۱ قاشق چای‌خوری","دانه فلفل سیاه قاشق چای‌خوری","1","897",""
"شیر یا آبِ صاف‌شدهٔ زبان به مقدار لازم","شیر یا آبِ صاف‌شدهٔ زبان","1","897",""
"۳۰۰ گرم سیب‌زمینی آب‌پز و پوره‌شده","سیب‌زمینی آب‌پز و پوره‌شده","1","1042",""
"آرد سفید، به مقدار لازم برای آغشته‌کردن","آرد سفید  برای آغشته‌کردن","1","1042",""
"پودر سوخاری، به مقدار لازم برای پوشش","پودر سوخاری  برای پوشش","1","1042",""
"زعفران دم‌کرده، مقدار کم (اختیاری)","زعفران دم‌کرده مقدار کم (اختیاری)","1","1042",""
"۱ عدد مرغ کامل متوسط","مرغ کامل متوسط","1","821",""
"فلفل دلمه‌ای یا فلفل تند، به مقدار دلخواه","فلفل دلمه‌ای یا فلفل تند به مقدار","1","821",""
"۱/۲ پیمانه آبِ مرغ","/ آبِ مرغ","1","623",""
"۴ قاشق غذاخوری برنج خشک","برنج خشک","1","623",""
"۱ قاشق غذاخوری نشاسته ذرت یا آرد گندم","نشاسته ذرت یا آرد گندم","1","623",""
"۲ و ۱/۲ پیمانه ماست کم‌چرب","و / ماست کم‌چرب","1","623",""
"آبِ ۱ عدد لیموی تازه","آبِ لیموی تازه","1","623",""
"جوش‌شیرین","جوش‌شیرین","1","1210",""
"1 عدد ماهی قزل‌آلا یا ماهی سالمون","ماهی قزل‌آلا یا ماهی سالمون","1","51",""
"2 قاشق غذاخوری ترخان تازه خرد شده","ترخان تازه خرد شده","1","51",""
"آب پرتقال (نصف پرتقال)","آب پرتقال (نصف پرتقال)","1","51",""
"۵۰۰ گرم گوشت گوساله بدون استخوان، برش‌خورده به نوارهای نازک در اندازه کف دست","گوشت گوساله بدون استخوان برش‌خورده به نوارهای نازک در اندازه کف دست","1","1012",""
"فویل آلومینیومی یا کاغذ روغنی","فویل آلومینیومی یا کاغذ روغنی","1","1012",""
"نان ساندویچی یا نان تخت","نان ساندویچی یا نان تخت","1","1012",""
"۳ تا ۴ عدد گوجه‌فرنگی رسیده، ورقه‌ای","تا گوجه‌فرنگی رسیده ورقه‌ای","1","1012",""
"۳ تا ۴ عدد فلفل سبز","تا فلفل سبز","1","1012",""
"۳۰۰ گرم گوشت چرخ کرده گوسفند یا گوساله","گوشت چرخ کرده گوسفند یا گوساله","1","451",""
"۸ تا ۱۰ برگ مو","تا برگ مو","1","451",""
"آبلیموی تازه از ۱ عدد لیمو","آبلیموی تازه از لیمو","1","451",""
"ماست با سیر یا موسیر به میزان لازم","ماست با سیر یا موسیر","1","56",""
"صنوبر یا بادام خلالی به میزان لازم","صنوبر یا بادام خلالی","1","56",""
"۳ تا ۴ عدد گوجه‌فرنگی متوسط و سفت","تا گوجه‌فرنگی متوسط و سفت","1","1276",""
"۱ عدد فلفل دلمه‌ای بزرگ قرمز یا سبز","فلفل دلمه‌ای بزرگ قرمز یا سبز","1","1276",""
"۱ عدد پیاز سفید متوسط","پیاز سفید متوسط","1","1276",""
"نصف حبه سیر","نصف سیر","1","1276",""
"چند شاخه ریحان تازه (کامل و خردشده)","چند ریحان تازه (کامل و خردشده)","1","1276",""
"پودر آویشن، نوک قاشق","پودر آویشن نوک قاشق","1","1276",""
"سرکه سفید (اختیاری)","سرکه سفید (اختیاری)","1","1276",""
"کدو سبز با پوست","کدو سبز با پوست","1","72",""
"اسفناج (۴ پیمانه خرد شده)","اسفناج ( خرد شده)","1","72",""
"جعفری خرد شده (۱/۲ پیمانه)","جعفری خرد شده (/ )","1","72",""
"ریحان خرد شده (۱/۲ پیمانه)","ریحان خرد شده (/ )","1","72",""
"سیر رنده شده (۴ حبه)","سیر رنده شده ( )","1","72",""
"روغن زیتون (۱ پیمانه)","روغن زیتون ( )","1","72",""
"آب گوجه فرنگی (۲ پیمانه)","آب گوجه فرنگی ( )","1","72",""
"پنیر پارمزان یا گودا رنده شده (۱ پیمانه)","پنیر پارمزان یا گودا رنده شده ( )","1","72",""
"آویشن (۱ قاشق غذاخوری)","آویشن ( )","1","72",""
"نمک (مقداری)","نمک ()","1","72",""
"۱ پیمانه پنیر رنده‌شده با قابلیت ذوب بالا (مانند گرویر یا امنتال)","پنیر رنده‌شده با قابلیت ذوب بالا (مانند گرویر یا امنتال)","1","1211",""
"نان ورقه‌ای نازک برای تست","نان ه‌ای نازک برای تست","1","1211",""
"نوک قاشق جوز هندی","نوک قاشق جوز هندی","1","608",""
"گوشت قرمز تازه (مانند فیله یا راسته)، برش‌خورده به اندازه‌ی پهنای انگشت و به طول ۲ تا ۳ سانتی‌متر","گوشت قرمز تازه (مانند فیله یا راسته) برش‌خورده به اندازه‌ی پهنای انگشت و به طول تا سانتی‌متر","1","1214",""
"روغن مناسب سرخ‌کردن (به میزان لازم)","روغن مناسب سرخ‌کردن ()","1","1214",""
"سس دلخواه برای سرو (مانند سس خردل، سیر یا مایونز)","سس  برای سرو (مانند سس خردل سیر یا مایونز)","1","1214",""
"۱۰۰ گرم برنج آبکش شده (۱/۲ فنجان)","برنج آبکش شده (/ فنجان)","1","452",""
"۱/۲ فنجان جعفری خرد شده","/ فنجان جعفری خرد شده","1","452",""
"۱/۲ فنجان آب‌لیمو","/ فنجان آب‌لیمو","1","452",""
"۳ فنجان آب ولرم","فنجان آب ولرم","1","452",""
"۳۰۰ گرم نخود خشک، خیسانده","نخود خشک خیسانده","1","1031",""
"۱ کیلوگرم برنج (حدود ۵ پیمانه)، تقسیم‌شده","کیلوگرم برنج (حدود ) تقسیم‌شده","1","1031",""
"سبزی تازه خردشده (جعفری، شوید، تره، ترخون)","سبزی تازه خردشده (جعفری شوید تره ترخون)","1","1031",""
"۱ کیلوگرم کشمش","کیلو کشمش","1","1031",""
"پیاز خلالی سرخ‌شده","پیاز خلالی سرخ‌شده","1","1031",""
"۲ قاشق غذاخوری پودر قهوه","پودر قهوه","1","1215",""
"۱ قاشق غذاخوری پودر ژلاتین","پودر ژلاتین","1","1215",""
"۱/۴ قاشق چای‌خوری وانیل شکری","/ قاشق چای‌خوری وانیل شکری","1","1215",""
"1 عدد بزرگ پیاز","بزرگ پیاز","1","78",""
"۳ قاشق غذاخوری روغن (تقسیم‌شده)","روغن (تقسیم‌شده)","1","1281",""
"۱۰۰ گرم قیسی (زردآلوی خشک)","قیسی (زردآلوی خشک)","1","1281",""
"۳ عدد هویج آب‌پز","هویج آب‌پز","1","1281",""
"پنیر گرویر (پنیری غنی و کمی آجیلی که به‌خوبی ذوب می‌شود و رویه‌ای طلایی ایجاد می‌کند)","پنیر گرویر (پنیری غنی و  آجیلی که به‌خوبی ذوب می‌شود و رویه‌ای طلایی ایجاد می‌کند)","1","1219",""
"سبزیجات تازه: جعفری، گشنیز، شوید، پیازچه","سبزیجات تازه: جعفری گشنیز شوید پیازچه","1","453",""
"۳۰۰ گرم اسپاگتی، خردشده","اسپاگتی خردشده","1","601",""
"۱ عدد هویج بزرگ، نگینی خردشده","هویج بزرگ نگینی خردشده","1","601",""
"۵۰۰ گرم دنده یا راسته بره، خردشده به قطعات ۲ سانتی‌متری","دنده یا راسته بره خردشده به قطعات سانتی‌متری","1","971",""
"۴ عدد پیاز (۱ عدد رنده‌شده، ۳ عدد خلال یا قاچ‌شده)","پیاز ( عدد رنده‌شده عدد خلال یا قاچ‌شده)","1","971",""
"نصف پیمانه ماست","نصف ماست","1","971",""
"سیر رنده‌شده یا له‌شده به مقدار دلخواه","سیر رنده‌شده یا له‌شده به مقدار","1","971",""
"۱ و ۱/۴ پیمانه پنیر چدار","و / پنیر چدار","1","90",""
"۲ قطعه نان تست","قطعه نان تست","1","90",""
"۱ عدد کلم قمری بزرگ، پوست‌کنده و رنده‌شده","کلم قمری بزرگ پوست‌کنده و رنده‌شده","1","403",""
"۲ قاشق غذاخوری روغن گیاهی یا گلب","روغن گیاهی یا گلب","1","403",""
"۱/۴ قاشق چای‌خوری زعفران، در ۲ قاشق غذاخوری آب گرم خیس‌شده","/ قاشق چای‌خوری زعفران در آب گرم خیس‌شده","1","403",""
"سبزیجات تازه مانند جعفری، شوید یا گشنیز برای تزئین","سبزیجات تازه مانند جعفری شوید یا گشنیز برای تزئین","1","403",""
"۲ تکه فیله سالمون، بدون استخوان","تکه فیله سالمون بدون استخوان","1","591",""
"۱/۴ پیمانه کرفس، ریز خردشده","/ کرفس ریز خردشده","1","591",""
"۱ عدد پیاز بزرگ رنده شده","پیاز بزرگ رنده شده","1","100",""
"۴ قاشق غذاخوری جعفری ریز شده","جعفری ریز شده","1","100",""
"2 فنجان سس فرانسه","فنجان سس فرانسه","1","106",""
"۴ تکه شیشلیک بره (دنده بره)","تکه شیشلیک بره (دنده بره)","1","1222",""
"۱ پیمانه پنیر پارمزان رنده‌شده ریز","پنیر پارمزان رنده‌شده ریز","1","1222",""
"زعفران، یک پنس","زعفران یک پنس","1","1222",""
"۱ کیلوگرم گوشت بدون استخوان","کیلو گوشت بدون استخوان","1","1020",""
"۲ عدد کلم سفید و/یا قرمز درشت","کلم سفید و/یا قرمز درشت","1","1226",""
"۸۰ گرم پودر نان ساندویچی","پودر نان ساندویچی","1","1226",""
"۲۵۰ گرم سوسیس ورقه‌شده (دودی یا تند ترجیحاً)","سوسیس ورقه‌شده (دودی یا تند ترجیحاً)","1","803",""
"۱ عدد پیاز متوسط، ریز خردشده (ترجیحاً قرمز)","پیاز متوسط ریز خردشده (ترجیحاً قرمز)","1","803",""
"۹۰۰ گرم سیب‌زمینی، نازک ورقه‌شده","سیب‌زمینی نازک ورقه‌شده","1","1227",""
"۱ پیمانه ژامبون پخته، مکعبی خردشده","ژامبون پخته مکعبی خردشده","1","1227",""
"۱ پیمانه پنیر گروییر رنده‌شده","پنیر گروییر رنده‌شده","1","1227",""
"دو عدد بادمجان","دو بادمجان","1","115",""
"۱ کیلوگرم سیب‌زمینی، بسیار نازک ورقه‌شده","کیلو سیب‌زمینی بسیار نازک ورقه‌شده","1","1231",""
"سه‌چهارم پیمانه شیر","سه‌چهارم شیر","1","1231",""
"سینه مرغ بدون استخوان، خردشده به تکه‌های یکدست","سینه مرغ بدون استخوان خردشده به تکه‌های یکدست","1","1011",""
"خیار با پوست، رنده‌شده","خیار با پوست رنده‌شده","1","1011",""
"¼ پیمانه پنیر فتا، خردشده","¼ پنیر فتا خردشده","1","1233",""
"۱۳۰ گرم تخمه آفتابگردان خام","تخمه آفتابگردان خام","1","1234",""
"۹۰ گرم بادام آسیاب‌شده","بادام آسیاب‌شده","1","1234",""
"۲۵ گرم (حدود ¼ پیمانه) کنجد","گرم (حدود ¼ ) کنجد","1","1234",""
"۱ عدد پرتقال","پرتقال","1","1010",""
"۱/۲ پیمانه کرفس خردشده","/ کرفس خردشده","1","1010",""
"۶ عدد نان بریوش یا نان سبک","نان بریوش یا نان سبک","1","1235",""
"۱ کیلوگرم نخودفرنگی","کیلو نخودفرنگی","1","1009",""
"۶۰۰ گرم گوشت گوساله، خردشده در قطعات متوسط","گوشت گوساله خردشده در قطعات متوسط","1","1009",""
"½ قاشق چای‌خوری ادویه خورشتی (ترکیبی مانند زردچوبه و زیره)","½ قاشق چای‌خوری ادویه خورشتی (ترکیبی مانند زردچوبه و زیره)","1","1009",""
"۱٫۵ قاشق غذاخوری نمک","٫ نمک","1","1009",""
"۲ تکه چوب دارچین یا ۱ قاشق چای‌خوری دارچین آسیاب‌شده","تکه چوب دارچین یا قاشق چای‌خوری دارچین آسیاب‌شده","1","1009",""
"۷ عدد آلو","آلو","1","117",""
"۱/۴ پیمانه زعفران دم‌کرده","/ زعفران دم‌کرده","1","117",""
"آرد سفید (همه‌منظوره) – ۲ پیمانه","آرد سفید (همه‌منظوره)","1","1237",""
"کره ذوب‌شده – ۱۰۰ گرم (برای لطافت و عطر)","کره ذوب‌شده (برای لطافت و عطر)","1","1237",""
"روغن مایع – ۴ تا ۵ قاشق غذاخوری (برای چرب کردن تابه)","روغن مایع تا (برای چرب کردن تابه)","1","1237",""
"سس مایونز – ⅓ پیمانه","سس مایونز ⅓","1","1237",""
"پنیر بدون نمک – ۲۵۰ گرم، رنده یا له‌شده","پنیر بدون نمک رنده یا له‌شده","1","1237",""
"سالامی – ۲۵۰ گرم، ریز خردشده","سالامی ریز خردشده","1","1237",""
"کاهو – ۳ تا ۴ قاشق غذاخوری، ریز خردشده (یا جعفری)","کاهو تا ریز خردشده (یا جعفری)","1","1237",""
"گردو – ½ پیمانه، ریز خردشده","گردو ½ ریز خردشده","1","1237",""
"۴ عدد فلفل دلمه‌ای (قرمز، سبز یا زرد)","فلفل دلمه‌ای (قرمز سبز یا زرد)","1","457",""
"۲ تا ۳ عدد پیاز متوسط","تا پیاز متوسط","1","457",""
"نصف پیمانه لپه نیم‌پز (اختیاری)","نصف لپه نیم‌پز (اختیاری)","1","457",""
"یک سوم پیمانه جعفری خرد شده","یک سوم جعفری خرد شده","1","457",""
"یک سوم پیمانه نعناع خرد شده","یک سوم نعناع خرد شده","1","457",""
"یک سوم پیمانه پیازچه خرد شده","یک سوم پیازچه خرد شده","1","457",""
"یک سوم پیمانه ترخون","یک سوم ترخون","1","457",""
"مرزه (تازه یا خشک، اختیاری)","مرزه (تازه یا خشک اختیاری)","1","457",""
"آب ولرم – ۳/۴ پیمانه","آب ولرم /","1","1238",""
"پودر خمیرمایه – ۱ قاشق چای‌خوری","پودر خمیرمایه قاشق چای‌خوری","1","1238",""
"آرد سفید – حدود ۲ پیمانه","آرد سفید حدود","1","1238",""
"روغن مایع – ۳ قاشق غذاخوری (برای خمیر)","روغن مایع (برای خمیر)","1","1238",""
"پوره گوجه‌فرنگی – ۱/۲ پیمانه","پوره گوجه‌فرنگی /","1","1238",""
"روغن مایع – ۲ قاشق غذاخوری (برای سس)","روغن مایع (برای سس)","1","1238",""
"سس کچاپ تند – ۲ قاشق غذاخوری","سس کچاپ تند","1","1238",""
"آویشن خشک – ۱ قاشق چای‌خوری","آویشن خشک قاشق چای‌خوری","1","1238",""
"جوز هندی – نوک قاشق","جوز هندی نوک قاشق","1","1238",""
"پنیر موزارلا رنده‌شده – ۱/۲ پیمانه","پنیر موزارلا رنده‌شده /","1","1238",""
"۲۰۰ گرم سیب‌زمینی خردشده","سیب‌زمینی خردشده","1","896",""
"۲۰۰ گرم ذرت حلقه‌شده","ذرت حلقه‌شده","1","896",""
"۳۰۰ گرم گوشت خورشتی، نگینی","گوشت خورشتی نگینی","1","896",""
"زعفران حل‌شده در آب گرم، یک پنس","زعفران حل‌شده در آب یک پنس","1","896",""
"۱.۵ تا ۲ کیلوگرم مرغ کامل، خردشده به قطعات",". تا کیلو مرغ کامل خردشده به قطعات","1","1240",""
"۳ تا ۴ پیمانه آب پرتقال تازه","تا آب پرتقال تازه","1","1240",""
"رنده پوست ۱/۲ پرتقال","رنده پوست / پرتقال","1","1240",""
"رنده پوست لیمو ترش، ۱/۲ قاشق چای‌خوری","رنده پوست لیمو ترش / قاشق چای‌خوری","1","1240",""
"آب ۱/۲ لیموی تازه","آب / لیموی تازه","1","1240",""
"شکر، به مقدار لازم (برای متعادل کردن ترشی)","شکر  (برای متعادل کردن ترشی)","1","1240",""
"۱ قاشق چای‌خوری بکینگ‌سودا","قاشق چای‌خوری بکینگ‌سودا","1","1244",""
"۱ پیمانه پیاز خردشده یا پیازچه","پیاز خردشده یا پیازچه","1","1244",""
"۱ پیمانه فلفل سبز تند حلقه‌ای","فلفل سبز تند حلقه‌ای","1","1244",""
"حدود ۱ پیمانه آب (برای تهیه خمیر)","حدود آب (برای تهیه خمیر)","1","1244",""
"روغن با طعم خنثی، برای سرخ کردن عمیق","روغن با طعم خنثی برای سرخ کردن عمیق","1","1244",""
"۵۰۰ گرم مرغ پخته، خردشده","مرغ پخته خردشده","1","1248",""
"۱ عدد گل‌کلم کوچک، پخته یا بخارپز","گل‌کلم کوچک پخته یا بخارپز","1","1248",""
"ادویه دلخواه (مانند زردچوبه یا پاپریکا)","ادویه  (مانند زردچوبه یا پاپریکا)","1","1248",""
"محلول غلیظ زعفران به میزان لازم","محلول غلیظ زعفران","1","1248",""
"۱ و ⅓ پیمانه آرد سفید","و ⅓ آرد سفید","1","1248",""
"۴۵۰ گرم پاستا ریگاتونی","پاستا ریگاتونی","1","1311",""
"۱ و نیم پیمانه گوجه‌فرنگی پوره‌شده","و نیم گوجه‌فرنگی پوره‌شده","1","1311",""
"نصف قاشق چای‌خوری فلفل سیاه اضافه (اختیاری)","نصف قاشق چای‌خوری فلفل سیاه اضافه (اختیاری)","1","1311",""
"یک‌چهارم پیمانه جعفری خردشده","یک‌چهارم جعفری خردشده","1","1311",""
"1 کیلوگرم باقالای سبز، پوست‌گرفته","کیلو باقالای سبز پوست‌گرفته","1","455",""
"500 گرم شوید تازه، ریز خرد شده","شوید تازه ریز خرد شده","1","455",""
"250 گرم گوشت چرخ‌کرده (اختیاری)","گوشت چرخ‌کرده (اختیاری)","1","455",""
"1/2 قاشق چای‌خوری زعفران ساییده","/2 قاشق چای‌خوری زعفران ساییده","1","455",""
"۱۶ عدد قارچ دکمه‌ای","قارچ دکمه‌ای","1","1006",""
"نصف قاشق چای‌خوری دارچین آسیاب‌شده","نصف قاشق چای‌خوری دارچین آسیاب‌شده","1","1006",""
"یک قاشق سوپخوری رب گوجه‌فرنگی","یک قاشق سوپخوری رب گوجه‌فرنگی","1","124",""
"یک قاشق سوپخوری زعفران آب‌کرده","یک قاشق سوپخوری زعفران آب‌کرده","1","124",""
"۴۰۰ گرم پاستا (ریگاتونی یا اسپاگتی)","پاستا (ریگاتونی یا اسپاگتی)","1","1503",""
"۲ عدد بادمجان بزرگ، خردشده به اندازه لقمه","بادمجان بزرگ خردشده به اندازه لقمه","1","1503",""
"۸۰۰ گرم گوجه‌فرنگی پوست‌کنده کنسروی","گوجه‌فرنگی پوست‌کنده کنسروی","1","1503",""
"گوشت گوسفند یا گوساله، مکعبی خردشده","گوشت گوسفند یا گوساله مکعبی خردشده","1","1005",""
"گردو، کاملاً آسیاب‌شده","گردو کاملاً آسیاب‌شده","1","1005",""
"۱ عدد سیب‌زمینی کوچک، رنده‌شده","سیب‌زمینی کوچک رنده‌شده","1","1250",""
"دو پیمانه برنج","دو برنج","1","127",""
"دو عدد بادنجان","دو بادنجان","1","127",""
"دو عدد پیاز متوسط","دو پیاز متوسط","1","127",""
"دو عدد زرده تخم‌مرغ","دو زرده تخم‌مرغ","1","127",""
"پنج قاشق غذاخوری زرشک پلویی","پنج زرشک پلویی","1","127",""
"پنج قاشق غذاخوری ماست","پنج ماست","1","127",""
"دو عدد سیب‌زمینی","دو سیب‌زمینی","1","127",""
"۱ پیمانه باقلا خشک زرد","باقلا خشک زرد","1","364",""
"شوید تازه، خرد شده (اختیاری، برای تزئین)","شوید تازه خرد شده (اختیاری برای تزئین)","1","364",""
"کره (۳۰ گرم)","کره ( )","1","365",""
"خلال‌های پوست پرتقال (۲۰۰ گرم)","خلال‌های پوست پرتقال ( )","1","365",""
"خلال پسته (۱۰۰ گرم)","خلال پسته ( )","1","365",""
"خلال‌های هویج (۳۵۰ گرم)","خلال‌های هویج ( )","1","365",""
"زعفران (۱ قاشق چای‌خوری)","زعفران ( قاشق چای‌خوری)","1","365",""
"آب (۲۰۰ میلی‌لیتر)","آب ( میلی‌)","1","365",""
"خلال بادام (۱۰۰ گرم)","خلال بادام ( )","1","365",""
"سینه مرغ (۷۰۰ گرم)","سینه مرغ ( )","1","365",""
"نمک (۱ قاشق چای‌خوری)","نمک ( قاشق چای‌خوری)","1","365",""
"برنج (۴ پیمانه)","برنج ( )","1","365",""
"شکر (۲۰۰ گرم)","شکر ( )","1","365",""
"۱ عدد پیاز متوسط، پوست‌گرفته","پیاز متوسط پوست‌گرفته","1","1004",""
"چند شاخه ترخون تازه","چند ترخون تازه","1","1004",""
"۵۰۰ گرم مرغ چرخ‌کرده بدون پوست","مرغ چرخ‌کرده بدون پوست","1","1255",""
"۵۰ گرم پسته ورقه‌شده","پسته ورقه‌شده","1","1255",""
"۵۰ گرم بادام ورقه‌شده","بادام ورقه‌شده","1","1255",""
"⅓ پیمانه روغن مایع","⅓ روغن مایع","1","1255",""
"نمک، فلفل سیاه و ادویه‌جات دلخواه به میزان لازم","نمک فلفل سیاه و ادویه‌جات","1","1255",""
"فویل آلومینیومی حدود ۲ متر","فویل آلومینیومی حدود متر","1","1255",""
"جگر گوسفندی","جگر گوسفندی","1","1003",""
"آب لیمو ترش تازه","آب لیمو ترش تازه","1","1003",""
"نیم کیلوگرم سیب زمینی پخته","نیم کیلو سیب زمینی پخته","1","456",""
"یک قوطی تن ماهی که روغن آن کاملاً گرفته شده باشد","یک قوطی تن ماهی که روغن آن کاملاً گرفته شده باشد","1","456",""
"15 گرم مخمر","مخمر","1","1262",""
"4 گرم چایوز خردشده","چایوز خردشده","1","1262",""
"ماست: ۱/۲ پیمانه","ماست: /","1","1263",""
"نمک: ۱ قاشق چای‌خوری","نمک: قاشق چای‌خوری","1","1263",""
"بکینگ‌پودر: ۱ قاشق چای‌خوری","بکینگ‌پودر: قاشق چای‌خوری","1","1263",""
"آرد: به مقدار لازم (برای خمیر نرم)","آرد:  (برای خمیر نرم)","1","1263",""
"کره نرم یا مارگارین: ۱۲۵ گرم","کره نرم یا مارگارین:","1","1263",""
"پیاز: ۲ عدد، ریز خردشده","پیاز: ریز خردشده","1","1263",""
"برنج پخته: ۱/۲ پیمانه","برنج پخته: /","1","1263",""
"جعفری تازه: ریز خردشده، به مقدار لازم","جعفری تازه: ریز خردشده","1","1263",""
"فلفل قرمز: به مقدار لازم","فلفل قرمز:","1","1263",""
"روغن: ۱ پیمانه (برای چرب کردن لایه‌ها)","روغن: (برای چرب کردن لایه‌ها)","1","1263",""
"زرده تخم‌مرغ: به مقدار لازم (اختیاری، برای رومال)","زرده تخم‌مرغ:  (اختیاری برای رومال)","1","1263",""
"۲ عدد بادمجان، سر و ته گرفته","بادمجان سر و ته گرفته","1","1264",""
"۲ عدد کدو سبز، سر و ته گرفته","کدو سبز سر و ته گرفته","1","1264",""
"۱۰۰ گرم پنیر موزارلا، خردشده","پنیر موزارلا خردشده","1","1264",""
"نصف یک برش نان تست، بدون لبه","نصف یک برش نان تست بدون لبه","1","1027",""
"۲ عدد گوجه‌فرنگی بزرگ و سفت، حلقه‌شده","گوجه‌فرنگی بزرگ و سفت حلقه‌شده","1","1027",""
"۶ برش پنیر ورقه‌ای مخصوص پیتزا","برش پنیر ه‌ای مخصوص پیتزا","1","1027",""
"۱ برش ژامبون، نواری خردشده","برش ژامبون نواری خردشده","1","1027",""
"1 مکعب بویون مرغ","مکعب بویون مرغ","1","466",""
"ماهی فیله شده","ماهی فیله شده","1","463",""
"بکینگ پودر","بکینگ پودر","1","463",""
"۱ قاشق غذاخوری سس ماهی","سس ماهی","1","1265",""
"مرغ درسته، پاک‌شده – به ازای هر نفر ۱ عدد، به‌علاوه ۱–۲ پرس اضافه","مرغ درسته پاک‌شده به ازای هر نفر به‌علاوه پرس اضافه","1","1270",""
"فلفل سبز – ۱ عدد متوسط، ریز خردشده","فلفل سبز متوسط ریز خردشده","1","1270",""
"زعفران دم‌کرده غلیظ – ۱/۲ پیمانه","زعفران دم‌کرده غلیظ /","1","1270",""
"هویج – ۲ عدد متوسط، پوست‌گرفته","هویج متوسط پوست‌گرفته","1","1270",""
"۱۲۰۰ گرم گوشت غاز","گوشت غاز","1","991",""
"۲ و نیم پیمانه آب لیموی تازه","و نیم آب لیموی تازه","1","991",""
"کره، به مقدار لازم (برای رومال)","کره  (برای رومال)","1","991",""
"سیب‌زمینی بزرگ: 1","سیب‌زمینی بزرگ:","1","469",""
"جعفری خرد شده: 1/2 پیمانه","جعفری خرد شده: /2","1","469",""
"آرد سیب‌زمینی: 3 قاشق غذاخوری","آرد سیب‌زمینی:","1","469",""
"فلفل سبز نگینی خرد شده: 1","فلفل سبز نگینی خرد شده:","1","469",""
"کنجد: 7 تا 8 قاشق غذاخوری","کنجد: تا 8","1","469",""
"زعفران دم‌کرده: 1 قاشق غذاخوری","زعفران دم‌کرده:","1","469",""
"روغن: 1/2 پیمانه","روغن: /2","1","469",""
"نمک، دارچین، و فلفل: به میزان لازم","نمک دارچین و فلفل:","1","469",""
"گوشت چرخ‌کرده یا ران مرغ – ۵۰۰ گرم","گوشت چرخ‌کرده یا ران مرغ","1","1096",""
"رب گوجه‌فرنگی – ۳ تا ۴ قاشق غذاخوری","رب گوجه‌فرنگی تا","1","1096",""
"سیر – ۱ قاشق چای‌خوری، رنده‌شده","سیر قاشق چای‌خوری رنده‌شده","1","1096",""
"زنجبیل – ۱ قاشق چای‌خوری، رنده‌شده","زنجبیل قاشق چای‌خوری رنده‌شده","1","1096",""
"فلفل سبز تند – ۵ تا ۶ عدد، از طول شکافته","فلفل سبز تند تا از طول شکافته","1","1096",""
"گشنیز تازه خردشده – ۱/۲ پیمانه","گشنیز تازه خردشده /","1","1096",""
"پودر کاری – ۳ تا ۴ قاشق چای‌خوری","پودر کاری تا قاشق چای‌خوری","1","1096",""
"زیره سبز کوبیده – ۱/۲ قاشق چای‌خوری","زیره سبز کوبیده / قاشق چای‌خوری","1","1096",""
"فیله گوساله نازک‌شده و کوبیده‌شده","فیله گوساله نازک‌شده و کوبیده‌شده","1","999",""
"ژامبون مرغ برشته","ژامبون مرغ برشته","1","999",""
"پنیر گودا ورقه‌ای","پنیر گودا ه‌ای","1","999",""
"تخم‌مرغ (زده‌شده)","تخم‌مرغ (زده‌شده)","1","999",""
"پودر سوخاری درشت","پودر سوخاری درشت","1","999",""
"پودر سوخاری ریز","پودر سوخاری ریز","1","999",""
"سینه مرغ 500 گرم، پخته و ریز ریز شده","سینه مرغ پخته و ریز ریز شده","1","470",""
"چهار تخم‌مرغ","چهار تخم‌مرغ","1","470",""
"یک پیاز بزرگ، رنده شده","یک پیاز بزرگ رنده شده","1","470",""
"1/4 لیوان گشنیز تازه، خرد شده","/4 گشنیز تازه خرد شده","1","470",""
"سه قاشق غذاخوری روغن نباتی","سه روغن نباتی","1","470",""
"1 کیلوگرم تره","کیلو تره","1","471",""
"چند حبه سیر","چند سیر","1","471",""
"5 تا 6 عدد تخم‌مرغ","تا 6 تخم‌مرغ","1","471",""
"نیم فنجان گردوی خرد شده","نیم فنجان گردوی خرد شده","1","471",""
"6 عدد گردوی درسته","گردوی درسته","1","471",""
"۱ کیلوگرم فیله گوساله","کیلو فیله گوساله","1","995",""
"۱ مرغ متوسط کامل","مرغ متوسط کامل","1","176",""
"۲ قاشق چایخوری زعفران آسیاب‌شده","زعفران آسیاب‌شده","1","176",""
"۳ لیوان برنج (برای ته‌چین قارچ و بادمجان)","برنج (برای ته‌چین قارچ و بادمجان)","1","176",""
"۱۵۰ گرم قارچ، خرد و تفت‌داده شده","قارچ خرد و تفت‌داده شده","1","176",""
"۳ بادمجان متوسط، ورقه و سرخ‌شده","بادمجان متوسط ه و سرخ‌شده","1","176",""
"زعفران و زرشک برای تزئین","زعفران و زرشک برای تزئین","1","176",""
"۵ فیله ماهی متوسط","فیله ماهی متوسط","1","176",""
"پودر سوخاری یا آرد نخودچی یا آرد ذرت به مقدار لازم","پودر سوخاری یا آرد نخودچی یا آرد ذرت","1","176",""
"روغن ذرت، زیتون، یا سویا","روغن ذرت زیتون یا سویا","1","176",""
"۱ لیوان آب لیمو یا آب نارنج","آب لیمو یا آب نارنج","1","176",""
"1/4 پیمانه آرد","/4 آرد","1","473",""
"1/4 قاشق چایخوری بکینگ پودر","/4 بکینگ پودر","1","473",""
"۱ بطری آبجو یا ماءالشعیر","بطری آبجو یا ماءالشعیر","1","1266",""
"1 بادنجان، خرد شده","بادنجان خرد شده","1","207",""
"1 پیاز بزرگ، حلقه‌ای خرد شده","پیاز بزرگ حلقه‌ای خرد شده","1","207",""
"1 گوجه‌فرنگی، پوست‌کنده و پوره شده","گوجه‌فرنگی پوست‌کنده و پوره شده","1","207",""
"1/2 پیمانه سرکه سفید","/2 سرکه سفید","1","207",""
"1/2 قاشق غذاخوری پودر آویشن","/2 پودر آویشن","1","207",""
"پنیر موتزارلا رنده شده، اختیاری","پنیر موتزارلا رنده شده اختیاری","1","207",""
"مرغ - ۱.۲ کیلوگرم","مرغ . کیلو","1","178",""
"زعفران ساییده شده - به مقدار لازم","زعفران ساییده شده","1","178",""
"هویج - ۲ عدد (برای از بین بردن بوی نامطبوع مرغ)","هویج (برای از بین بردن بوی نامطبوع مرغ)","1","178",""
"۱/۳ پیمانه آب گوجه‌فرنگی","/ آب گوجه‌فرنگی","1","1289",""
"۳٫۵ پیمانه شیر","٫ شیر","1","1289",""
"مرزن جوش یا جعفری خرد شده - 1 فنجان","مرزن جوش یا جعفری خرد شده فنجان","1","193",""
"تره خرد شده","تره خرد شده","1","475",""
"آرد سوخاری","آرد سوخاری","1","1269",""
"ریحان یا جعفری","ریحان یا جعفری","1","227",""
"پنیر پارمزان (اختیاری)","پنیر پارمزان (اختیاری)","1","227",""
"۱ پیمانه باقالی سبز (تازه یا یخ‌زده، پخته و پوست‌گرفته)","باقالی سبز (تازه یا یخ‌زده پخته و پوست‌گرفته)","1","1039",""
"۱ پیمانه برنج (باسماتی یا دانه‌بلند)","برنج (باسماتی یا دانه‌بلند)","1","1039",""
"¼ پیمانه شوید تازه، خردشده","¼ شوید تازه خردشده","1","1039",""
"½ پیمانه گندم پخته","½ گندم پخته","1","1039",""
"۱ عدد فلفل دلمه‌ای قرمز بزرگ، خرد شده","فلفل دلمه‌ای قرمز بزرگ خرد شده","1","476",""
"۳ عدد تره فرنگی (حدود ۴۵۰ گرم)، برش داده شده","عدد تره فرنگی (حدود ) برش داده شده","1","476",""
"۲/۳ پیمانه پنیر پارمزان (اختیاری، برای سرو)","/ پنیر پارمزان (اختیاری برای سرو)","1","476",""
"۴ پیمانه برنج پخته و کاملاً سرد","برنج پخته و کاملاً سرد","1","1271",""
"نصف پیمانه زرشک، شسته و خیس‌خورده","نصف زرشک شسته و خیس‌خورده","1","1271",""
"سینه مرغ بدون استخوان، خردشده به قطعات یکدست","سینه مرغ بدون استخوان خردشده به قطعات یکدست","1","989",""
"پیاز رنده‌شده ریز","پیاز رنده‌شده ریز","1","989",""
"کره ذوب‌شده، برای رومال هنگام کباب‌کردن","کره ذوب‌شده برای رومال هنگام کباب‌کردن","1","989",""
"۱ قاشق چای‌خوری پیازچه خردشده","قاشق چای‌خوری پیازچه خردشده","1","1273",""
"۱ قاشق چای‌خوری گشنیز خردشده","قاشق چای‌خوری گشنیز خردشده","1","1273",""
"۱ پیمانه گوجه‌فرنگی تازه رنده‌شده","گوجه‌فرنگی تازه رنده‌شده","1","1273",""
"چند برگ گشنیز تازه","چند برگ گشنیز تازه","1","1273",""
"چند برگ کاهو برای سرو","چند برگ کاهو برای سرو","1","1273",""
"۱ کیلوگرم گوشت گاو نرم (سردست یا گردن، بدون استخوان و کمی چرب)","کیلو گوشت گاو نرم (سردست یا گردن بدون استخوان و  چرب)","1","986",""
"۲ تا ۳ عدد پیاز متوسط، ریز خردشده","تا پیاز متوسط ریز خردشده","1","986",""
"۱ قاشق غذاخوری ادویه بریانی (ترکیب گشنیز، زیره و زردچوبه آسیاب‌شده)","ادویه بریانی (ترکیب گشنیز زیره و زردچوبه آسیاب‌شده)","1","986",""
"۱۲ برش نان سفید، در اندازه کف دست","برش نان سفید در اندازه کف دست","1","986",""
"قارچ‌های تازه","قارچ‌های تازه","1","259",""
"۵۰۰ گرم گوشت گوساله، نازک برش خورده","گوشت گوساله نازک برش خورده","1","186",""
"۲۵۰ گرم ماکارونی پخته شده","ماکارونی پخته شده","1","186",""
"۲ هویج، به صورت خلالی","هویج به صورت خلالی","1","186",""
"۲ فلفل قرمز تند، حلقه شده","فلفل قرمز تند حلقه شده","1","186",""
"۲ ساقه پیازچه، درشت خرد شده","ساقه پیازچه درشت خرد شده","1","186",""
"1/2 قاشق چایخوری زردچوبه","/2 زردچوبه","1","479",""
"1/2 قاشق چایخوری زعفران","/2 زعفران","1","479",""
"۲۰۰ گرم جعفری و شوید تازه، ریز خردشده","جعفری و شوید تازه ریز خردشده","1","1277",""
"۱ پیمانه روغن مایع (برای چرب کردن و پخت)","روغن مایع (برای چرب کردن و پخت)","1","1277",""
"سیر – ½ حبه، رنده‌شده","سیر ½ رنده‌شده","1","1301",""
"بادام – ۴۰ گرم، خردشده","بادام خردشده","1","1301",""
"۱ فنجان شوید تازه، خرد شده","فنجان شوید تازه خرد شده","1","459",""
"۱/۴ فنجان روغن گیاهی","/ فنجان روغن گیاهی","1","459",""
"۲ عدد کلم سفید و قرمز","کلم سفید و قرمز","1","419",""
"۸۰ گرم خرده نان ساندویچی","خرده نان ساندویچی","1","419",""
"۳ عدد سیب‌زمینی متوسط، آب‌پز و پوست‌گرفته","سیب‌زمینی متوسط آب‌پز و پوست‌گرفته","1","1278",""
"۴ تا ۵ عدد سوسیس کوکتل مرغ یا گوشت","تا سوسیس کوکتل مرغ یا گوشت","1","1278",""
"۱/۲ پیمانه نخودفرنگی پخته","/ نخودفرنگی پخته","1","1278",""
"۱/2 پیمانه ذرت پخته","/2 ذرت پخته","1","1278",""
"نان تست یا نان برشته","نان تست یا نان برشته","1","1279",""
"رزماری","رزماری","1","1279",""
"روغن زیتون بکر – ۶ قاشق غذاخوری","روغن زیتون بکر","1","982",""
"بادمجان قلمی باریک – ۱ عدد","بادمجان قلمی باریک","1","982",""
"فلفل دلمه‌ای سبز یا قرمز – ۱ عدد","فلفل دلمه‌ای سبز یا قرمز","1","982",""
"پیاز ترشی کوچک – ۱۲ تا ۱۶ عدد","پیاز ترشی کوچک تا","1","982",""
"سیب‌زمینی متوسط (۴ عدد)","سیب‌زمینی متوسط ( )","1","481",""
"تخم‌مرغ بزرگ (۳ عدد)","تخم‌مرغ بزرگ ( )","1","481",""
"زردچوبه (۱ قاشق چای‌خوری)","زردچوبه ( قاشق چای‌خوری)","1","481",""
"400 گرم اسپاگتی یا ماکارونی مورد علاقه","اسپاگتی یا ماکارونی مورد علاقه","1","216",""
"1 فلفل دلمه‌ای قرمز، برش خورده","فلفل دلمه‌ای قرمز برش خورده","1","216",""
"1 فلفل دلمه‌ای زرد، برش خورده","فلفل دلمه‌ای زرد برش خورده","1","216",""
"1 فلفل دلمه‌ای سبز، برش خورده","فلفل دلمه‌ای سبز برش خورده","1","216",""
"1 قاشق چایخوری فلفل قرمز خرد شده","فلفل قرمز خرد شده","1","216",""
"400 گرم قوطی گوجه‌فرنگی خرد شده","قوطی گوجه‌فرنگی خرد شده","1","216",""
"۳۵۰ گرم فیله بوقلمون","فیله بوقلمون","1","1282",""
"نصف پیمانه پیازچه خردشده","نصف پیازچه خردشده","1","1282",""
"۱ تا ۲ عدد فلفل قرمز یا سبز تند، ریز خردشده","تا فلفل قرمز یا سبز تند ریز خردشده","1","1282",""
"نصف لیمو ترش، حلقه‌شده برای سرو","نصف لیمو ترش حلقه‌شده برای سرو","1","1282",""
"۱ قاشق غذاخوری پودر میخک","پودر میخک","1","1283",""
"سالاد خوراک کارادو به مقدار لازم برای داخل گوشت","سالاد خوراک کارادو  برای داخل گوشت","1","1283",""
"۲ عدد سیب‌زمینی بزرگ (برای تزیین)","سیب‌زمینی بزرگ ()","1","1283",""
"۱ بسته ورق لازانیا آماده","بسته لازانیا آماده","1","1284",""
"۱ عدد فلفل دلمه‌ای سبز ورقه‌شده","فلفل دلمه‌ای سبز ورقه‌شده","1","1284",""
"۱ عدد فلفل دلمه‌ای قرمز ورقه‌شده","فلفل دلمه‌ای قرمز ورقه‌شده","1","1284",""
"پاستا اسپاگتی","پاستا اسپاگتی","1","261",""
"گوجه‌فرنگی کنسرو شده","گوجه‌فرنگی کنسرو شده","1","261",""
"۳ عدد کدوی متوسط، رنده شده","کدوی متوسط رنده شده","1","482",""
"۲ عدد سیب زمینی آب‌پز متوسط، رنده شده","سیب زمینی آب‌پز متوسط رنده شده","1","482",""
"۱ پیمانه سبزیجات خرد شده: شوید، جعفری، پیازچه","سبزیجات خرد شده: شوید جعفری پیازچه","1","482",""
"روغن یا روغن زیتون برای سرخ کردن","روغن یا روغن زیتون برای سرخ کردن","1","482",""
"نعنای خشک (اختیاری)","نعنای خشک (اختیاری)","1","482",""
"۷۰۰ گرم سینه مرغ بدون استخوان و پوست، خردشده به قطعات مکعبی","سینه مرغ بدون استخوان و پوست خردشده به قطعات مکعبی","1","979",""
"۲ عدد فلفل دلمه‌ای، اسلایس‌شده","فلفل دلمه‌ای اسلایس‌شده","1","979",""
"۲ عدد پیاز قرمز، چهارقاچ‌شده","پیاز قرمز چهارقاچ‌شده","1","979",""
"مقداری زعفران ساییده‌شده حل‌شده در آب داغ","زعفران ساییده‌شده حل‌شده در آب داغ","1","979",""
"ماست به مقدار لازم برای پوشاندن مرغ","ماست  برای پوشاندن مرغ","1","979",""
"۱ قاشق غذاخوری سبزی خشک معطر","سبزی خشک معطر","1","488",""
"۲ عدد سیب زمینی آب پز","سیب زمینی آب پز","1","488",""
"جعفری یا گشنیز تازه برای تزیین","جعفری یا گشنیز تازه","1","976",""
"نان تست - به میزان لازم برای لایه‌ها","نان تست  برای لایه‌ها","1","192",""
"پنیر ورقه‌ای - به میزان لازم برای لایه‌ها","پنیر ه‌ای  برای لایه‌ها","1","192",""
"پنیر پیتزا رنده شده - به میزان لازم برای لایه‌ها","پنیر پیتزا رنده شده  برای لایه‌ها","1","192",""
"برای سس بشامل:","برای سس بشامل:","1","192",""
"پیاز نرم شده - ۱ عدد","پیاز نرم شده","1","192",""
"قارچ تازه، برش زده - ۵۰۰ گرم","قارچ تازه برش زده","1","493",""
"پیاز متوسط، ریز شده - ۱ عدد","پیاز متوسط ریز شده","1","493",""
"حبه سیر، خرد شده - ۲ عدد","حبه سیر خرد شده","1","493",""
"جعفری تازه، خرد شده - ۱/۴ فنجان","جعفری تازه خرد شده / فنجان","1","493",""
"۹۰۰ گرم گوشت شانه خوک، خردشده به تکه‌های درشت","گوشت شانه خوک خردشده به تکه‌های درشت","1","1485",""
"۲ عدد فلفل خشک گواخییو","فلفل خشک گواخییو","1","1485",""
"۱ قوطی (۴۲۰ گرم) ذرت هومینی، آبکش و شسته‌شده","قوطی ( ) ذرت هومینی آبکش و شسته‌شده","1","1485",""
"۶ پیمانه آبِ گوشت مرغ یا خوک","آبِ گوشت مرغ یا خوک","1","1485",""
"مخلفات سرو: تربچه ورقه‌شده، کلم سفید ریش‌ریش، آووکادوی نگینی، قاچ‌های لیموترش، گشنیز خردشده و توستادا","مخلفات سرو: تربچه ه‌شده کلم سفید ریش‌ریش آووکادوی نگینی قاچ‌های لیموترش گشنیز خردشده و توستادا","1","1485",""
"۵۰۰ گرم گوشت مرغ چرخ‌کرده (ترجیحاً کم‌چرب)","گوشت مرغ چرخ‌کرده (ترجیحاً کم‌چرب)","1","974",""
"سیخ فلزی یا چوبی","سیخ فلزی یا چوبی","1","974",""
"200 گرم میگو; تمیز و رگ‌زدایی شده","میگو تمیز و رگ‌زدایی شده","1","196",""
"250 گرم ماکارونی به انتخاب","ماکارونی به انتخاب","1","196",""
"1 قرص نان ترد; برش‌خورده","قرص نان ترد برش‌خورده","1","196",""
"2 پیمانه ماکارونی نپخته","ماکارونی نپخته","1","204",""
"1/4 پیمانه شیر","/4 شیر","1","204",""
"1/2 قاشق غذاخوری آب لیمو ترش","/2 آب لیمو ترش","1","204",""
"1/4 پیمانه مرغ خرد شده","/4 مرغ خرد شده","1","204",""
"یک چک فلفل","یک چک فلفل","1","204",""
"۱۲ نوار لازانیا","نوار لازانیا","1","211",""
"۸۰۰ گرم گوجه فرنگی خرد شده کنسروی","گوجه فرنگی خرد شده کنسروی","1","211",""
"۱/۴ پیمانه روغن یا کره","/ روغن یا کره","1","494",""
"۱/۲ پیمانه پیازچه","/ پیازچه","1","494",""
"۱/۴ پیمانه شوید خرد شده","/ شوید خرد شده","1","494",""
"۱/۲ پیمانه شنبلیله خرد شده","/ شنبلیله خرد شده","1","494",""
"½ پیمانه عدس","½ عدس","1","766",""
"2 عدد پیاز قرمز، خلالی","پیاز قرمز خلالی","1","766",""
"200 گرم گوجه‌فرنگی ریز، حلقه‌ای","گوجه‌فرنگی ریز حلقه‌ای","1","766",""
"۱ عدد مرغ کامل (حدود ۱۲۵۰ گرم)","عدد مرغ کامل (حدود )","1","1019",""
"8 فلفل دلمه‌ای (قرمز، سبز، زرد)","فلفل دلمه‌ای (قرمز سبز زرد)","1","460",""
"3 فنجان پنیر موزارلا","فنجان پنیر موزارلا","1","460",""
"2 حبه سیر بزرگ، خرد شده","سیر بزرگ خرد شده","1","460",""
"۱ کیلوگرم گوشت چرخ‌کرده گوسفند یا گوساله (یا ترکیب هر دو برای تعادل طعم و آبداری)","کیلو گوشت چرخ‌کرده گوسفند یا گوساله (یا ترکیب هر دو برای تعادل طعم و آبداری)","1","970",""
"۲ عدد پیاز بزرگ، رنده‌شده و کاملاً آب‌گرفته","پیاز بزرگ رنده‌شده و کاملاً آب‌گرفته","1","970",""
"۱/۴ قاشق چای‌خوری جوش‌شیرین","/ قاشق چای‌خوری جوش‌شیرین","1","970",""
"زعفران دم‌کرده غلیظ، برای رومال","زعفران دم‌کرده غلیظ برای رومال","1","970",""
"۲۰۰ گرم ترکیب گوشت چرخ کرده و سویا","ترکیب گوشت چرخ کرده و سویا","1","212",""
"۴-۵ عدد گوجه‌فرنگی یا ۲ قاشق غذاخوری رب گوجه‌فرنگی","عدد گوجه‌فرنگی یا رب گوجه‌فرنگی","1","212",""
"۱ فنجان سبزی خرد شده (ترخون، نعناع، جعفری، گشنیز، کمی شوید)","فنجان سبزی خرد شده (ترخون نعناع جعفری گشنیز  شوید)","1","212",""
"روغن پخت و پز","روغن پخت و پز","1","212",""
"1 بسته (500 گرم) ماکارونی","بسته (500 ) ماکارونی","1","214",""
"100 گرم پنیر گورگنزولا، رنده‌شده","پنیر گورگنزولا رنده‌شده","1","214",""
"شاهی و ترخان، برای تزئین","شاهی و ترخان برای تزئین","1","214",""
"5-6 گوجه گیلاسی (اختیاری)","6 گوجه گیلاسی (اختیاری)","1","214",""
"یک قاشق مرباخوری زنجبیل","یک زنجبیل","1","221",""
"فلفل دلمه ای قرمز یا سبز - ۴ عدد","فلفل دلمه ای قرمز یا سبز","1","495",""
"پیاز متوسط - ۲ تا ۳ عدد","پیاز متوسط تا","1","495",""
"روغن آب کرده یا کره - ۳ تا ۴ قاشق سوپخوری","روغن آب کرده یا کره تا قاشق سوپخوری","1","495",""
"رب گوجه فرنگی - ۳ تا ۴ قاشق سوپخوری","رب گوجه فرنگی تا قاشق سوپخوری","1","495",""
"شکر - ۲ تا ۳ قاشق سوپخوری","شکر تا قاشق سوپخوری","1","495",""
"جعفری خرد شده - ۳/۱ پیمانه","جعفری خرد شده /","1","495",""
"نعناع خرد شده - ۳/۱ پیمانه","نعناع خرد شده /","1","495",""
"پیازچه - ۳/۱ پیمانه","پیازچه /","1","495",""
"ترخون - ۳/۱ پیمانه (در صورت دلخواه)","ترخون / (در صورت )","1","495",""
"۶ عدد گوجه‌فرنگی متوسط، پوست‌گرفته و حلقه‌ای","گوجه‌فرنگی متوسط پوست‌گرفته و حلقه‌ای","1","968",""
"۳ عدد سیب‌زمینی متوسط، خلالیِ طولی","سیب‌زمینی متوسط خلالیِ طولی","1","968",""
"۳ عدد پیاز قرمز متوسط، خلالیِ طولی","پیاز قرمز متوسط خلالیِ طولی","1","968",""
"۲ ساقه کرفس، نازک برش‌خورده","ساقه کرفس نازک برش‌خورده","1","968",""
"۱ و نیم قاشق غذاخوری شوید تازه، ریز خردشده","و نیم شوید تازه ریز خردشده","1","968",""
"۱ قاشق چای‌خوری نعناع تازه، ریز خردشده","قاشق چای‌خوری نعناع تازه ریز خردشده","1","968",""
"۲ حبه سیر، ریز خرد یا له‌شده","سیر ریز خرد یا له‌شده","1","968",""
"۱/۴ پیمانه (۶۰ میلی‌لیتر) روغن زیتون","/ ( میلی‌لیتر) روغن زیتون","1","968",""
"نمک و فلفل سیاه تازه آسیاب‌شده، به مقدار لازم","نمک و فلفل سیاه تازه آسیاب‌شده","1","968",""
"۲۵۰ گرم ماکارونی یا اسپاگتی آب‌پز","ماکارونی یا اسپاگتی آب‌پز","1","1287",""
"۲۵۰ گرم ژامبون گوشت یا مرغ، نگینی خردشده","ژامبون گوشت یا مرغ نگینی خردشده","1","1287",""
"۲۵۰ گرم بامیه تازه، نازک برش دهید","بامیه تازه نازک برش دهید","1","461",""
"روغن زیتون یا کره تصفیه شده، برای سرخ کردن","روغن زیتون یا کره تصفیه شده برای سرخ کردن","1","461",""
"گوجه‌فرنگی کنسرو; خرد شده","گوجه‌فرنگی کنسرو خرد شده","1","242",""
"پونه کوهی خشک شده","پونه کوهی خشک شده","1","242",""
"ریحان خشک شده","ریحان خشک شده","1","242",""
"برگ‌های تازه ریحان; برای تزئین","برگ‌های تازه ریحان برای تزئین","1","242",""
"۴ عدد ران مرغ، از وسط نصف‌شده","ران مرغ از وسط نصف‌شده","1","960",""
"۲ عدد سیب‌زمینی بزرگ، پوست‌گرفته و خردشده","سیب‌زمینی بزرگ پوست‌گرفته و خردشده","1","960",""
"کمی زعفران (حل‌شده در مقدار کمی آب گرم)","زعفران (حل‌شده در مقدار کمی آب )","1","960",""
"۲ عدد سیب‌زمینی بزرگ، پوست‌گرفته و خلالی ضخیم","سیب‌زمینی بزرگ پوست‌گرفته و خلالی ضخیم","1","1293",""
"۴ عدد پنیر مثلثی خامه‌ای (مانند لاوینگ‌کاو یا مشابه)","پنیر مثلثی خامه‌ای (مانند لاوینگ‌کاو یا مشابه)","1","1293",""
"روغن زیتون، برای سرخ‌کردن و پخت","روغن زیتون برای سرخ‌کردن و پخت","1","1293",""
"نیم بسته نودل سوپی","نیم نودل سوپی","1","1387",""
"نصف پیمانه روغن زیتون فرابکر","نصف روغن زیتون فرابکر","1","1387",""
"۲ عدد گوجه‌فرنگی ریز خردشده (ترجیحاً رُما)","گوجه‌فرنگی ریز خردشده (ترجیحاً رُما)","1","1387",""
"¼ قاشق غذاخوری سس خردل","¼ سس خردل","1","955",""
"۳ قاشق غذاخوری روغن زیتون (برای سس)","روغن زیتون (برای سس)","1","955",""
"نعناع، نمک و فلفل به میزان لازم","نعناع نمک و فلفل","1","955",""
"1 یا 2 حبه سیر، خرد شده","یا 2 سیر خرد شده","1","224",""
"نعناع خشک (اختیاری)","نعناع خشک (اختیاری)","1","224",""
"صنوبر یا بادام خلال شده برای تزئین","صنوبر یا بادام خلال شده برای تزئین","1","224",""
"جو دوسر پرک – ۵ پیمانه","جو دوسر پرک","1","1295",""
"دارچین – ۱٫۵ قاشق چای‌خوری","دارچین ٫ قاشق چای‌خوری","1","1295",""
"کشمش – ½ پیمانه","کشمش ½","1","1295",""
"بادام پرک‌شده – ½ پیمانه","بادام پرک‌شده ½","1","1295",""
"زردآلوی خشک خردشده – ½ پیمانه","زردآلوی خشک خردشده ½","1","1295",""
"تخمه آفتابگردان – ½ پیمانه","تخمه آفتابگردان ½","1","1295",""
"خرمای خردشده – ۴ عدد","خرمای خردشده","1","1295",""
"کرنبری خشک – ¼ پیمانه","کرنبری خشک ¼","1","1295",""
"گردوی خردشده – ¼ پیمانه","گردوی خردشده ¼","1","1295",""
"نمک – نوک قاشق","نمک نوک قاشق","1","1295",""
"آب – ۲ پیمانه برای هر ۲ نفر","آب برای هر نفر","1","1295",""
"شیر سویا یا شیر کم‌چرب – برای سرو","شیر سویا یا شیر کم‌چرب برای سرو","1","1295",""
"عسل یا شیرین‌کننده دلخواه – به میزان لازم","عسل یا شیرین‌کننده","1","1295",""
"ترخان","ترخان","1","497",""
"پاستا پیچ","پاستا پیچ","1","240",""
"روغن زیتون مرغوب","روغن زیتون مرغوب","1","240",""
"پنیر پارمسان رنده شده","پنیر پارمسان رنده شده","1","240",""
"۵۰۰ گرم مرغ بدون استخوان، خردشده به مکعب‌های متوسط","مرغ بدون استخوان خردشده به مکعب‌های متوسط","1","1476",""
"۱ تکه ۲–۳ سانتی‌متری زنجبیل تازه، رنده‌شده","تکه سانتی‌متری زنجبیل تازه رنده‌شده","1","1476",""
"۴۰۰ گرم گوجه‌فرنگی گیلاسی خرد‌شده","گوجه‌فرنگی گیلاسی خرد‌شده","1","226",""
"۴۲۵ گرم تن ماهی کنسرو","تن ماهی کنسرو","1","226",""
"۱۰ عدد زیتون سبز یا سیاه بدون هسته","زیتون سبز یا سیاه بدون هسته","1","226",""
"نیم قاشق چایخوری سس تند یا پودر فلفل قرمز (اختیاری)","نیم سس تند یا پودر فلفل قرمز (اختیاری)","1","226",""
"۱ قوطی ذرت کنسروی یا دانه‌های ذرت تازه","قوطی ذرت کنسروی یا دانه‌های ذرت تازه","1","1296",""
"۱/۲ قاشق چای‌خوری آویشن خشک (یا به میزان لازم)","/ قاشق چای‌خوری آویشن خشک (یا )","1","1296",""
"۱ تا ۲ قاشق غذاخوری مارگارین یا کره","تا مارگارین یا کره","1","1296",""
"۱/۲ پیمانه سیب‌زمینی خلالی آماده","/ سیب‌زمینی خلالی آماده","1","1296",""
"۱ تا ۲ قاشق غذاخوری آب‌لیمو تازه","تا آب‌لیمو تازه","1","1296",""
"۱ پیمانه ماسا ذرت تازه","ماسا ذرت تازه","1","1542",""
"۲ پیمانه قارچ تلاتلوکولوتل تازه (قارچ سیاه)، تمیز و خردشده","قارچ تلاتلوکولوتل تازه (قارچ سیاه) تمیز و خردشده","1","1542",""
"۱ قاشق چای‌خوری نمک (تقسیم‌شده)","قاشق چای‌خوری نمک (تقسیم‌شده)","1","1542",""
"هویج تازه رنده‌شده – ۳ عدد","هویج تازه رنده‌شده","1","1297",""
"مرغ – ۳ تکه بزرگ","مرغ تکه بزرگ","1","1297",""
"هل آسیاب‌شده – ۱ قاشق چای‌خوری","هل آسیاب‌شده قاشق چای‌خوری","1","1297",""
"ادویه به مقدار لازم (نمک، فلفل و ادویه دلخواه)","ادویه  (نمک فلفل و ادویه )","1","1297",""
"چهار قاشق سوپخوری روغن مایع","چهار قاشق سوپخوری روغن مایع","1","508",""
"۴۵۰ گرم سیب زمینی پخته","سیب زمینی پخته","1","508",""
"۲۲۵ گرم کلم سفید پخته","کلم سفید پخته","1","508",""
"نمک و فلفل به اندازه کافی","نمک و فلفل به اندازه کافی","1","508",""
"دو عدد تخم مرغ","دو تخم مرغ","1","508",""
"نیم کیلو گوشت خرد شده","نیم کیلو گوشت خرد شده","1","172",""
"نیم کیلو شنگ","نیم کیلو شنگ","1","172",""
"یک پنسه پودر زعفران","یک پنسه پودر زعفران","1","172",""
"۱ کیلوگرم بادمجان قلمی","کیلو بادمجان قلمی","1","462",""
"آب زعفران به مقدار دلخواه","آب زعفران به مقدار","1","462",""
"سبزیجات تازه (جعفری، گشنیز)","سبزیجات تازه (جعفری گشنیز)","1","462",""
"۲ پیمانه برنج باسماتی یا برنج سفید دانه‌بلند","برنج باسماتی یا برنج سفید دانه‌بلند","1","1299",""
"۱ عدد فلفل دلمه‌ای سبز کوچک، نگینی خردشده","فلفل دلمه‌ای سبز کوچک نگینی خردشده","1","1299",""
"۱ عدد فلفل دلمه‌ای قرمز کوچک، نگینی خردشده","فلفل دلمه‌ای قرمز کوچک نگینی خردشده","1","1299",""
"۱ عدد فلفل دلمه‌ای، حلقه‌ای شده","فلفل دلمه‌ای حلقه‌ای شده","1","244",""
"۱ عدد کدو سبز، حلقه‌ای شده","کدو سبز حلقه‌ای شده","1","244",""
"۲۰۰ گرم قارچ، حلقه‌ای شده","قارچ حلقه‌ای شده","1","244",""
"برگ‌های ریحان تازه، خرد شده","برگ‌های ریحان تازه خرد شده","1","244",""
"پنیر پارمزان رنده شده برای تزئین","پنیر پارمزان رنده شده برای تزئین","1","244",""
"کره – به میزان لازم برای کاراملی‌کردن پیاز","کره  برای کاراملی‌کردن پیاز","1","557",""
"پیاز – ماده اصلی سوپ، خلالی یا نازک خردشده","پیاز ماده اصلی سوپ خلالی یا نازک خردشده","1","557",""
"آرد – برای غلظت‌دهی","آرد برای غلظت‌دهی","1","557",""
"آب – پایه سوپ","آب پایه سوپ","1","557",""
"آب‌لیمو – برای ایجاد تعادل اسیدی ملایم","آب‌لیمو برای ایجاد تعادل اسیدی ملایم","1","557",""
"شکر – مقدار کم برای بالانس طعم","شکر مقدار کم برای بالانس طعم","1","557",""
"دارچین – برای عطر و گرما","دارچین برای عطر و ا","1","557",""
"نعناع خشک – جهت طراوت","نعناع خشک جهت طراوت","1","557",""
"تخم‌مرغ – کمی زده‌شده برای غنای سوپ","تخم‌مرغ  زده‌شده برای غنای سوپ","1","557",""
"نان – برای سرو، ترجیحاً نان تُرد","نان برای سرو ترجیحاً نان تُرد","1","557",""
"فلفل دلمه‌ای قرمز، ورقه‌ای","فلفل دلمه‌ای قرمز ه‌ای","1","949",""
"فلفل دلمه‌ای سبز، ورقه‌ای","فلفل دلمه‌ای سبز ه‌ای","1","949",""
"پیاز قرمز، حلقه‌ای","پیاز قرمز حلقه‌ای","1","949",""
"فلفل هالاپینو، حلقه‌ای","فلفل هالاپینو حلقه‌ای","1","949",""
"زیتون سیاه، حلقه‌ای","زیتون سیاه حلقه‌ای","1","949",""
"اُرگانو خشک","اُرگانو خشک","1","949",""
"۱۷۵ گرم لوبیا پینتو","لوبیا پینتو","1","1300",""
"۱٫۵ لیتر آب (برای پخت لوبیا)","٫ آب (برای پخت لوبیا)","1","1300",""
"۱۷۰ تا ۲۲۰ گرم هویج، نگینی خردشده","تا هویج نگینی خردشده","1","1300",""
"۱ عدد فلفل قرمز خشک، بسیار ریز خردشده","فلفل قرمز خشک بسیار ریز خردشده","1","1300",""
"۲ عدد گوجه‌فرنگی، پوست‌کنده و نگینی","گوجه‌فرنگی پوست‌کنده و نگینی","1","1300",""
"۲ حبه سیر، رنده‌شده (برای کروتان)","سیر رنده‌شده (برای کروتان)","1","1300",""
"۵۰۰ گرم ماهیچه یا سردست گوساله، درشت خردشده","ماهیچه یا سردست گوساله درشت خردشده","1","1536",""
"۲۰۰ گرم نودل گندمی تازه","نودل گندمی تازه","1","1536",""
"۱ تکه زنجبیل تازه، نازک برش‌خورده","تکه زنجبیل تازه نازک برش‌خورده","1","1536",""
"۱ عدد بادیان ستاره‌ای","بادیان ستاره‌ای","1","1536",""
"۱ قاشق غذاخوری روغن چیلی (اختیاری)","روغن چیلی (اختیاری)","1","1536",""
"برنج پخته‌شده","برنج پخته‌شده","1","511",""
"۴ پیمانه نان کهنه (ترجیحاً نان توسکانی بدون نمک)، خرد شده به مکعب‌های متوسط","نان کهنه (ترجیحاً نان توسکانی بدون نمک) خرد شده به مکعب‌های متوسط","1","1535",""
"۲ پیمانه گوجه‌فرنگی رسیده، نگینی خرد شده","گوجه‌فرنگی رسیده نگینی خرد شده","1","1535",""
"۱ عدد خیار، پوست‌گرفته و نگینی خرد شده","خیار پوست‌گرفته و نگینی خرد شده","1","1535",""
"۱ عدد پیاز قرمز، نازک خلالی شده","پیاز قرمز نازک خلالی شده","1","1535",""
"۱/۲ پیمانه برگ ریحان تازه، با دست پاره شده","/ برگ ریحان تازه با دست پاره شده","1","1535",""
"۱/۴ پیمانه سرکه انگور قرمز","/ سرکه انگور قرمز","1","1535",""
"۱/۴ پیمانه روغن زیتون فرابکر","/ روغن زیتون فرابکر","1","1535",""
"نیم لیوان شیر","نیم شیر","1","512",""
"نیم لیوان آب","نیم آب","1","512",""
"۲ قاشق غذاخوری پیاز سرخ‌کرده (اختیاری برای تزیین)","پیاز سرخ‌کرده (اختیاری )","1","512",""
"۲ عدد تخم‌مرغ، کمی هم‌زده","تخم‌مرغ  هم‌زده","1","1026",""
"۱/۴ پیمانه روغن زیتون برای سرخ کردن","/ روغن زیتون برای سرخ کردن","1","1026",""
"۱.۵ کیلوگرم کدو تنبل، خرد شده",". کیلو کدو تنبل خرد شده","1","513",""
"۱.۵ لیتر آب مرغ یا سبزیجات",". آب مرغ یا سبزیجات","1","513",""
"۱۲۵ میلی‌لیتر کرم","میلی‌ کرم","1","513",""
"۱/۲ قاشق چای‌خوری جوزهندی","/ قاشق چای‌خوری جوزهندی","1","513",""
"روغن زیتون برای تزئین","روغن زیتون برای تزئین","1","513",""
"خیار شور","خیار شور","1","435",""
"ربع کیلو گوشت چرخ کرده","ربع کیلو گوشت چرخ کرده","1","243",""
"یک عدد فلفل دلمه‌ای بزرگ","یک فلفل دلمه‌ای بزرگ","1","243",""
"۲ تا ۳ قاشق سوپخوری پیاز سرخ کرده","تا قاشق سوپخوری پیاز سرخ کرده","1","243",""
"مقدار کافی سس گوجه فرنگی","مقدار کافی سس گوجه فرنگی","1","243",""
"۴۵۰ گرم مرغ پخته، خلالی خردشده","مرغ پخته خلالی خردشده","1","1305",""
"۱/۴ پیمانه ماست پاستوریزه","/ ماست پاستوریزه","1","1305",""
"۱/۲ قاشق چای‌خوری رب گوجه‌فرنگی","/ قاشق چای‌خوری رب گوجه‌فرنگی","1","1305",""
"۱ قاشق چای‌خوری پیاز رنده‌شده بسیار ریز","قاشق چای‌خوری پیاز رنده‌شده بسیار ریز","1","1305",""
"۱ عدد فلفل دلمه‌ای سبز، نازک خلالی‌شده","فلفل دلمه‌ای سبز نازک خلالی‌شده","1","1305",""
"۱ عدد فلفل دلمه‌ای قرمز، نازک خلالی‌شده","فلفل دلمه‌ای قرمز نازک خلالی‌شده","1","1305",""
"۱۸۰ گرم برنج پخته (برای سرو)","برنج پخته (برای سرو)","1","1305",""
"میخک آسیاب‌شده – ½ قاشق چای‌خوری","میخک آسیاب‌شده ½ قاشق چای‌خوری","1","1308",""
"پودر اورگانو – ۱ قاشق چای‌خوری","پودر اورگانو قاشق چای‌خوری","1","1308",""
"نان ترتیلا آردی – ۸ عدد","نان ترتیلا آردی","1","1308",""
"آرد سفید – ۵۰۰ گرم (برای ترتیلا خانگی)","آرد سفید (برای ترتیلا خانگی)","1","1308",""
"بیکینگ‌پودر – ½ قاشق چای‌خوری","بیکینگ‌پودر ½ قاشق چای‌خوری","1","1308",""
"روغن جامد یا مارگارین – ۱۰۰ گرم","روغن جامد یا مارگارین","1","1308",""
"آب ولرم – ½ پیمانه","آب ولرم ½","1","1308",""
"گوجه‌فرنگی، حلقه‌ای نازک","گوجه‌فرنگی حلقه‌ای نازک","1","1310",""
"سرکه یا سرکه سیب","سرکه یا سرکه سیب","1","1310",""
"ادویه سالاد (کنجد آسیاب‌شده، نعناع، گشنیز، نمک، فلفل سیاه، سیر)","ادویه سالاد (کنجد آسیاب‌شده نعناع گشنیز نمک فلفل سیاه سیر)","1","1310",""
"۳ پیمانه کدو سبز ورقه‌ای نازک","کدو سبز ورقه‌ای نازک","1","1314",""
"۲ قاشق چای‌خوری آویشن تازه خردشده (یا ½ قاشق چای‌خوری خشک)","قاشق چای‌خوری آویشن تازه خردشده (یا ½ قاشق چای‌خوری خشک)","1","1314",""
"۲ قاشق چای‌خوری اورگانو تازه خردشده (یا ½ قاشق چای‌خوری خشک)","قاشق چای‌خوری اورگانو تازه خردشده (یا ½ قاشق چای‌خوری خشک)","1","1314",""
"۲ قاشق چای‌خوری ریحان تازه خردشده (یا ۱ قاشق چای‌خوری خشک)","قاشق چای‌خوری ریحان تازه خردشده (یا قاشق چای‌خوری خشک)","1","1314",""
"۲ قاشق چای‌خوری نعناع تازه خردشده (یا ۱ قاشق چای‌خوری خشک)","قاشق چای‌خوری نعناع تازه خردشده (یا قاشق چای‌خوری خشک)","1","1314",""
"۶ برش گوجه‌فرنگی (حدود ۱ سانتی‌متر ضخامت)","برش گوجه‌فرنگی (حدود سانتی‌متر ضخامت)","1","1314",""
"۶ برش پپرونی (حدود ۵ میلی‌متر ضخامت)","برش پپرونی (حدود میلی‌متر ضخامت)","1","1314",""
"½ پیمانه سرکه","½ سرکه","1","556",""
"۱ بسته خمیر لازانیا آماده","خمیر لازانیا آماده","1","250",""
"۲۰۰ گرم پنیر موتزارلا رنده شده","پنیر موتزارلا رنده شده","1","250",""
"سس بشامل سبک – ۱ پیمانه","سس بشامل سبک","1","1274",""
"برگ بو – ۲ عدد (اختیاری)","برگ بو (اختیاری)","1","1274",""
"۱ پیمانه سبزیجات مخلوط (نخودفرنگی، هویج، فلفل دلمه‌ای)","سبزیجات مخلوط (نخودفرنگی هویج فلفل دلمه‌ای)","1","1530",""
"پروتئین اختیاری: میگوی پخته، مرغ پخته یا توفو","پروتئین اختیاری: میگوی پخته مرغ پخته یا توفو","1","1530",""
"۱.۵ فنجان جوی پرک",". فنجان جوی پرک","1","515",""
"نمک، زردچوبه و آبلیمو به میزان لازم","نمک زردچوبه و آبلیمو","1","515",""
"استاک مرغ یک و نیم لیتر","استاک مرغ یک و نیم","1","514",""
"سینه‌ مرغ بدون استخوان 250 گرم","سینه‌ مرغ بدون استخوان","1","514",""
"روغن‌ مایع سه قاشق سوپخوری","روغن‌ مایع سه قاشق سوپخوری","1","514",""
"پیاز متوسط خرد شده یک عدد","پیاز متوسط خرد شده یک","1","514",""
"هویج متوسط سه عدد","هویج متوسط سه","1","514",""
"ساقه کرفس دو عدد","ساقه کرفس دو","1","514",""
"کلم‌بروکلی 100 گرم","کلم‌بروکلی","1","514",""
"پاستا صدفی ریز 100 گرم","پاستا صدفی ریز","1","514",""
"جعفری خرد شده سه قاشق سوپخوری","جعفری خرد شده سه قاشق سوپخوری","1","514",""
"جوز هندی نیم قاشق چایخوری","جوز هندی نیم","1","514",""
"زنجبیل نیم قاشق چایخوری","زنجبیل نیم","1","514",""
"۵۰۰ گرم سیب‌زمینی، پوست‌کنده و خردشده به مکعب‌های متوسط","سیب‌زمینی پوست‌کنده و خردشده به مکعب‌های متوسط","1","1315",""
"۳ عدد گوجه‌فرنگی بزرگ، نگینی خردشده","گوجه‌فرنگی بزرگ نگینی خردشده","1","1315",""
"حدود ۶ قاشق غذاخوری روغن زیتون","حدود روغن زیتون","1","1315",""
"فلفل سبز تند تازه (اختیاری)، ریز خردشده","فلفل سبز تند تازه (اختیاری) ریز خردشده","1","1315",""
"۴ برش نان تست بزرگ","برش نان تست بزرگ","1","760",""
"۴ برش ژامبون مرغ","برش ژامبون مرغ","1","760",""
"۴ برش ژامبون بوقلمون","برش ژامبون بوقلمون","1","760",""
"۲ برش پنیر پارمزان","برش پنیر پارمزان","1","760",""
"۲ برش پنیر چدار","برش پنیر چدار","1","760",""
"پودر قند، برای تزیین (اختیاری)","پودر قند  (اختیاری)","1","760",""
"کره، به مقدار لازم برای سرخ کردن","کره  برای سرخ کردن","1","760",""
"۱ کیلوگرم اسپاگتی","کیلو اسپاگتی","1","77",""
"۱ فلفل تند یا فلفل دلمه‌ای","فلفل تند یا فلفل دلمه‌ای","1","77",""
"۱/۴ قاشق چای‌خوری ریحان خشک","/ قاشق چای‌خوری ریحان خشک","1","77",""
"دو قاشق غذاخوری ذرت کنسروی","دو ذرت کنسروی","1","516",""
"دو قاشق غذاخوری گندم پوست گرفته","دو گندم پوست گرفته","1","516",""
"یک قاشق غذاخوری برنج","یک برنج","1","516",""
"دو قاشق غذاخوری جو پرک","دو جو پرک","1","516",""
"سه عدد هویج نیم‌پز شده","سه هویج نیم‌پز شده","1","516",""
"یک قاشق غذاخوری کره یا روغن","یک کره یا روغن","1","516",""
"گوشت گوساله یا بره، نازک برش‌خورده","گوشت گوساله یا بره نازک برش‌خورده","1","945",""
"نمک دریایی","نمک دریایی","1","945",""
"پیاز قرمز حلقه‌شده","پیاز قرمز حلقه‌شده","1","945",""
"فلفل دلمه‌ای برش‌خورده","فلفل دلمه‌ای برش‌خورده","1","945",""
"۲ فنجان سس فرانسوی","فنجان سس فرانسوی","1","274",""
"خرده نان","خرده نان","1","274",""
"۱/۲ پیمانه برگ ریحان تازه خردشده","/ برگ ریحان تازه خردشده","1","1528",""
"۱ پیمانه سس مارینارا","سس مارینارا","1","1528",""
"سیب‌زمینی آب‌پز، نگینی","سیب‌زمینی آب‌پز نگینی","1","1316",""
"سوسیس مرغ دودی، خردشده","سوسیس مرغ دودی خردشده","1","1316",""
"گوجه‌فرنگی ورقه‌شده (برای تزیین)","گوجه‌فرنگی ه‌شده ()","1","1316",""
"برگ کاهو (برای تزیین)","برگ کاهو ()","1","1316",""
"چیپس (برای سرو)","چیپس (برای سرو)","1","1316",""
"اختیاری: کدو سبز، قارچ، گوجه‌فرنگی یا شوید خردشده","اختیاری: کدو سبز قارچ گوجه‌فرنگی یا شوید خردشده","1","1317",""
"۲۰۰ گرم گوشت گاو، نازک برش‌خورده","گوشت گاو نازک برش‌خورده","1","1527",""
"۱ قاشق چای‌خوری روغن چیلی (بنا به ذائقه)","قاشق چای‌خوری روغن چیلی (بنا به ذائقه)","1","1527",""
"۲۵۰ میلی‌لیتر خامه پاستوریزه","میلی‌ خامه پاستوریزه","1","1318",""
"نخود پخته (کنسروی یا از قبل پخته)، آبکش و شسته‌شده","نخود پخته (کنسروی یا از قبل پخته) آبکش و شسته‌شده","1","554",""
"حبه‌های سیر، ریز خردشده","‌های سیر ریز خردشده","1","554",""
"جعفری تازه، ریز خردشده (برای تزیین)","جعفری تازه ریز خردشده ()","1","554",""
"۱ عدد ماهی کپور علف‌خوار کامل یا هر ماهی سفید (تمیز و فیله‌شده)","ماهی کپور علف‌خوار کامل یا هر ماهی سفید (تمیز و فیله‌شده)","1","1522",""
"۲ حبه سیر، ورقه‌ای","سیر ورقه‌ای","1","1322",""
"۱ عدد گوجه‌فرنگی، ورقه‌ای","گوجه‌فرنگی ورقه‌ای","1","1322",""
"گوشت چرخ‌کرده (گاو یا گوسفند)","گوشت چرخ‌کرده (گاو یا گوسفند)","1","941",""
"فلفل دلمه‌ای سبز، حلقه‌ای خردشده","فلفل دلمه‌ای سبز حلقه‌ای خردشده","1","941",""
"زعفران (یک پنس کوچک، دم‌کرده)","زعفران (یک پنس کوچک دم‌کرده)","1","1334",""
"پنیر پیتزای کش‌دار (مانند موزارلا)","پنیر پیتزای کش‌دار (مانند موزارلا)","1","1334",""
"۴ تا ۵ عدد گوجه‌فرنگی متوسط، خردشده","تا گوجه‌فرنگی متوسط خردشده","1","804",""
"۴ تا ۵ قاشق غذاخوری روغن یا کره ذوب‌شده","تا روغن یا کره ذوب‌شده","1","804",""
"۱/۲ پیمانه روغن مایع (کانولا یا آفتابگردان)","/ روغن مایع (کانولا یا آفتابگردان)","1","917",""
"۱/۲ پیمانه ذرت کنسروی، آبکش‌شده","/ ذرت کنسروی آبکش‌شده","1","917",""
"۱/۲ پیمانه قارچ، ورقه‌ای خردشده","/ قارچ ورقه‌ای خردشده","1","917",""
"زیتون خردشده به مقدار دلخواه","زیتون خردشده به مقدار","1","917",""
"۴ عدد نان تورتیلا ذرت","نان تورتیلا ذرت","1","1517",""
"۱ پیمانه پنیر رنده‌شده (چدار، اوآخاکا یا موزارلا)","پنیر رنده‌شده (چدار اوآخاکا یا موزارلا)","1","1517",""
"½ پیمانه مرغ یا گوشت پخته و ریش‌ریش‌شده (اختیاری)","½ مرغ یا گوشت پخته و ریش‌ریش‌شده (اختیاری)","1","1517",""
"¼ پیمانه پیاز نگینی خردشده","¼ پیاز نگینی خردشده","1","1517",""
"¼ پیمانه فلفل دلمه‌ای یا هالوپینو خردشده","¼ فلفل دلمه‌ای یا هالوپینو خردشده","1","1517",""
"سالسا برای سرو","سالسا برای سرو","1","1517",""
"چند ساقه کرفس خردشده (برگ‌ها برای تزیین کنار گذاشته شود)","چند ساقه کرفس خردشده (برگ‌ها  کنار گذاشته شود)","1","581",""
"۱ عدد سیب‌زمینی متوسط، خردشده","سیب‌زمینی متوسط خردشده","1","581",""
"۱ تا ۲ قاشق غذاخوری آب‌لیموی تازه","تا آب‌لیموی تازه","1","581",""
"۳۰۰ گرم ترخون تازه","ترخون تازه","1","179",""
"۱ پیمانه لوبیای سرخ‌شده (رفراید بینز)","لوبیای سرخ‌شده (رفراید بینز)","1","1513",""
"۱ پیمانه سالسا (خانگی یا آماده)","سالسا (خانگی یا آماده)","1","1513",""
"۱ قاشق چای‌خوری زیرهٔ آسیاب‌شده","قاشق چای‌خوری زیرهٔ آسیاب‌شده","1","1513",""
"برش‌های آووکادو (اختیاری)","برش‌های آووکادو (اختیاری)","1","1513",""
"۱۵۰ گرم (۳/۴ پیمانه) برنج، خیسانده","گرم (/ ) برنج خیسانده","1","491",""
"۴۰ گرم (۱/۴ پیمانه) لپه، پخته شده","گرم (/ ) لپه پخته شده","1","491",""
"۲۵ گرم (۱/۴ پیمانه) کشمش","گرم (/ ) کشمش","1","491",""
"۲ قاشق غذاخوری نعنا تازه، خرد شده","نعنا تازه خرد شده","1","491",""
"سبزی دلمه (جعفری، شوید، نعناع)","سبزی دلمه (جعفری شوید نعناع)","1","1335",""
"گوجه‌فرنگی درشت و سفت","گوجه‌فرنگی درشت و سفت","1","1335",""
"۱ فنجان خرده نان","فنجان خرده نان","1","273",""
"۳ فنجان گوجه‌فرنگی کنسروی، پوره شده","فنجان گوجه‌فرنگی کنسروی پوره شده","1","273",""
"۱ پیمانه مربا (هر نوع دلخواه)","مربا (هر نوع )","1","809",""
"1/2 فنجان پیاز داغ","/2 فنجان پیاز داغ","1","521",""
"3 قاشق غذاخوری نعنا خشک","نعنا خشک","1","521",""
"1/2 فنجان آبلیمو","/2 فنجان آبلیمو","1","521",""
"روغن زیتون (برای تفت دادن)","روغن زیتون (برای تفت دادن)","1","922",""
"دانه‌های بلال","دانه‌های بلال","1","522",""
"برگ کرفس","برگ کرفس","1","522",""
"برگ جعفری","برگ جعفری","1","522",""
"گوجه‌فرنگی گیلاسی","گوجه‌فرنگی گیلاسی","1","939",""
"پونه کوهی (اُرگانو)","پونه کوهی (اُرگانو)","1","939",""
"۲۰۰ گرم گوشت چرخ‌کرده (ترجیحاً خوک؛ قابل جایگزینی با گوشت گاو، بره یا بوقلمون)","گوشت چرخ‌کرده (ترجیحاً خوک؛ قابل جایگزینی با گوشت گاو بره یا بوقلمون)","1","1510",""
"۱۰۰ گرم کلم ناپا، بسیار ریز خردشده","کلم ناپا بسیار ریز خردشده","1","1510",""
"2 فنجان آب گوجه فرنگی","فنجان آب گوجه فرنگی","1","276",""
"قدری جعفری ساطوری شده","قدری جعفری ساطوری شده","1","276",""
"۱ قاشق غذاخوری سرکه سیاه چینی","سرکه سیاه چینی","1","1506",""
"۱ قاشق چای‌خوری روغن چیلی","قاشق چای‌خوری روغن چیلی","1","1506",""
"مرغ یا بره (اختیاری)","مرغ یا بره (اختیاری)","1","305",""
"۲ عدد تره‌فرنگی متوسط، خردشده","تره‌فرنگی متوسط خردشده","1","549",""
"پونه کوهی (اورگانو)","پونه کوهی (اورگانو)","1","938",""
"1 فنجان عدس سبز یا قهوه‌ای","فنجان عدس سبز یا قهوه‌ای","1","523",""
"1 فنجان پاستای کوچک مانند دیتالینی یا اورزو","فنجان پاستای کوچک مانند دیتالینی یا اورزو","1","523",""
"4 فنجان عصاره سبزیجات یا آب","فنجان عصاره سبزیجات یا آب","1","523",""
"1 شاخه کرفس، خرد شده","کرفس خرد شده","1","523",""
"۱/۲ پیمانه دال تور (لپه نخود کبوتر)","/ دال تور (لپه نخود کبوتر)","1","1505",""
"۲ قاشق غذاخوری خمیر تمرهندی","خمیر تمرهندی","1","1505",""
"۲ تا ۳ پیمانه آب (و در صورت نیاز بیشتر)","تا آب (و در صورت نیاز بیشتر)","1","1505",""
"۱ قاشق غذاخوری روغن یا کره حیوانی (گی)","روغن یا کره حیوانی (گی)","1","1505",""
"اختیاری: یک پنس آنغوزه (هینگ)","اختیاری: یک پنس آنغوزه (هینگ)","1","1505",""
"۱۵۰ گرم قارچ اسلایس‌شده","قارچ اسلایس‌شده","1","937",""
"۲ پیمانه سوسیس برش‌خورده","سوسیس برش‌خورده","1","937",""
"نصف لیوان ماست چکیده","نصف ماست چکیده","1","1268",""
"۱ قاشق چای‌خوری زنجبیل تازه، ریز رنده‌شده","قاشق چای‌خوری زنجبیل تازه ریز رنده‌شده","1","1268",""
"۱ قاشق چای‌خوری فلفل سیاه، به‌علاوه کمی برای تزیین","قاشق چای‌خوری فلفل سیاه به‌علاوه","1","1268",""
"گوجه‌فرنگی تازه خردشده (به میزان دلخواه)","گوجه‌فرنگی تازه خردشده (به میزان )","1","1337",""
"نیم قاشق چای‌خوری زعفران ساییده حل‌شده در آب داغ","نیم قاشق چای‌خوری زعفران ساییده حل‌شده در آب داغ","1","1337",""
"۱ تا ۱.۵ لیتر آب","تا . آب","1","1337",""
"اسپاگتی (پاستای بلند)","اسپاگتی (پاستای بلند)","1","1337",""
"گل‌های بروکلی","گل‌های بروکلی","1","544",""
"۱ کیلوگرم گوشت بره، خردشده در اندازه لقمه‌ای","کیلو گوشت بره خردشده در اندازه لقمه‌ای","1","1267",""
"۱ قاشق غذاخوری زیره سبز آسیاب‌شده","زیره سبز آسیاب‌شده","1","1267",""
"۱ قاشق چای‌خوری پودر چیلی (بنا به ذائقه)","قاشق چای‌خوری پودر چیلی (بنا به ذائقه)","1","1267",""
"۴۰۰ گرم گوجه‌فرنگی خردشده کنسروی","گوجه‌فرنگی خردشده کنسروی","1","1267",""
"۲ پیمانه آب یا آبِ گوشت بره","آب یا آبِ گوشت بره","1","1267",""
"۱ عدد هویج بزرگ، حلقه‌ای خردشده","هویج بزرگ حلقه‌ای خردشده","1","1267",""
"۱ عدد سیب‌زمینی بزرگ، مکعبی خردشده","سیب‌زمینی بزرگ مکعبی خردشده","1","1267",""
"گوشت چرخ‌کرده (گوساله یا مخلوط گوساله و گوسفند)","گوشت چرخ‌کرده (گوساله یا مخلوط گوساله و گوسفند)","1","1339",""
"۶ حبه سیر، کمی له‌شده","سیر  له‌شده","1","545",""
"۴ برگ تازه رزماری یا ۱ قاشق غذاخوری رزماری خشک","برگ تازه رزماری یا رزماری خشک","1","545",""
"۱ پیمانه گوجه‌فرنگی خردشده (تازه یا کنسروی)","گوجه‌فرنگی خردشده (تازه یا کنسروی)","1","545",""
"۲ پیمانه اسفناج خردشده یخ‌زده","اسفناج خردشده یخ‌زده","1","545",""
"۶ قاشق چای‌خوری روغن زیتون (اختیاری، برای سرو)","قاشق چای‌خوری روغن زیتون (اختیاری برای سرو)","1","545",""
"۶ قاشق غذاخوری پنیر پارمزان رنده‌شده (برای سرو)","پنیر پارمزان رنده‌شده (برای سرو)","1","545",""
"۱ و ۱/۲ پیمانه نخودفرنگی پخته","و / نخودفرنگی پخته","1","317",""
"۳۵۰ گرم قارچ برش خورده و تفت داده شده","قارچ برش خورده و تفت داده شده","1","317",""
"روغن و کره به مقدار لازم","روغن و کره","1","317",""
"۵۰۰ گرم سیب زمینی خرد شده و سرخ کرده","سیب زمینی خرد شده و سرخ کرده","1","317",""
"۹۰۰ گرم شانه خوک (یا گوشت گاو، بره، مرغ یا بوقلمون)","شانه خوک (یا گوشت گاو بره مرغ یا بوقلمون)","1","1501",""
"¼ پیمانه عسل","¼ عسل","1","1501",""
"¼ پیمانه سس هویسین","¼ سس هویسین","1","1501",""
"۱ قاشق چای‌خوری پودر پنج‌ادویه چینی","قاشق چای‌خوری پودر پنج‌ادویه چینی","1","1501",""
"۱ قاشق چای‌خوری رنگ خوراکی قرمز (اختیاری)","قاشق چای‌خوری رنگ خوراکی قرمز (اختیاری)","1","1501",""
"آب مرغ یا سبزیجات","آب مرغ یا سبزیجات","1","524",""
"تکه‌های گوشت یا مرغ","تکه‌های گوشت یا مرغ","1","318",""
"کره واضح/روغن حیوانی","کره واضح/روغن حیوانی","1","318",""
"۵۰۰ گرم میگوی تازه، پوست‌گرفته و رگ‌گیری‌شده","میگوی تازه پوست‌گرفته و رگ‌گیری‌شده","1","1341",""
"1.5 کیلوگرم گوشت گاو چاک یا شینک; مکعبی خرد شده","کیلو گوشت گاو چاک یا شینک مکعبی خرد شده","1","528",""
"1 چغندر قرمز; قطعه قطعه شده","چغندر قرمز قطعه قطعه شده","1","528",""
"150 گرم لوبیا سبز; پخته شده","لوبیا سبز پخته شده","1","528",""
"1 کیلوگرم کلم; خرد شده","کیلو کلم خرد شده","1","528",""
"3 هویج; قطعه قطعه شده","هویج قطعه قطعه شده","1","528",""
"200 گرم لوبیا کلیه یا پینتو; پخته شده","لوبیا کلیه یا پینتو پخته شده","1","528",""
"3 سیب زمینی; قطعه قطعه شده","سیب زمینی قطعه قطعه شده","1","528",""
"۱ پیمانه سمولینا (سوجی)","سمولینا (سوجی)","1","1497",""
"روغن برای سرخ‌کردن عمیق","روغن برای سرخ‌کردن عمیق","1","1497",""
"۱ پیمانه سیب‌زمینی آب‌پز و له‌شده","سیب‌زمینی آب‌پز و له‌شده","1","1497",""
"۱/۲ پیمانه نخود آب‌پز","/ نخود آب‌پز","1","1497",""
"۱/۴ پیمانه برگ گشنیز تازه خردشده","/ برگ گشنیز تازه خردشده","1","1497",""
"۱ قاشق غذاخوری تمرهندی","تمرهندی","1","1497",""
"۲ قاشق چای‌خوری پودر زیره بو داده","قاشق چای‌خوری پودر زیره بو داده","1","1497",""
"چاتنی سبز (گشنیز/نعناع)","چاتنی سبز (گشنیز/نعناع)","1","1497",""
"آب نعناع (پانی)","آب نعناع (پانی)","1","1497",""
"۵۰۰ گرم سبزی تازه شامل تره، جعفری، نعناع، ترخون، مرزه، پیازچه","سبزی تازه شامل تره جعفری نعناع ترخون مرزه پیازچه","1","486",""
"نصف فنجان لپه","نصف فنجان لپه","1","486",""
"۱ فنجان روغن","فنجان روغن","1","486",""
"۱ قاشق غذاخوری رب گوجه فرنگی یا ۲ فنجان آب گوجه فرنگی","رب گوجه فرنگی یا فنجان آب گوجه فرنگی","1","486",""
"۱۰۰ گرم قارچ تازه، ورقه‌شده","قارچ تازه ورقه‌شده","1","929",""
"۱ قاشق غذاخوری اورگانو یا آویشن شیرازی","اورگانو یا آویشن شیرازی","1","929",""
"فلفل دلمه‌ای مخلوط (قرمز، زرد و سبز)، ورقه‌شده","فلفل دلمه‌ای مخلوط (قرمز زرد و سبز) ه‌شده","1","927",""
"ادویه ایتالیایی","ادویه ایتالیایی","1","927",""
"۳ عدد تخم مرغ (یک زرده جدا)","تخم مرغ (یک زرده جدا)","1","327",""
"۱/۲ پیمانه روغن جامد گیاهی یا دنبه/چربی گیاهی","/ روغن جامد گیاهی یا دنبه/چربی گیاهی","1","1482",""
"۲ پیمانه مغز دلخواه (مرغ ریش‌ریش، پنیر یا سبزیجات)","مغز  (مرغ ریش‌ریش پنیر یا سبزیجات)","1","1482",""
"برگ ذرت، ۳۰ دقیقه در آب گرم خیس‌خورده","برگ ذرت دقیقه در آب خیس‌خورده","1","1482",""
"یک کلم متوسط، خرد شده","یک کلم متوسط خرد شده","1","529",""
"دو هویج بزرگ، خرد شده","دو هویج بزرگ خرد شده","1","529",""
"یک پیاز بزرگ، ریز خرد شده","یک پیاز بزرگ ریز خرد شده","1","529",""
"چهار فنجان آب‌گوشت سبزیجات یا مرغ","چهار فنجان آب‌گوشت سبزیجات یا مرغ","1","529",""
"یک قاشق چای‌خوری پودر زردچوبه","یک قاشق چای‌خوری پودر زردچوبه","1","529",""
"یک قاشق غذاخوری جعفری تازه، خرد شده برای تزیین","یک جعفری تازه خرد شده","1","529",""
"۱ عدد پیاز، رنده‌شدهٔ ریز","پیاز رنده‌شدهٔ ریز","1","1343",""
"نیم قاشق چای‌خوری زعفران","نیم قاشق چای‌خوری زعفران","1","1343",""
"یک پنس فلفل سیاه","یک پنس فلفل سیاه","1","1343",""
"زبان گاو یا گوساله","زبان گاو یا گوساله","1","885",""
"۱ پیمانه نخود خشک، از شب قبل خیس‌خورده","نخود خشک از شب قبل خیس‌خورده","1","1493",""
"۱ قاشق غذاخوری خمیر زنجبیل و سیر","خمیر زنجبیل و سیر","1","1493",""
"۱ پنس زردچوبه","پنس زردچوبه","1","1493",""
"۱ قاشق چای‌خوری شنبلیله خشک (کاسوری متی)","قاشق چای‌خوری شنبلیله خشک (کاسوری متی)","1","1493",""
"نمک به میزان لازم (برای خمیر)","نمک  (برای خمیر)","1","1493",""
"آب به مقدار لازم (برای خمیر)","آب  (برای خمیر)","1","1493",""
"برنج: نصف لیوان","برنج: نصف","1","530",""
"روغن آب کرده: یک استکان","روغن آب کرده: یک استکان","1","530",""
"نمک و فلفل سیاه و قرمز: به مقدار کافی","نمک و فلفل سیاه و قرمز: به مقدار کافی","1","530",""
"گوشت چرخ کرده: نصف لیوان","گوشت چرخ کرده: نصف","1","530",""
"تخم مرغ: یک عدد","تخم مرغ: یک","1","530",""
"پیاز درشت: یک عدد","پیاز درشت: یک","1","530",""
"جعفری، گشنیز و کرفس خرد شده: از هر کدام نصف لیوان","جعفری گشنیز و کرفس خرد شده: از هر کدام نصف","1","530",""
"هویج خرد شده: نصف لیوان","هویج خرد شده: نصف","1","530",""
"۳ عدد تخم‌مرغ، آب‌پز و برش‌خورده","تخم‌مرغ آب‌پز و برش‌خورده","1","282",""
"۳ عدد گوجه‌فرنگی، برش‌خورده","گوجه‌فرنگی برش‌خورده","1","282",""
"روغن زیتون برای چرب کردن","روغن زیتون برای چرب کردن","1","282",""
"فلفل سیاه تازه‌ی آسیاب‌شده به میزان لازم","فلفل سیاه تازه‌ی آسیاب‌شده","1","254",""
"برگ‌های تازه‌ی ریحان برای تزیین","برگ‌های تازه‌ی ریحان","1","254",""
"فیله یا راسته گوساله با کمی چربی – ۲ کیلوگرم","فیله یا راسته گوساله با  چربی کیلو","1","1306",""
"عصاره گوشت – به میزان لازم برای مرطوب نگه‌داشتن گوشت","عصاره گوشت  برای مرطوب نگه‌داشتن گوشت","1","1306",""
"آب – در صورت نیاز، اگر مایع زود تبخیر شد","آب در صورت نیاز اگر مایع زود تبخیر شد","1","1306",""
"پوره سیب‌زمینی – برای سرو","پوره سیب‌زمینی برای سرو","1","1306",""
"نخودفرنگی سبز – برای سرو","نخودفرنگی سبز برای سرو","1","1306",""
"18 برگ ریحان تازه، خرد شده","برگ ریحان تازه خرد شده","1","536",""
"۴۵۰ گرم گوشت گوساله ورقه‌ای نازک","گوشت گوساله ورقه‌ای نازک","1","1487",""
"۴۵۰ گرم گوشت خوک ورقه‌ای نازک","گوشت خوک ورقه‌ای نازک","1","1487",""
"۴۵۰ گرم قارچ مخلوط (شیتاکه، انوکی و …)","قارچ مخلوط (شیتاکه انوکی و …)","1","1487",""
"۴۵۰ گرم سبزی‌های برگی (اسفناج، کلم چینی و …)","سبزی‌های برگی (اسفناج کلم چینی و …)","1","1487",""
"۱ بسته نودل اودون","نودل اودون","1","1487",""
"۱ تکه ۲–۳ سانتی‌متری زنجبیل تازه، ورقه‌شده","تکه سانتی‌متری زنجبیل تازه ه‌شده","1","1487",""
"۱ قاشق غذاخوری خمیر یا سس چیلی (اختیاری)","خمیر یا سس چیلی (اختیاری)","1","1487",""
"سس‌های دیپ متنوع (سس بادام‌زمینی، سس سویا و …)","سس‌های دیپ متنوع (سس بادام‌زمینی سس سویا و …)","1","1487",""
"سیب‌زمینی متوسط، خرد شده به صورت مکعبی","سیب‌زمینی متوسط خرد شده به صورت مکعبی","1","334",""
"پیاز کوچک، خلالی خرد شده","پیاز کوچک خلالی خرد شده","1","334",""
"زعفران دم کرده در ۲ قاشق غذاخوری آب گرم","زعفران دم کرده در آب گرم","1","334",""
"یک و نیم فنجان نان خرد شده","یک و نیم فنجان نان خرد شده","1","28",""
"دو حبه سیر له شده","دو سیر له شده","1","28",""
"نصف فنجان روغن زیتون","نصف فنجان روغن زیتون","1","28",""
"سه قاشق غذاخوری آبلیمو","سه آبلیمو","1","28",""
"دو و نیم فنجان کلم خرد شده","دو و نیم فنجان کلم خرد شده","1","28",""
"یک سوم فنجان پنیر پارمسان رنده شده","یک سوم فنجان پنیر پارمسان رنده شده","1","28",""
"۱ عدد اردک کامل (حدود ۲٫۵ تا ۳ کیلوگرم)","عدد اردک کامل (حدود ٫ تا کیلو)","1","1475",""
"¼ پیمانه مالتوز یا عسل","¼ مالتوز یا عسل","1","1475",""
"۱ قاشق غذاخوری پودر پنج‌ادویه چینی","پودر پنج‌ادویه چینی","1","1475",""
"۱ عدد خیار، خلالی‌شده","خیار خلالی‌شده","1","1475",""
"۴ تا ۶ عدد پیازچه، خلالی‌شده","تا پیازچه خلالی‌شده","1","1475",""
"پنکیک چینی یا نان نازک برای سرو","پنکیک چینی یا نان نازک برای سرو","1","1475",""
"سس هویسین برای سرو","سس هویسین برای سرو","1","1475",""
"۱ قاشق چای‌خوری زیره سبز، تقسیم‌شده","قاشق چای‌خوری زیره سبز تقسیم‌شده","1","1303",""
"۳ عدد تره‌فرنگی (حدود ۴۵۰ گرم)، خلالی خردشده","عدد تره‌فرنگی (حدود ) خلالی خردشده","1","1303",""
"۱۵۰ گرم برگ اسفناج، شسته‌شده","برگ اسفناج شسته‌شده","1","1303",""
"۲/۳ پیمانه پنیر پارمزان رنده‌شده (اختیاری، برای سرو)","/ پنیر پارمزان رنده‌شده (اختیاری برای سرو)","1","1303",""
"۳/۵ فنجان سیب زمینی خرد شده","/ فنجان سیب زمینی خرد شده","1","538",""
"۱/۳ فنجان کرفس خرد شده","/ فنجان کرفس خرد شده","1","538",""
"۱/۳ فنجان پیاز خرد شده","/ فنجان پیاز خرد شده","1","538",""
"۳/۴ فنجان گوشت پخته و خرد شده","/ فنجان گوشت پخته و خرد شده","1","538",""
"۱ کیلوگرم گوشت بره، خردشده به تکه‌های متوسط","کیلو گوشت بره خردشده به تکه‌های متوسط","1","1483",""
"۲ تا ۳ عدد فلفل سبز، از طول شکاف‌داده‌شده","تا فلفل سبز از طول شکاف‌داده‌شده","1","1483",""
"۱ قاشق غذاخوری گرام ماسالا","گرام ماسالا","1","1483",""
"۲ تا ۳ عدد برگ بو","تا برگ بو","1","1483",""
"۴ تا ۵ عدد هل سبز","تا هل سبز","1","1483",""
"۱ تا ۲ تکه چوب دارچین","تا تکه چوب دارچین","1","1483",""
"۱ عدد سینه بی استخوان و بدون پوست مرغ متوسط","سینه بی استخوان و بدون پوست مرغ متوسط","1","35",""
"۱ پیمانه (۱۵۰ میلی‌لیتر) آب انار","( میلی‌لیتر) آب انار","1","35",""
"۱ پیمانه (۱۵۰ میلی‌لیتر) رب انار","( میلی‌لیتر) رب انار","1","35",""
"نیم لیوان روغن پخت و پز","نیم روغن پخت و پز","1","371",""
"۲ قاشق چایخوری زعفران آسیاب شده","زعفران آسیاب شده","1","371",""
"۲ کیلوگرم گوشت بره یا ۱.۵ کیلوگرم مرغ، تمیز شده","کیلو گوشت بره یا . کیلوگرم مرغ تمیز شده","1","371",""
"۲ تا ۵ زرده تخم‌مرغ","تا زرده تخم‌مرغ","1","371",""
"۱ لیوان زرشک شسته شده","زرشک شسته شده","1","371",""
"اختیاری: گلاب، پسته، بادام برای تزیین","اختیاری: گلاب پسته بادام","1","371",""
"2.5 سانتیمتر زنجبیل تازه، رنده شده","سانتیمتر زنجبیل تازه رنده شده","1","377",""
"ماست برای مزه‌دار کردن","ماست برای مزه‌دار کردن","1","377",""
"آب لیمو برای مزه‌دار کردن","آب لیمو برای مزه‌دار کردن","1","377",""
"کره برای روی پلو","کره برای روی پلو","1","377",""
"دارچین برای عطر","دارچین برای عطر","1","377",""
"بادام خلال، برشته شده","بادام خلال برشته شده","1","377",""
"زرشک، تفت داده شده","زرشک تفت داده شده","1","377",""
"200 گرم مخلوط گوشت چرخ کرده و سویا","مخلوط گوشت چرخ کرده و سویا","1","44",""
"4-5 عدد گوجه‌فرنگی یا 2 قاشق غذاخوری رب گوجه‌فرنگی","5 عدد گوجه‌فرنگی یا 2 رب گوجه‌فرنگی","1","44",""
"1 فنجان سبزی معطر خرد شده (ترخان، مرزه، نعناع، جعفری، گشنیز و کمی شوید)","فنجان سبزی معطر خرد شده (ترخان مرزه نعناع جعفری گشنیز و  شوید)","1","44",""
"۲۰۰ گرم سوسیس، ریز خردشده","سوسیس ریز خردشده","1","1257",""
"۱ عدد فلفل دلمه‌ای، نگینی ریز","فلفل دلمه‌ای نگینی ریز","1","1257",""
"۴ عدد گوجه‌فرنگی متوسط و رسیده، برش‌خورده به ضخامت حدود ۶ میلی‌متر","گوجه‌فرنگی متوسط و رسیده برش‌خورده به ضخامت حدود میلی‌متر","1","1471",""
"۲۵۰ گرم پنیر موزارلای تازه، برش‌خورده به صورت حلقه‌ای","پنیر موزارلای تازه برش‌خورده به صورت حلقه‌ای","1","1471",""
"نصف پیمانه برگ ریحان تازه","نصف برگ ریحان تازه","1","1471",""
"سس بالزامیک غلیظ (اختیاری)","سس بالزامیک غلیظ (اختیاری)","1","1471",""
"۲ پیمانه آرد سفید الک‌شده","آرد سفید الک‌شده","1","747",""
"۱ قاشق غذاخوری روغن مایع، به‌علاوه مقداری برای چرب کردن","روغن مایع به‌علاوه  برای چرب کردن","1","747",""
"۳۰۰ گرم سبزی معطر تازه (جعفری، گشنیز، شوید)، بخارپز و ریز خردشده","سبزی معطر تازه (جعفری گشنیز شوید) بخارپز و ریز خردشده","1","747",""
"۱۰۰ گرم پنیر سفید نرم (مانند فتا)، خردشده","پنیر سفید نرم (مانند فتا) خردشده","1","747",""
"½ پیمانه آب ولرم (برای فعال‌سازی مخمر)","½ آب ولرم (برای فعال‌سازی مخمر)","1","747",""
"ماکارونی فرمی - 1 بسته 500 گرمی","ماکارونی فرمی بسته 500 ی","1","46",""
"گوجه فرنگی پوره شده - 10 عدد متوسط","گوجه فرنگی پوره شده متوسط","1","46",""
"پنیر گورگنزولا - 100 گرم (درشت رنده شده)","پنیر گورگنزولا (درشت رنده شده)","1","46",""
"مخلوط شاهی و ترخان - به مقدار لازم (برای تزئین)","مخلوط شاهی و ترخان  (برای تزئین)","1","46",""
"گوجه گیلاسی - در صورت تمایل 5-6 عدد","گوجه گیلاسی در صورت تمایل 6","1","46",""
"۱ و نیم قاشق غذاخوری مخمر خشک","و نیم مخمر خشک","1","1461",""
"۳ قاشق غذاخوری سبزی تازه خردشده (شوید، جعفری، پیازچه، آویشن)","سبزی تازه خردشده (شوید جعفری پیازچه آویشن)","1","1461",""
"۱ پیمانه آرد ذرت درشت (پولنتا)","آرد ذرت درشت (پولنتا)","1","1470",""
"سبزی تازه برای تزئین","سبزی تازه برای تزئین","1","542",""
"چهار حبه سیر ساطوری شده","چهار سیر ساطوری شده","1","18",""
"۵۰۰ گرم استیک گوساله نازک خرد شده","استیک گوساله نازک خرد شده","1","18",""
"۲۵۰ گرم ماکارونی آبکشی شده","ماکارونی آبکشی شده","1","18",""
"دو قاشق غذاخوری سس سویا","دو سس سویا","1","18",""
"دو عدد هویج خلالی نازک شده","دو هویج خلالی نازک شده","1","18",""
"دو عدد فلفل قرمز تند حلقه شده","دو فلفل قرمز تند حلقه شده","1","18",""
"دو شاخه پیازچه درشت خرد شده","دو پیازچه درشت خرد شده","1","18",""
"نصف قاشق چایخوری زیره","نصف زیره","1","18",""
"یک قاشق غذاخوری رب گوجه‌فرنگی","یک رب گوجه‌فرنگی","1","18",""
"۱ قوطی گوجه‌فرنگی خردشده کنسروی","قوطی گوجه‌فرنگی خردشده کنسروی","1","543",""
"عسل طبیعی، به مقدار لازم","عسل طبیعی","1","1459",""
"۱۵۰ گرم سیب‌زمینی، ریز خردشده","سیب‌زمینی ریز خردشده","1","546",""
"۱ قاشق غذاخوری نشاسته سیب‌زمینی","نشاسته سیب‌زمینی","1","546",""
"۱ استکان کوچک زرشک","استکان کوچک زرشک","1","546",""
"۱۵۰ گرم ورمیشل یا رشته سوپی نازک","ورمیشل یا رشته سوپی نازک","1","546",""
"۴ تا ۵ عدد گوجه‌فرنگی بزرگ، پوست‌گرفته و ریز خردشده (یا ۲ قاشق غذاخوری رب گوجه‌فرنگی)","تا عدد گوجه‌فرنگی بزرگ پوست‌گرفته و ریز خردشده (یا رب گوجه‌فرنگی)","1","546",""
"۱ استکان کوچک جعفری و گشنیز تازه، ریز خردشده","استکان کوچک جعفری و گشنیز تازه ریز خردشده","1","546",""
"کدو سبز (با پوست)","کدو سبز (با پوست)","1","239",""
"اسفناج (همه به صورت ریز خرد شده، مجموعاً چهار فنجان)","اسفناج (همه به صورت ریز خرد شده مجموعاً چهار فنجان)","1","239",""
"جعفری (نصف فنجان، خرد شده)","جعفری (نصف فنجان خرد شده)","1","239",""
"ریحان (نصف فنجان، خرد شده)","ریحان (نصف فنجان خرد شده)","1","239",""
"یک فنجان روغن زیتون","یک فنجان روغن زیتون","1","239",""
"دو فنجان آب‌گوجه‌فرنگی","دو فنجان آب‌گوجه‌فرنگی","1","239",""
"یک فنجان پنیر پارمزان یا گودا رنده شده","یک فنجان پنیر پارمزان یا گودا رنده شده","1","239",""
"یک قاشق غذاخوری آویشن","یک آویشن","1","239",""
"۲.۵ تا ۳ پیمانه آرد سفید",". تا آرد سفید","1","1249",""
"۱۰۰ گرم قارچ خردشده ریز","قارچ خردشده ریز","1","1249",""
"۲ عدد پیاز خردشده ریز","پیاز خردشده ریز","1","1249",""
"نمک، فلفل سیاه، گشنیز خشک و دارچین به میزان لازم","نمک فلفل سیاه گشنیز خشک و دارچین","1","1249",""
"سیب‌زمینی – آب‌پز شده و خردشده به مکعب‌های نرم","سیب‌زمینی آب‌پز شده و خردشده به مکعب‌های نرم","1","1454",""
"کره بدون نمک – ۸ قاشق غذاخوری، نرم‌شده","کره بدون نمک نرم‌شده","1","1254",""
"سیر – ۲ حبه، رنده ریز","سیر رنده ریز","1","1254",""
"رنده پوست لیمو – از ۱ لیمو (فقط قسمت زرد)","رنده پوست لیمو از لیمو (فقط قسمت زرد)","1","1254",""
"جوز هندی – یک پنس، تازه رنده‌شده","جوز هندی یک پنس تازه رنده‌شده","1","1254",""
"پودر سوخاری تازه – ۲ پیمانه","پودر سوخاری تازه","1","1254",""
"بکینگ‌پودر – ۱/۲ قاشق چای‌خوری","بکینگ‌پودر / قاشق چای‌خوری","1","919",""
"پودر آویشن – به میزان دلخواه","پودر آویشن به میزان","1","919",""
"سوسیس و کالباس خردشده","سوسیس و کالباس خردشده","1","919",""
"فلفل دلمه‌ای سبز، نازک برش‌خورده","فلفل دلمه‌ای سبز نازک برش‌خورده","1","919",""
"زیتون سیاه خردشده","زیتون سیاه خردشده","1","919",""
"450 گرم نودلز یا ماکارونی","نودلز یا ماکارونی","1","49",""
"5 فنجان قارچ خرد شده","فنجان قارچ خرد شده","1","49",""
"1/2 فنجان کره","/2 فنجان کره","1","49",""
"1/4 فنجان آرد","/4 فنجان آرد","1","49",""
"1 و 1/2 فنجان شیر","و /2 فنجان شیر","1","49",""
"1/4 فنجان خامه","/4 فنجان خامه","1","49",""
"3 فنجان سینه مرغ یا بوقلمون پخته، نکوبیده","فنجان سینه مرغ یا بوقلمون پخته نکوبیده","1","49",""
"2/3 فنجان پنیر پارمسان","/3 فنجان پنیر پارمسان","1","49",""
"1/3 فنجان پنیر چدار","/3 فنجان پنیر چدار","1","49",""
"1/2 فنجان نان خرد شده","/2 فنجان نان خرد شده","1","49",""
"۳۰۰ گرم سینه یا فیله مرغ، نگینی خردشده","سینه یا فیله مرغ نگینی خردشده","1","1245",""
"۱ عدد عصاره مرغ (بولیون)، خردشده","عصاره مرغ (بولیون) خردشده","1","1245",""
"۱ بسته پاستا پاپیونی (فارفاله)","پاستا پاپیونی (فارفاله)","1","1245",""
"½ قاشق چای‌خوری جوز هندی","½ قاشق چای‌خوری جوز هندی","1","1245",""
"گردوی آسیاب‌شده بسیار نرم (به صورت خمیر)","گردوی آسیاب‌شده بسیار نرم (به صورت خمیر)","1","1351",""
"کمی زعفران ساییده‌شده","زعفران ساییده‌شده","1","1351",""
"نیم پیمانه ماست چکیده","نیم ماست چکیده","1","22",""
"۲ عدد ماهیچه گوسفندی","ماهیچه گوسفندی","1","548",""
"۵۰۰ گرم قارچ تازه، ورقه‌ای","قارچ تازه ورقه‌ای","1","843",""
"۰٫۵ گرم زعفران، حل‌شده در آب گرم","٫ زعفران حل‌شده در آب گرم","1","843",""
"یک بسته پاستای فنری شکل","یک پاستای فنری شکل","1","52",""
"۸ تا ۱۰ ورق کالباس دودی","تا کالباس دودی","1","52",""
"۳۰۰ گرم گوجه فرنگی ریز","گوجه فرنگی ریز","1","52",""
"شش قاشق غذاخوری آب گوجه فرنگی","شش آب گوجه فرنگی","1","52",""
"دو قاشق غذاخوری سرکه","دو سرکه","1","52",""
"یک قاشق چای‌خوری پودر زیره","یک قاشق چای‌خوری پودر زیره","1","52",""
"یک قاشق چای‌خوری پودر گشنیز","یک قاشق چای‌خوری پودر گشنیز","1","52",""
"دو قاشق غذاخوری گشنیز تازه خرد شده","دو گشنیز تازه خرد شده","1","52",""
"۳ کیلوگرم باقلا","کیلو باقلا","1","381",""
"۵۰۰ میلی‌لیتر آبِ گوشت یا آبِ سبزیجات","میلی‌ آبِ گوشت یا آبِ سبزیجات","1","1352",""
"یک گل کلم متوسط، خرد شده به قطعات کوچک","یک گل کلم متوسط خرد شده به قطعات کوچک","1","464",""
"سه تخم مرغ بزرگ","سه تخم مرغ بزرگ","1","464",""
"نیم فنجان جعفری تازه، خرد شده","نیم فنجان جعفری تازه خرد شده","1","464",""
"یک چهارم فنجان شوید تازه، خرد شده","یک چهارم فنجان شوید تازه خرد شده","1","464",""
"یک پیاز متوسط، رنده شده","یک پیاز متوسط رنده شده","1","464",""
"یک چهارم قاشق چای‌خوری زردچوبه","یک چهارم قاشق چای‌خوری زردچوبه","1","464",""
"یک چهارم فنجان آرد همه منظوره","یک چهارم فنجان آرد همه منظوره","1","464",""
"روغن گیاهی، برای سرخ کردن","روغن گیاهی برای سرخ کردن","1","464",""
"فلفل، به میزان دلخواه","فلفل به میزان","1","27",""
"۱ پیمانه کدو سبز خردشده","کدو سبز خردشده","1","907",""
"۱ پیمانه مرغ پخته و خردشده","مرغ پخته و خردشده","1","907",""
"به میزان لازم پنیر ورقه‌ای پیتزا","پنیر ه‌ای پیتزا","1","907",""
"۱ پیمانه کاهو خردشده","کاهو خردشده","1","907",""
"نیم لیوان ماست","نیم ماست","1","393",""
"روغن زیتون، برای رومال","روغن زیتون برای رومال","1","906",""
"آبِ گوشت یا استاک مرغ – ۲۵۰ میلی‌لیتر","آبِ گوشت یا استاک مرغ میلی‌","1","1353",""
"۱ پیمانه برنج یاسمین","برنج یاسمین","1","1332",""
"۱ قاشق چای‌خوری گلاب","قاشق چای‌خوری گلاب","1","1332",""
"۱ پیمانه ماش","ماش","1","394",""
"۲ پیمانه برنج دانه بلند","برنج دانه بلند","1","394",""
"۱/۴ قاشق چایخوری فلفل سیاه","/ فلفل سیاه","1","394",""
"اختیاری: ۱ قاشق چایخوری دارچین","اختیاری: دارچین","1","394",""
"بادام پرک","بادام پرک","1","396",""
"۳۰۰ گرم مرغ ژامبون","مرغ ژامبون","1","187",""
"۱ فنجان نخود فرنگی کنسروی","فنجان نخود فرنگی کنسروی","1","187",""
"۱ فنجان ذرت کنسروی","فنجان ذرت کنسروی","1","187",""
"اسپاگتی - ۱ بسته (۷۰۰ گرم)","اسپاگتی بسته ( )","1","246",""
"گوشت چرخ کرده - نیم کیلوگرم","گوشت چرخ کرده نیم کیلو","1","246",""
"سس گوجه فرنگی - ۲ قاشق غذاخوری","سس گوجه فرنگی","1","246",""
"۱ عدد پیاز سفید کوچک، ریز خرد شده","پیاز سفید کوچک ریز خرد شده","1","1356",""
"1 قاشق غذاخوری رب گوجه","رب گوجه","1","195",""
"۱ تا ۲ قاشق غذاخوری روغن (برای تفت‌دادن)","تا روغن (برای تفت‌دادن)","1","550",""
"اختیاری: فلفل سبز تند","اختیاری: فلفل سبز تند","1","1074",""
"اختیاری: آب غوره","اختیاری: آب غوره","1","1074",""
"۸۰۰ گرم تکه‌های مرغ با استخوان","تکه‌های مرغ با استخوان","1","1362",""
"۲ قاشق غذاخوری روغن، به‌علاوه مقداری برای چرب کردن و رویه","روغن به‌علاوه  برای چرب کردن و رویه","1","1362",""
"۲۲۵ گرم کالاماری، حلقه‌ای خردشده","کالاماری حلقه‌ای خردشده","1","1531",""
"۲۲۵ گرم فیله ماهی (مانند اسنپر یا تیلاپیا)، خردشده","فیله ماهی (مانند اسنپر یا تیلاپیا) خردشده","1","1531",""
"۴ پیمانه آبِ ماهی","آبِ ماهی","1","1531",""
"نیم پیمانه نخودفرنگی","نیم نخودفرنگی","1","1531",""
"ربع پیمانه روغن زیتون","ربع روغن زیتون","1","1531",""
"میگو: ۵۰۰ گرم","میگو:","1","383",""
"گوجه‌فرنگی رسیده: ۵۰۰ گرم","گوجه‌فرنگی رسیده:","1","383",""
"پیاز سرخ شده: ۲ قاشق غذاخوری","پیاز سرخ شده:","1","383",""
"تخم‌مرغ: ۴ تا ۵ عدد","تخم‌مرغ: تا","1","383",""
"سیر خرد شده: ۲ تا ۳ حبه","سیر خرد شده: تا","1","383",""
"۱ عدد سیب‌زمینی متوسط، ریز خردشده","سیب‌زمینی متوسط ریز خردشده","1","1364",""
"۲٫۵ تا ۳ پیمانه آب","٫ تا آب","1","1364",""
"۱ تا ۲ قاشق چای‌خوری شکر","تا قاشق چای‌خوری شکر","1","902",""
"۱ قاشق چای‌خوری مخمر خشک فعال","قاشق چای‌خوری مخمر خشک فعال","1","902",""
"۳/۴ پیمانه آب ولرم (حدود ۳۸ درجه سانتی‌گراد)","/ آب ولرم (حدود درجه سانتی‌گراد)","1","902",""
"۲۵۰ گرم خرمای بدون هسته، نصف‌شده","خرمای بدون هسته نصف‌شده","1","902",""
"۲ عدد کیوی، پوست‌گرفته و نگینی","کیوی پوست‌گرفته و نگینی","1","902",""
"یک قاشق مرباخوری زنجبیل خرد شده","یک زنجبیل خرد شده","1","53",""
"۱ پیمانه کوچک ماست شیرین","کوچک ماست شیرین","1","1438",""
"شکر (اختیاری، به مقدار دلخواه)","شکر (اختیاری به مقدار )","1","1438",""
"نان خردشده (ترجیحاً نان سفید یا بربری، به اندازهٔ لازم)","نان خردشده (ترجیحاً نان سفید یا بربری به اندازهٔ لازم)","1","1438",""
"۱ قاشق غذاخوری ماست (فقط برای فیله گوشت قرمز)","ماست (فقط برای فیله گوشت قرمز)","1","951",""
"سیخ چوبی یا فلزی","سیخ چوبی یا فلزی","1","951",""
"یک بره جوان کامل","یک بره جوان کامل","1","504",""
"۶۰۰ گرم مرغ خردشده (تکه‌های متوسط)","مرغ خردشده (تکه‌های متوسط)","1","1365",""
"۶۰۰ تا ۷۰۰ میلی‌لیتر آب","تا میلی‌ آب","1","1365",""
"کمی زعفران حل‌شده در آب داغ","زعفران حل‌شده در آب داغ","1","1365",""
"کره نیم پیمانه","کره نیم","1","61",""
"سینه مرغ ۳۰۰ گرم (پخته و تکه‌تکه شده)","سینه مرغ (پخته و تکه‌تکه شده)","1","61",""
"جعفری اندکی برای تزئین","جعفری اندکی برای تزئین","1","61",""
"کره یک‌چهارم پیمانه (برای سس آلفردو)","کره یک‌چهارم (برای سس آلفردو)","1","61",""
"خامه یک پیمانه (برای سس آلفردو)","خامه یک (برای سس آلفردو)","1","61",""
"سیر یک حبه (برای سس آلفردو)","سیر یک (برای سس آلفردو)","1","61",""
"پنیر پارمزان رنده‌شده یک پیمانه و نیم (برای سس آلفردو)","پنیر پارمزان رنده‌شده یک و نیم (برای سس آلفردو)","1","61",""
"جعفری تازه یک‌چهارم پیمانه (ریزشده) (برای سس آلفردو)","جعفری تازه یک‌چهارم (ریزشده) (برای سس آلفردو)","1","61",""
"۳ عدد کدو سبز متوسط، شسته و نازک ورقه‌شده (با پوست)","کدو سبز متوسط شسته و نازک ورقه‌شده (با پوست)","1","1368",""
"جعفری خردشده (اختیاری، برای تزیین)","جعفری خردشده (اختیاری )","1","1368",""
"۲/۳ پیمانه ماست","/ ماست","1","55",""
"۱۰۰ گرم مارتادلا","مارتادلا","1","55",""
"۱ قاشق چای‌خوری بادام خرد شده","قاشق چای‌خوری بادام خرد شده","1","55",""
"۵۰۰ گرم سیب‌زمینی آردی (مانند راسِت)،","سیب‌زمینی آردی (مانند راسِت)","1","1371",""
"۱ عدد فلفل دلمه‌ای از هر رنگ، نگینی خردشده","فلفل دلمه‌ای از هر رنگ نگینی خردشده","1","1371",""
"۱ دسته کوچک پیازچه، درشت خردشده","دسته کوچک پیازچه درشت خردشده","1","1371",""
"۱ دسته کوچک گشنیز تازه، خردشده","دسته کوچک گشنیز تازه خردشده","1","1371",""
"۳ قاشق غذاخوری روغن مایع بی‌بو (کانولا یا گیاهی)","روغن مایع بی‌بو (کانولا یا گیاهی)","1","1371",""
"۱ ساقه کرفس، نگینی خرد شده","ساقه کرفس نگینی خرد شده","1","552",""
"۱.۵ لیتر آب مرغ یا آب سبزیجات",". آب مرغ یا آب سبزیجات","1","552",""
"پاستا (نوع دلخواه) - ۶۰۰ گرم","پاستا (نوع )","1","63",""
"روغن زیتون - ۱۵۰ میلی‌لیتر","روغن زیتون میلی‌","1","63",""
"مخلوط گیاهان معطر - به مقدار لازم","مخلوط گیاهان معطر","1","63",""
"۱/۴ پیمانه کره یا مارگارین، نرم‌شده","/ کره یا مارگارین نرم‌شده","1","1431",""
"۲/۳ پیمانه زیتون سیاه بدون هسته، بسیار ریز خردشده","/ زیتون سیاه بدون هسته بسیار ریز خردشده","1","1431",""
"۲ قاشق غذاخوری سبزی تازه (مانند پیازچه یا چیوز)، ریز خردشده","سبزی تازه (مانند پیازچه یا چیوز) ریز خردشده","1","1431",""
"۱/۳ پیمانه گردو یا بادام، ریز خردشده","/ گردو یا بادام ریز خردشده","1","1431",""
"جعفری تازه برای تزیین (اختیاری)","جعفری تازه  (اختیاری)","1","1431",""
"کراکر نمکی، سیب خردشده و نان تست برشته برای سرو","کراکر نمکی سیب خردشده و نان تست برشته برای سرو","1","1431",""
"پیاز، نازک خلال‌شده","پیاز نازک خلال‌شده","1","1329",""
"۱۵۰ گرم بروکلی، ریز خردشده","بروکلی ریز خردشده","1","1224",""
"۲۰۰ گرم خمیر پیتزا یا خمیر نان تخت","خمیر پیتزا یا خمیر نان تخت","1","1224",""
"۶ عدد میگو پخته، خردشده","میگو پخته خردشده","1","1224",""
"۶ عدد گوجه گیلاسی، از وسط نصف‌شده","گوجه گیلاسی از وسط نصف‌شده","1","1224",""
"۱ عدد کدو سبز بزرگ یا ۶ عدد کدو سبز کوچک","کدو سبز بزرگ یا عدد کدو سبز کوچک","1","1379",""
"½ پیمانه قارچ خردشده","½ قارچ خردشده","1","1379",""
"۲ قاشق چای‌خوری سرکه سفید","قاشق چای‌خوری سرکه سفید","1","1379",""
"¾ پیمانه پنیر پارمزان رنده‌شده","¾ پنیر پارمزان رنده‌شده","1","1379",""
"رشته سوپی نازک","رشته سوپی نازک","1","555",""
"هویج نگینی","هویج نگینی","1","555",""
"کرفس حلقه‌ای","کرفس حلقه‌ای","1","555",""
"۱ پیمانه سویای ریزدانه","سویای ریزدانه","1","1413",""
"۲ عدد تخم‌مرغ، زده‌شده (برای روکش)","تخم‌مرغ زده‌شده (برای روکش)","1","1413",""
"۳۰۰ گرم ماکارونی شکل دار","ماکارونی شکل دار","1","38",""
"۱ قاشق چای‌خوری زنجبیل","قاشق چای‌خوری زنجبیل","1","38",""
"۲ فیله ماهی سفید (شیرماهی یا ماهی مشابه)","فیله ماهی سفید (شیرماهی یا ماهی مشابه)","1","558",""
"۱ قاشق غذاخوری ادویه گارلیک ماسالا","ادویه گارلیک ماسالا","1","558",""
"۱ عدد هویج، نگینی یا رنده درشت","هویج نگینی یا رنده درشت","1","558",""
"۲ ساقه کرفس جوان با برگ، خردشده","ساقه کرفس جوان با برگ خردشده","1","558",""
"چند ساقه پیازچه، حلقه‌ای خردشده","چند ساقه پیازچه حلقه‌ای خردشده","1","558",""
"۱ عدد فلفل دلمه‌ای قرمز، نگینی","فلفل دلمه‌ای قرمز نگینی","1","558",""
"روغن زیتون یا روغن کنجد، به مقدار لازم","روغن زیتون یا روغن کنجد","1","558",""
"مقدار کمی کره","مقدار  کره","1","558",""
"۱ پیمانه پنیر موزارلا یا پنیر پیتزا، رنده‌شده","پنیر موزارلا یا پنیر پیتزا رنده‌شده","1","558",""
"نان جو سبوس‌دار، برای سرو","نان جو سبوس‌دار برای سرو","1","558",""
"۱۰۰ گرم پاستای ریز (هر نوع دلخواه)","پاستای ریز (هر نوع )","1","560",""
"۲۰۰ گرم لوبیا سبز نازک","لوبیا سبز نازک","1","560",""
"۱ پیمانه نخودفرنگی پوست‌گرفته","نخودفرنگی پوست‌گرفته","1","560",""
"۲ قاشق غذاخوری نعناع، ترخون و گشنیز تازه خردشده","نعناع ترخون و گشنیز تازه خردشده","1","560",""
"۲ عدد میخک کامل (اختیاری)","میخک کامل (اختیاری)","1","560",""
"۱۰۰ گرم لوبیای قرمز خشک یا ½ پیمانه لوبیای قرمز پخته","گرم لوبیای قرمز خشک یا ½ لوبیای قرمز پخته","1","560",""
"۴ پیمانه آبِ مرغ یا آبِ سبزیجات (یا ۲ عدد عصاره حل‌شده در ۴ پیمانه آب)","آبِ مرغ یا آبِ سبزیجات (یا عدد عصاره حل‌شده در پیمانه آب)","1","560",""
"۱ عدد استخوان قلم گاو (مغز استخوان)","استخوان قلم گاو (مغز استخوان)","1","561",""
"۱ پیمانه گشنیز خردشده فشرده","گشنیز خردشده فشرده","1","561",""
"بادمجان ورقه‌شده – ۶ عدد","بادمجان ورقه‌شده","1","1220",""
"ژامبون خردشده – ۱۵۰ گرم","ژامبون خردشده","1","1220",""
"گوجه‌فرنگی - 1 کیلوگرم","گوجه‌فرنگی کیلو","1","65",""
"میگو خشک یا یخ‌زده - 250 گرم","میگو خشک یا یخ‌زده","1","65",""
"شکر - 1 قاشق غذاخوری کمی پر","شکر  پر","1","65",""
"پیاز سرخ‌شده - 1 تا 2 قاشق غذاخوری","پیاز سرخ‌شده تا 2","1","65",""
"سیر - 1 تا 2 حبه","سیر تا 2","1","65",""
"جعفری خردشده - 1 تا 2 قاشق غذاخوری","جعفری خردشده تا 2","1","65",""
"۲۰۰ گرم سینه مرغ بدون استخوان، خردشده به نوارهای نازک","سینه مرغ بدون استخوان خردشده به نوارهای نازک","1","1380",""
"۲ عدد گوجه‌فرنگی متوسط، ورقه‌شده","گوجه‌فرنگی متوسط ورقه‌شده","1","1380",""
"تره‌فرنگی تازه، ۳ عدد متوسط","تره‌فرنگی تازه متوسط","1","564",""
"سیب‌زمینی، ۲ عدد متوسط (پوست‌کنده و خردشده)","سیب‌زمینی متوسط (پوست‌کنده و خردشده)","1","564",""
"خامه، ½ پیمانه","خامه ½","1","564",""
"350 گرم پنیر موتزارلا","پنیر موتزارلا","1","284",""
"بادمجان – پوست‌کنده و برش‌خورده طولی برای سرخ کردن","بادمجان پوست‌کنده و برش‌خورده طولی برای سرخ کردن","1","1217",""
"کدو سبز – پوست‌کنده و برش‌خورده طولی برای سرخ کردن","کدو سبز پوست‌کنده و برش‌خورده طولی برای سرخ کردن","1","1217",""
"گوشت دلخواه (گوساله، مرغ یا مخلوط) – تفت‌داده شده","گوشت  (گوساله مرغ یا مخلوط) تفت‌داده شده","1","1217",""
"پیاز – ریز خردشده و سرخ‌شده","پیاز ریز خردشده و سرخ‌شده","1","1217",""
"آب – ۱ پیمانه کوچک","آب کوچک","1","1217",""
"سس سفید (بشامل یا آماده)","سس سفید (بشامل یا آماده)","1","1217",""
"پنیر پیتزا (موزارلا یا مشابه) – برای رویه","پنیر پیتزا (موزارلا یا مشابه) برای رویه","1","1217",""
"۱.۱ کیلوگرم گوجه‌فرنگی، خردشده",". کیلو گوجه‌فرنگی خردشده","1","565",""
"۲ پیمانه (حدود ۲۱۰ گرم) پاستای مارپیچی","(حدود گرم) پاستای مارپیچی","1","565",""
"۱ قاشق غذاخوری ریحان یا جعفری تازه، خردشده","ریحان یا جعفری تازه خردشده","1","565",""
"سینه مرغ پخته و نگینی‌شده","سینه مرغ پخته و نگینی‌شده","1","567",""
"500 گرم گوشت گوسفند یا گاو، تکه‌تکه شده","گوشت گوسفند یا گاو تکه‌تکه شده","1","405",""
"2 پیمانه سبزی‌های تازه (جعفری، گشنیز، و تره)، ریز خرد شده","سبزی‌های تازه (جعفری گشنیز و تره) ریز خرد شده","1","405",""
"1/4 پیمانه برگ شنبلیله خشک","/4 برگ شنبلیله خشک","1","405",""
"1 پیمانه لوبیا قرمز، پخته شده","لوبیا قرمز پخته شده","1","405",""
"2 عدد لیمو امانی","لیمو امانی","1","405",""
"۲ عدد تخم‌مرغ آب‌پز، حلقه‌شده (برای تزیین)","تخم‌مرغ آب‌پز حلقه‌شده ()","1","568",""
"رشته‌های نازک گوشت پخته، در صورت تمایل (برای تزیین)","رشته‌های نازک گوشت پخته در صورت تمایل ()","1","568",""
"برنج مناسب و درجه یک","برنج مناسب و درجه یک","1","410",""
"آب نیم‌گرم","آب نیم‌","1","410",""
"چند قاشق سوپخوری روغن","چند قاشق سوپخوری روغن","1","410",""
"نمک – ۱ و نیم قاشق چای‌خوری","نمک و نیم قاشق چای‌خوری","1","1421",""
"روغن مایع – ¼ پیمانه","روغن مایع ¼","1","1421",""
"پودر شیر خشک – ۶ قاشق غذاخوری","پودر شیر خشک","1","1421",""
"آب داغ – ۱ و ¼ پیمانه","آب داغ و ¼","1","1421",""
"اسفناج پخته و ریز خردشده – ۱.۵ کیلوگرم","اسفناج پخته و ریز خردشده . کیلو","1","1421",""
"سماق – ۱ قاشق چای‌خوری","سماق قاشق چای‌خوری","1","1421",""
"رب انار – ½ قاشق چای‌خوری","رب انار ½ قاشق چای‌خوری","1","1421",""
"پودر دارچین – نوک قاشق","پودر دارچین نوک قاشق","1","1421",""
"روغن زیتون – ¼ پیمانه","روغن زیتون ¼","1","1421",""
"آب‌لیموترش تازه – ¼ پیمانه","آب‌لیموترش تازه ¼","1","1421",""
"۲ پیمانه برنج باسماتی (دانه‌بلند و معطر)","برنج باسماتی (دانه‌بلند و معطر)","1","1349",""
"۲ قاشق غذاخوری روغن مایع بی‌بو (مانند کانولا یا آفتابگردان)","روغن مایع بی‌بو (مانند کانولا یا آفتابگردان)","1","1349",""
"۲۰۰ گرم تُن ماهی (ترجیحاً آبکش‌شده)","تُن ماهی (ترجیحاً آبکش‌شده)","1","1385",""
"۳۰۰ گرم قارچ دکمه‌ای، تمیز و ورقه‌ای خردشده","قارچ دکمه‌ای تمیز و ورقه‌ای خردشده","1","569",""
"۳۰۰ گرم بال و گردن مرغ","بال و گردن مرغ","1","569",""
"۱/۲ قاشق غذاخوری پیاز داغ","/ پیاز داغ","1","569",""
"۳ تا ۴ قاشق غذاخوری خامه صبحانه","تا خامه صبحانه","1","569",""
"1 عدد پیاز، برش داده شده","پیاز برش داده شده","1","73",""
"200 گرم قارچ دکمه‌ای، برش داده شده","قارچ دکمه‌ای برش داده شده","1","73",""
"1/4 فنجان سرکه سفید","/4 فنجان سرکه سفید","1","73",""
"1/4 فنجان ریحان تازه، خرد شده","/4 فنجان ریحان تازه خرد شده","1","73",""
"۱ عدد فلفل قرمز، ریز خرد شده","فلفل قرمز ریز خرد شده","1","891",""
"یک پنسه زیره","یک پنسه زیره","1","891",""
"۵۰۰ گرم گل‌کلم، خرد شده","گل‌کلم خرد شده","1","891",""
"ادویه‌جات و فلفل سیاه","ادویه‌جات و فلفل سیاه","1","76",""
"نارنگی – برای طعم آبدار و مرکباتی","نارنگی برای طعم آبدار و مرکباتی","1","1366",""
"سیب – برای بافت ترد و شیرینی ملایم","سیب برای بافت ترد و شیرینی ملایم","1","1366",""
"کیوی – برای طعم ترش و تازه","کیوی برای طعم ترش و تازه","1","1366",""
"درَژه شکلاتی – برای تزیین و شیرینی","درَژه شکلاتی  و شیرینی","1","1366",""
"نان تست – پایه کاناپه","نان تست پایه کاناپه","1","1366",""
"سیب‌زمینی – ایجاد بافت حجیم و سیرکننده","سیب‌زمینی ایجاد بافت حجیم و سیرکننده","1","1366",""
"هویج – رنگ و شیرینی ملایم","هویج رنگ و شیرینی ملایم","1","1366",""
"زیتون سیاه – طعم شور و تزیین","زیتون سیاه طعم شور و تزیین","1","1366",""
"سس قرمز – طعم ملایم و کمی شیرین","سس قرمز طعم ملایم و  شیرین","1","1366",""
"سس خردل – عمق طعمی تند و ترش","سس خردل عمق طعمی تند و ترش","1","1366",""
"پودر ژله پرتقالی – تضاد شیرین و ژله‌ای","پودر ژله پرتقالی تضاد شیرین و ژله‌ای","1","1366",""
"موز – شیرینی نرم و کرمی","موز شیرینی نرم و کرمی","1","1366",""
"شکلات – برای جزئیات نهایی و تزیین","شکلات برای جزئیات نهایی و تزیین","1","1366",""
"پودر سوخاری یا پانکو – ۲ قاشق غذاخوری","پودر سوخاری یا پانکو","1","1149",""
"شیر – ۱/۵ پیمانه (به‌علاوه ۱/۲ پیمانه برای سس)","شیر / (به‌علاوه / پیمانه برای سس)","1","1149",""
"جعفری خردشده – ۲ قاشق غذاخوری (تقسیم‌شده)","جعفری خردشده (تقسیم‌شده)","1","1149",""
"۱ کیلوگرم بادنجان","کیلو بادنجان","1","414",""
"۱ قاشق چای‌خوری پودر لیمو عمانی","قاشق چای‌خوری پودر لیمو عمانی","1","414",""
"۳ عدد سیب‌زمینی متوسط، نگینی خرد شده","سیب‌زمینی متوسط نگینی خرد شده","1","423",""
"۲ فنجان پیاز سرخ کرده","فنجان پیاز سرخ کرده","1","423",""
"۵ برش پنیر موزارلا","برش پنیر موزارلا","1","423",""
"۲ فنجان لوبیا پخته","فنجان لوبیا پخته","1","423",""
"115 گرم کلم بروکلی، بصورت گلچه‌های کوچک","کلم بروکلی بصورت گلچه‌های کوچک","1","79",""
"300 میلی‌لیتر شیر آماده","میلی‌ شیر آماده","1","79",""
"50 گرم تالیاتلی","تالیاتلی","1","79",""
"نخودفرنگی کنسروی","نخودفرنگی کنسروی","1","570",""
"ماهیچه گوسفندی (اختیاری)","ماهیچه گوسفندی (اختیاری)","1","570",""
"۱ پیمانه برگ اسفناج تازه، شسته و بدون ساقه","برگ اسفناج تازه شسته و بدون ساقه","1","1386",""
"½ پیمانه پنیر ریکوتا","½ پنیر ریکوتا","1","1386",""
"¼ پیمانه پنیر پارمزان رنده‌شده","¼ پنیر پارمزان رنده‌شده","1","1386",""
"½ پیمانه پنیر خامه‌ای نرم‌شده","½ پنیر خامه‌ای نرم‌شده","1","1386",""
"رنده پوست لیمو ترش، برای تزیین","رنده پوست لیمو ترش","1","1386",""
"۱ عدد سیب‌زمینی متوسط، پوست‌کنده و نازک برش‌خورده","سیب‌زمینی متوسط پوست‌کنده و نازک برش‌خورده","1","1408",""
"⅓ پیمانه آرد گندم","⅓ آرد گندم","1","1408",""
"روغن مایع بدون بو برای سرخ کردن (مانند روغن کانولا یا آفتابگردان)","روغن مایع بدون بو برای سرخ کردن (مانند روغن کانولا یا آفتابگردان)","1","1408",""
"۲۵ گرم کره (حدود ۲ قاشق غذاخوری)","گرم کره (حدود )","1","571",""
"۱ قوطی نخودفرنگی کنسروی","قوطی نخودفرنگی کنسروی","1","1389",""
"کدوی متوسط حلقه شده - 3 عدد","کدوی متوسط حلقه شده","1","81",""
"هویج حلقه شده - 1 عدد","هویج حلقه شده","1","81",""
"فلفل دلمه‌ای سبز خلال شده - 1 عدد","فلفل دلمه‌ای سبز خلال شده","1","81",""
"ادویه کاری - 1 قاشق چای‌خوری","ادویه کاری قاشق چای‌خوری","1","81",""
"آبلیمو - چند قطره","آبلیمو چند قطره","1","81",""
"فیله مرغ خرد شده","فیله مرغ خرد شده","1","81",""
"شیر - 1 و نیم پیمانه","شیر و نیم","1","81",""
"آرد - 1 و نیم قاشق غذاخوری","آرد و نیم","1","81",""
"۶ عدد بادنجان","بادنجان","1","413",""
"سالاد الویه (به سبک ایرانی با سیب‌زمینی، مرغ و سبزیجات)","سالاد الویه (به سبک ایرانی با سیب‌زمینی مرغ و سبزیجات)","1","728",""
"ماهی پخته، برش‌خورده","ماهی پخته برش‌خورده","1","728",""
"پیاز خرد شده: ۵ عدد","پیاز خرد شده:","1","88",""
"ادویه مخلوط: ۱ قاشق چایخوری","ادویه مخلوط:","1","88",""
"پودر فلفل قرمز: ۱ قاشق چایخوری","پودر فلفل قرمز:","1","88",""
"زیره نرم شده: ۱/۲ قاشق چایخوری","زیره نرم شده: /","1","88",""
"مکعب عصاره مرغ (ماگی): ۱ عدد","مکعب عصاره مرغ (ماگی):","1","88",""
"گوجه فرنگی خرد شده: ۲ عدد","گوجه فرنگی خرد شده:","1","88",""
"سس کچاپ: ۱ قاشق غذاخوری","سس کچاپ:","1","88",""
"آب: ۱۵۰ میلی لیتر","آب: میلی","1","88",""
"پنیر چدار رنده شده: ۱/۲ لیوان","پنیر چدار رنده شده: /","1","88",""
"اسپاگتی پخته و آبکش شده: ۱۵۰ گرم","اسپاگتی پخته و آبکش شده:","1","88",""
"تخم مرغ زده شده: ۲ عدد","تخم مرغ زده شده:","1","88",""
"۵۰۰ گرم میگو پاک شده","میگو پاک شده","1","387",""
"۵۰۰ گرم سبزی‌های معطر (گشنیز، شنبلیله، و شوید)","سبزی‌های معطر (گشنیز شنبلیله و شوید)","1","387",""
"۱ بوته سیر بزرگ","بوته سیر بزرگ","1","387",""
"۱ قاشق چای‌خوری ادویه‌جات (مثل ادویه مخلوط ایرانی)","قاشق چای‌خوری ادویه‌جات (مثل ادویه مخلوط ایرانی)","1","387",""
"شوید خشک برای لایه‌بندی","شوید خشک برای لایه‌بندی","1","387",""
"۲ برش سوسیس (گوشت یا مرغ)","برش سوسیس (گوشت یا مرغ)","1","1406",""
"۱ قاشق غذاخوری هویج پخته، ریز خردشده","هویج پخته ریز خردشده","1","1406",""
"۱ قاشق غذاخوری سیب‌زمینی پخته، نگینی ریز","سیب‌زمینی پخته نگینی ریز","1","1406",""
"روغن یا کره، به مقدار لازم برای پخت","روغن یا کره  برای پخت","1","1406",""
"۱ پیمانه گندم پوست‌کنده","گندم پوست‌کنده","1","888",""
"۱/۲ پیمانه جو پوست‌کنده","/ جو پوست‌کنده","1","888",""
"۳ تا ۴ قاشق غذاخوری روغن زیتون","تا روغن زیتون","1","888",""
"سیر له‌شده یا ریز خردشده","سیر له‌شده یا ریز خردشده","1","1212",""
"گوجه‌فرنگی رسیده، پوست‌گرفته و خردشده","گوجه‌فرنگی رسیده پوست‌گرفته و خردشده","1","1212",""
"شش تخم‌مرغ آب‌پز","شش تخم‌مرغ آب‌پز","1","425",""
"یک‌چهارم فنجان سس مایونز","یک‌چهارم فنجان سس مایونز","1","425",""
"یک قاشق چایخوری خردل زرد","یک خردل زرد","1","425",""
"نصف مرغ","نصف مرغ","1","391",""
"۳۵۰ گرم ذرت کنسرو شده","ذرت کنسرو شده","1","427",""
"۱ قاشق چای‌خوری تخم گشنیز آسیاب شده","قاشق چای‌خوری تخم گشنیز آسیاب شده","1","427",""
"نیم قاشق چای‌خوری بیکینگ پودر","نیم قاشق چای‌خوری بیکینگ پودر","1","427",""
"۴۵۰ گرم لوبیای سفید","لوبیای سفید","1","1392",""
"نیم پیمانه سس مایونز یا سس فرانسوی","نیم سس مایونز یا سس فرانسوی","1","1392",""
"1/2 قاشق چای‌خوری زیره","/2 قاشق چای‌خوری زیره","1","198",""
"1/2 قاشق چای‌خوری ریحان خشک‌شده","/2 قاشق چای‌خوری ریحان خشک‌شده","1","198",""
"1/2 فنجان سس گوجه‌فرنگی","/2 فنجان سس گوجه‌فرنگی","1","198",""
"۱ عدد فلفل دلمه‌ای ورقه‌شده","فلفل دلمه‌ای ورقه‌شده","1","572",""
"۱ قوطی نخود کنسروی، آبکش‌شده","قوطی نخود کنسروی آبکش‌شده","1","572",""
"۱ پیمانه شیر مخلوط با ۱ قاشق غذاخوری نشاسته ذرت","شیر مخلوط با قاشق غذاخوری نشاسته ذرت","1","572",""
"۱ قاشق چای‌خوری سس فلفل","قاشق چای‌خوری سس فلفل","1","572",""
"نصف قاشق چای‌خوری سس تند","نصف قاشق چای‌خوری سس تند","1","572",""
"سه‌چهارم پیمانه پنیر پیتزای رنده‌شده","سه‌چهارم پنیر پیتزای رنده‌شده","1","572",""
"1 زرد فلفل دلمه‌ای","زرد فلفل دلمه‌ای","1","441",""
"1 سبز فلفل دلمه‌ای","سبز فلفل دلمه‌ای","1","441",""
"1 قرمز فلفل دلمه‌ای","قرمز فلفل دلمه‌ای","1","441",""
"1 فنجان پنیر سفید","فنجان پنیر سفید","1","441",""
"1 فنجان ماست کم‌چرب","فنجان ماست کم‌چرب","1","441",""
"1 فنجان ذرت پخته","فنجان ذرت پخته","1","441",""
"پودر بکینگ","پودر بکینگ","1","441",""
"۶ عدد تربچه، نازک حلقه‌شده","تربچه نازک حلقه‌شده","1","1393",""
"۱ قاشق چای‌خوری سس گوجه‌فرنگی","قاشق چای‌خوری سس گوجه‌فرنگی","1","1393",""
"½ قاشق چای‌خوری سس فلفل","½ قاشق چای‌خوری سس فلفل","1","1393",""
"۱/۲ فنجان رب گوجه‌فرنگی","/ فنجان رب گوجه‌فرنگی","1","54",""
"۱ و ۱/۲ فنجان آب مرغ","و / فنجان آب مرغ","1","54",""
"۱/۴ فنجان پنیر پارمزان","/ فنجان پنیر پارمزان","1","54",""
"آرتیشو","آرتیشو","1","446",""
"گوشت چرخ‌کرده (گوسفند یا گاو)","گوشت چرخ‌کرده (گوسفند یا گاو)","1","446",""
"سبزیجات تازه (جعفری، شوید، نعناع)","سبزیجات تازه (جعفری شوید نعناع)","1","446",""
"روغن‌زیتون","روغن‌زیتون","1","446",""
"آرد گندم کامل (سبوس‌دار) – ۲ پیمانه","آرد گندم کامل (سبوس‌دار)","1","912",""
"مایه خمیر خشک فعال – ۱ بسته","مایه خمیر خشک فعال","1","912",""
"پنیر موزارلا رنده‌شده – ۱ و ۱/۲ پیمانه","پنیر موزارلا رنده‌شده و /","1","912",""
"قارچ ورقه‌شده – ۱/۲ پیمانه","قارچ ورقه‌شده /","1","912",""
"فلفل دلمه‌ای ورقه‌شده – ۱/2 پیمانه","فلفل دلمه‌ای ورقه‌شده /2","1","912",""
"زیتون سیاه حلقه‌شده – ۱/۴ پیمانه","زیتون سیاه حلقه‌شده /","1","912",""
"پونه کوهی خشک – ۱ قاشق چای‌خوری","پونه کوهی خشک قاشق چای‌خوری","1","912",""
"ریحان خشک – ۱ قاشق چای‌خوری","ریحان خشک قاشق چای‌خوری","1","912",""
"۲۰۰ گرم فیله ماهی بدون پوست و استخوان","فیله ماهی بدون پوست و استخوان","1","886",""
"۳ قاشق غذاخوری روغن زیتون (برای سرخ کردن)","روغن زیتون (برای سرخ کردن)","1","886",""
"۱/۲ عدد پیاز، نازک خلالی","/ پیاز نازک خلالی","1","886",""
"۱ عدد فلفل قرمز تند، ریز خردشده","فلفل قرمز تند ریز خردشده","1","886",""
"۱۰ تا ۱۵ برگ ریحان تازه، خردشده","تا برگ ریحان تازه خردشده","1","886",""
"کله پاچه کامل یا ۱ زبان پخته","کله پاچه کامل یا زبان پخته","1","321",""
"۴ پاهای گوسفند","پاهای گوسفند","1","321",""
"150 گرم برگه زردآلو","برگه زردآلو","1","321",""
"یک قاشق غذاخوری سوسنمبر","یک سوسنمبر","1","321",""
"یک قاشق غذاخوری گلپر","یک گلپر","1","321",""
"قره قروت، به مقدار لازم","قره قروت","1","321",""
"یک فنجان آب کله پاچه","یک فنجان آب کله پاچه","1","321",""
"۱/۴ فنجان کره","/ فنجان کره","1","448",""
"۱/۴ فنجان آرد","/ فنجان آرد","1","448",""
"۱ فنجان پنیر محلی","فنجان پنیر محلی","1","448",""
"۱/۲ قاشق چای‌خوری بیکینگ پودر","/ قاشق چای‌خوری بیکینگ پودر","1","448",""
"۳ قاشق چای‌خوری پنیر پارمسان","قاشق چای‌خوری پنیر پارمسان","1","448",""
"۱/۴ فنجان پیازچه خرد شده","/ فنجان پیازچه خرد شده","1","448",""
"۶ عدد گوجه‌گیلاسی، نصف شده","گوجه‌گیلاسی نصف شده","1","448",""
"خاویار داخل شکم یک ماهی سفید","خاویار داخل شکم یک ماهی سفید","1","454",""
"200 گرم برگ سیر تازه","برگ سیر تازه","1","454",""
"برگ مو درشت","برگ مو درشت","1","458",""
"روغن زیتون - ۲ قاشق سوپ‌خوری","روغن زیتون قاشق سوپ‌خوری","1","458",""
"سیر - یک حبه رنده شده","سیر یک رنده شده","1","458",""
"گوجه‌فرنگی - ۲ عدد، نگینی خرد شده","گوجه‌فرنگی نگینی خرد شده","1","458",""
"نعناع تازه - ۱ قاشق سوپ‌خوری، خرد شده","نعناع تازه قاشق سوپ‌خوری خرد شده","1","458",""
"لیموترش بزرگ - حلقه حلقه شده","لیموترش بزرگ حلقه حلقه شده","1","458",""
"سرکه یا آبلیمو - ۲/۳ پیمانه","سرکه یا آبلیمو /","1","458",""
"نصف قرص عصاره سبزیجات","نصف قرص عصاره سبزیجات","1","458",""
"پیاز درشت – ۳ عدد، ریز خردشده","پیاز درشت ریز خردشده","1","575",""
"سیب‌زمینی متوسط – ۱ عدد، پوست‌کنده و خردشده","سیب‌زمینی متوسط پوست‌کنده و خردشده","1","575",""
"آب‌لیمو – به میزان دلخواه","آب‌لیمو به میزان","1","575",""
"۱ عدد کدوی سبز، رنده شده","کدوی سبز رنده شده","1","474",""
"۱ عدد سیب زمینی بزرگ، رنده شده","سیب زمینی بزرگ رنده شده","1","474",""
"نیم پیمانه روغن","نیم روغن","1","57",""
"یک چهارم پیمانه زعفران دم‌کشیده","یک چهارم زعفران دم‌کشیده","1","57",""
"یک چهارم پیمانه آب","یک چهارم آب","1","57",""
"سبزیجات مخلوط (اختیاری)","سبزیجات مخلوط (اختیاری)","1","57",""
"۲ عدد بال مرغ بدون پوست","بال مرغ بدون پوست","1","577",""
"۱ عدد فلفل قرمز تند کوچک","فلفل قرمز تند کوچک","1","577",""
"۱/۲ قاشق چای‌خوری گشنیز آسیاب‌شده","/ قاشق چای‌خوری گشنیز آسیاب‌شده","1","577",""
"۱/۲ پیمانه ذرت پخته یا کنسروی","/ ذرت پخته یا کنسروی","1","577",""
"۱ پیمانه چیپس ترتیلا","چیپس ترتیلا","1","577",""
"پنیر پیتزا: میزان دلخواه","پنیر پیتزا: میزان","1","93",""
"هویج: ۱ عدد","هویج:","1","93",""
"آب‌گوشت: دو سوم فنجان","آب‌گوشت: دو سوم فنجان","1","93",""
"آب‌جوش: ۲ لیتر","آب‌جوش:","1","93",""
"ساقه کرفس: ۲ عدد","ساقه کرفس:","1","93",""
"نمک: یک و نیم قاشق چایخوری","نمک: یک و نیم","1","93",""
"آب غوره نجوشانده: دو سوم پیمانه","آب غوره نجوشانده: دو سوم","1","93",""
"۱۷۵ گرم لوبیا چشم‌بلبلی خشک","لوبیا چشم‌بلبلی خشک","1","1391",""
"۱ عدد پیاز متوسط، پوست‌کنده و خردشده","پیاز متوسط پوست‌کنده و خردشده","1","1391",""
"۱ عدد هویج متوسط، پوست‌کنده و نگینی خردشده","هویج متوسط پوست‌کنده و نگینی خردشده","1","1391",""
"۲۲۵ گرم سوسیس، نگینی خردشده","سوسیس نگینی خردشده","1","1391",""
"۱ قاشق چای‌خوری ریحان تازه خردشده","قاشق چای‌خوری ریحان تازه خردشده","1","1391",""
"½ قاشق چای‌خوری نعناع تازه خردشده","½ قاشق چای‌خوری نعناع تازه خردشده","1","1391",""
"½ قاشق چای‌خوری سس تند","½ قاشق چای‌خوری سس تند","1","1391",""
"۱ کیلوگرم سیب‌زمینی","کیلو سیب‌زمینی","1","1400",""
"۱ عدد عصاره یا مکعب چاشنی ماگی","عصاره یا مکعب چاشنی ماگی","1","1400",""
"نیم پیمانه پنیر پیتزای رنده‌شده","نیم پنیر پیتزای رنده‌شده","1","1400",""
"1 عدد فلفل دلمه‌ای زرد، خرد شده","فلفل دلمه‌ای زرد خرد شده","1","71",""
"400 گرم گوجه‌فرنگی خرد شده (کنسروی یا تازه)","گوجه‌فرنگی خرد شده (کنسروی یا تازه)","1","71",""
"کدو سبز باریک – ۳ عدد","کدو سبز باریک","1","1394",""
"آلو برغانی – ۱۰۰ گرم","آلو برغانی","1","1394",""
"بادمجان متوسط، پوست‌کنده و خرد شده","بادمجان متوسط پوست‌کنده و خرد شده","1","96",""
"پیاز، درشت خرد شده","پیاز درشت خرد شده","1","96",""
"قارچ ورقه شده","قارچ ه شده","1","96",""
"یک‌چهارم قاشق چای‌خوری زنجبیل آسیاب شده","یک‌چهارم قاشق چای‌خوری زنجبیل آسیاب شده","1","96",""
"یک قاشق چای‌خوری گیاهان خشک ترکیبی، مانند اورگانو و رزماری","یک قاشق چای‌خوری گیاهان خشک ترکیبی مانند اورگانو و رزماری","1","96",""
"تقریباً ۱۲ ورق لازانیا","تقریباً لازانیا","1","96",""
"۲۵ گرم آرد یا دو قاشق غذاخوری پُر","گرم آرد یا دو پُر","1","96",""
"۱.۵ فنجان شیر",". فنجان شیر","1","96",""
"یک پنس جوز هندی رنده شده","یک پنس جوز هندی رنده شده","1","96",""
"گوشت (گوساله یا مرغ)، به مقدار دلخواه","گوشت (گوساله یا مرغ) به مقدار","1","579",""
"۳ عدد هویج متوسط، پوست‌گرفته و خردشده","هویج متوسط پوست‌گرفته و خردشده","1","579",""
"۱ و ½ پیمانه عدس، شسته‌شده","و ½ عدس شسته‌شده","1","579",""
"۶ پیمانه آب جوش یا آب مرغ/سبزیجات","آب جوش یا آب مرغ/سبزیجات","1","583",""
"⅓ پیمانه پاستای ریز (دیتالینی یا صدفی کوچک)","⅓ پاستای ریز (دیتالینی یا صدفی کوچک)","1","583",""
"۲ قاشق غذاخوری ریحان تازه خردشده (تقسیم‌شده)","ریحان تازه خردشده (تقسیم‌شده)","1","583",""
"۲ عدد پیاز متوسط (۱ عدد خردشده، ۱ عدد رنده‌شده)","پیاز متوسط ( عدد خردشده عدد رنده‌شده)","1","583",""
"¾ پیمانه پودر نان","¾ پودر نان","1","583",""
"پول‌بیبر یا فلفل قرمز پرک، به میزان لازم","پول‌بیبر یا فلفل قرمز پرک","1","583",""
"۵ ورق ژامبون یا گوشت فرآوری‌شده","ژامبون یا گوشت فرآوری‌شده","1","715",""
"۱۰۰ گرم پنیر صبحانه","پنیر صبحانه","1","715",""
"۱۰۰ گرم سبزی معطر تازه، بسیار ریز خردشده","سبزی معطر تازه بسیار ریز خردشده","1","715",""
"مخلوط سس مایونز و خامه، به مقدار لازم","مخلوط سس مایونز و خامه","1","715",""
"زیتون، گوجه گیلاسی و تربچه برای تزیین (اختیاری)","زیتون گوجه گیلاسی و تربچه  (اختیاری)","1","715",""
"۸ قاشق چای‌خوری کره، تقسیم‌شده","قاشق چای‌خوری کره تقسیم‌شده","1","1202",""
"۳ قاشق چای‌خوری آب","قاشق چای‌خوری آب","1","1202",""
"سبزیجات برگی تازه، برای سرو","سبزیجات برگی تازه برای سرو","1","1202",""
"۱ دسته گشنیز تازه، خرد شده","دسته گشنیز تازه خرد شده","1","295",""
"۱ دسته اسفناج تازه، خرد شده","دسته اسفناج تازه خرد شده","1","295",""
"۲.۵ فنجان آب یا آب سبزیجات",". فنجان آب یا آب سبزیجات","1","295",""
"۴۰۰ گرم سبزیجات تازه مخلوط (هویج، فلفل دلمه‌ای، بروکلی، کدو سبز)","سبزیجات تازه مخلوط (هویج فلفل دلمه‌ای بروکلی کدو سبز)","1","1390",""
"۱ قاشق چای‌خوری سیر ریز خردشده","قاشق چای‌خوری سیر ریز خردشده","1","1390",""
"نخود لوبیا","نخود لوبیا","1","487",""
"سبزیجات تازه (جعفری، شوید، گشنیز)","سبزیجات تازه (جعفری شوید گشنیز)","1","487",""
"ادویه‌جات (زردچوبه، زعفران، نمک، فلفل)","ادویه‌جات (زردچوبه زعفران نمک فلفل)","1","487",""
"۳۰۰ گرم گل‌کلم","گل‌کلم","1","1199",""
"۲ پیمانه سس سفید (بشامل خانگی یا آماده)","سس سفید (بشامل خانگی یا آماده)","1","1199",""
"۱ کیلوگرم هویج خلالی‌شده","کیلو هویج خلالی‌شده","1","882",""
"۱ عدد لیموی تازه، ورقه‌شده برای تزیین","لیموی تازه ورقه‌شده","1","882",""
"۴۰۰ گرم اسپاغتی","اسپاغتی","1","113",""
"۳ گوجه‌فرنگی، ورقه شده","گوجه‌فرنگی ه شده","1","113",""
"۳ تخم‌مرغ آب‌پز، ورقه شده","تخم‌مرغ آب‌پز ه شده","1","113",""
"برگ مریم گلی - به میزان لازم","برگ مریم گلی","1","395",""
"آبگوشت - ۴ پیمانه","آبگوشت","1","395",""
"فلفل هندی - ۱ قاشق چایخوری","فلفل هندی","1","395",""
"ادویه‌جات - ۰.۵ قاشق چایخوری","ادویه‌جات .","1","395",""
"کره یا روغن زیتون به مقدار لازم","کره یا روغن زیتون","1","1398",""
"۱ عدد فلفل دلمه‌ای سبز کوچک، ریز خردشده","فلفل دلمه‌ای سبز کوچک ریز خردشده","1","1398",""
"جعفری تازه خردشده (اختیاری)","جعفری تازه خردشده (اختیاری)","1","1398",""
"نشاسته ذرت (اختیاری، مقدار خیلی کم)","نشاسته ذرت (اختیاری مقدار خیلی کم)","1","1398",""
"1 قاشق غذاخوری آویشن خشک یا پودر اورگانو","آویشن خشک یا پودر اورگانو","1","74",""
"۳ عدد کدوی متوسط، شسته و پوست‌گرفته","کدوی متوسط شسته و پوست‌گرفته","1","1383",""
"۱۵۰ گرم مخلوط سویا و گوشت چرخ‌کرده","مخلوط سویا و گوشت چرخ‌کرده","1","1383",""
"ماست، به میزان دلخواه برای سرو","ماست به میزان  برای سرو","1","1383",""
"روغن، مقدار کم برای سرخ کردن","روغن مقدار کم برای سرخ کردن","1","1383",""
"قارچ تازه، شسته و ورقه‌ای شده","قارچ تازه شسته و ه‌ای شده","1","584",""
"آبِ مرغ یا آبِ سبزیجات","آبِ مرغ یا آبِ سبزیجات","1","584",""
"جعفری تازه، ساطوری شده","جعفری تازه ساطوری شده","1","584",""
"کلم ریز خلالی","کلم ریز خلالی","1","1376",""
"سبزیجات معطر مخلوط","سبزیجات معطر مخلوط","1","1376",""
"پنیر مکعبی خردشده","پنیر مکعبی خردشده","1","1376",""
"کره یا گھی","کره یا گھی","1","296",""
"آب گل سرخ","آب گل سرخ","1","296",""
"بادام خلال‌شده","بادام خلال‌شده","1","296",""
"خلال پوست پرتقال","خلال پوست پرتقال","1","296",""
"۱ کیلوگرم خیار، شسته و درشت خردشده","کیلو خیار شسته و درشت خردشده","1","590",""
"۴ عدد عصاره مرغ (قرص عصاره)","عصاره مرغ (قرص عصاره)","1","590",""
"۵۰۰ گرم ماست صاف‌شده","ماست صاف‌شده","1","590",""
"۵ تا ۶ عدد کدو سبز کوچک، پوست‌گرفته","تا کدو سبز کوچک پوست‌گرفته","1","1401",""
"دارچین آسیاب‌شده، نوک قاشق","دارچین آسیاب‌شده نوک قاشق","1","1401",""
"۱/۲ پیمانه جو پوست‌کنده (حدود ۱۰۰ گرم)","/ جو پوست‌کنده (حدود گرم)","1","592",""
"۵ تا ۶ پیمانه آبِ گوشت یا سبزیجات بدون چربی","تا آبِ گوشت یا سبزیجات بدون چربی","1","592",""
"۲ تا ۳ قاشق غذاخوری هویج رنده‌شده","تا هویج رنده‌شده","1","592",""
"۲ پیمانه سس سفید غلیظ","سس سفید غلیظ","1","592",""
"۲ عدد بادمجان بزرگ، از طول ورقه‌شده","بادمجان بزرگ از طول ورقه‌شده","1","1384",""
"۳ حبه سیر، له یا ریز خردشده","سیر له یا ریز خردشده","1","1384",""
"۱ عدد فلفل دلمه‌ای قرمز، کبابی، پوست‌گرفته و خردشده","فلفل دلمه‌ای قرمز کبابی پوست‌گرفته و خردشده","1","1384",""
"۱۵۰ گرم پنیر موزارلا، ورقه‌شده","پنیر موزارلا ورقه‌شده","1","1384",""
"1 کیلوگرم مخلوط سبزیجات (تره، جعفری، گشنیز، شوید)","کیلو مخلوط سبزیجات (تره جعفری گشنیز شوید)","1","119",""
"1/2 فنجان گرد غوره","/2 فنجان گرد غوره","1","119",""
"۱ عدد گل کلم بزرگ","گل کلم بزرگ","1","116",""
"پیازچه خردشده (یا چایوز)، به مقدار لازم","پیازچه خردشده (یا چایوز)","1","593",""
"۲۲۵ گرم گوشت گوساله پخته، نازک برش‌خورده","گوشت گوساله پخته نازک برش‌خورده","1","593",""
"۱ ساقه سیر تازه، خرد شده","ساقه سیر تازه خرد شده","1","121",""
"کشمش به میزان دلخواه","کشمش به میزان","1","121",""
"خرما به میزان دلخواه","خرما به میزان","1","121",""
"۲ عدد سیب‌زمینی، خرد شده","سیب‌زمینی خرد شده","1","121",""
"۵۰ گرم آرد همه‌ منظوره","آرد همه‌ منظوره","1","248",""
"۱۰۰ گرم پنیر رنده شده (مانند پارمزان یا چدار)","پنیر رنده شده (مانند پارمزان یا چدار)","1","248",""
"کمی جوز هندی (اختیاری)","جوز هندی (اختیاری)","1","248",""
"۲۵۰ گرم قارچ، برش خورده","قارچ برش خورده","1","248",""
"کنسرو نخود فرنگی و ذرت، اختیاری","کنسرو نخود فرنگی و ذرت اختیاری","1","248",""
"۱۰۰ گرم پنیر کشدار","پنیر کشدار","1","1378",""
"۱ قاشق غذاخوری روغن (برای تفت دادن)","روغن (برای تفت دادن)","1","1378",""
"۲ قاشق غذاخوری روغن (برای چرب کردن ظرف)","روغن (برای چرب کردن ظرف)","1","1378",""
"۴ عدد ران مرغ بدون پوست و استخوان","ران مرغ بدون پوست و استخوان","1","595",""
"۲۵ گرم برنج (حدود ۲ قاشق غذاخوری)","گرم برنج (حدود )","1","595",""
"برنج باسمتی","برنج باسمتی","1","311",""
"گوشت بره یا گاو - اختیاری","گوشت بره یا گاو اختیاری","1","311",""
"برنج باسماتی دانه‌بلند","برنج باسماتی دانه‌بلند","1","708",""
"رشته پلویی یا اسپاگتی نازک خردشده","رشته پلویی یا اسپاگتی نازک خردشده","1","708",""
"قیسی خلال‌شده","قیسی خلال‌شده","1","708",""
"۲۵۰ گرم پیاز کوچک سفید","پیاز کوچک سفید","1","398",""
"۵۰۰ گرم گوشت چرخ کرده گوسفند یا گاو","گوشت چرخ کرده گوسفند یا گاو","1","489",""
"۱ قاشق چای‌خوری پودر زردچوبه","قاشق چای‌خوری پودر زردچوبه","1","489",""
"۱ قاشق چای‌خوری پودر زیره سبز","قاشق چای‌خوری پودر زیره سبز","1","489",""
"۱/۴ فنجان جعفری تازه، خرد شده","/ فنجان جعفری تازه خرد شده","1","489",""
"۱/۴ فنجان گشنیز تازه، خرد شده","/ فنجان گشنیز تازه خرد شده","1","489",""
"۱ قاشق غذاخوری ارده","ارده","1","1402",""
"۱/۲ پیمانه موسیر، ریز خردشده","/ موسیر ریز خردشده","1","1374",""
"۲ قاشق غذاخوری کره بادام‌زمینی","کره بادام‌زمینی","1","1374",""
"برنج خیس‌ کرده - دو پیمانه","برنج خیس‌ کرده دو","1","125",""
"بلغور گندم - یک پیمانه","بلغور گندم یک","1","125",""
"پیازداغ - دو قاشق سوپخوری","پیازداغ دو قاشق سوپخوری","1","125",""
"کنسرو تُن ماهی، آبکش‌شده","کنسرو تُن ماهی آبکش‌شده","1","1377",""
"ذرت شیرین دانه‌شده، آبکش‌شده","ذرت شیرین دانه‌شده آبکش‌شده","1","1377",""
"نان تست سفید یا سبوس‌دار","نان تست سفید یا سبوس‌دار","1","1377",""
"گوجه‌گیلاسی، نصف‌شده","گوجه‌گیلاسی نصف‌شده","1","1377",""
"۴۰۰ گرم لوبیا سبز، سر و ته گرفته","لوبیا سبز سر و ته گرفته","1","1382",""
"۱۵۰ گرم کالباس یا ژامبون خردشده","کالباس یا ژامبون خردشده","1","1382",""
"نودل یا پاستا – ۴۵۰ گرم","نودل یا پاستا","1","1187",""
"ذرت کنسروی آبکش‌شده – ۱ و نیم پیمانه","ذرت کنسروی آبکش‌شده و نیم","1","1187",""
"زیتون خردشده – ½ پیمانه","زیتون خردشده ½","1","1187",""
"۵۰۰ گرم عدس، پاک‌شده و شسته","عدس پاک‌شده و شسته","1","597",""
"۱ عدد پیاز بزرگ، خلالی نازک و سرخ‌شده","پیاز بزرگ خلالی نازک و سرخ‌شده","1","597",""
"۲ حبه سیر، رنده‌شده ریز","سیر رنده‌شده ریز","1","597",""
"۱ فنجان کوچک روغن زیتون بدون بو","فنجان کوچک روغن زیتون بدون بو","1","597",""
"آرد سفید — ۲۲۵ گرم","آرد سفید —","1","1375",""
"آرد گندم کامل — ۸۰ گرم","آرد گندم کامل —","1","1375",""
"نمک — ۱ قاشق چای‌خوری","نمک — قاشق چای‌خوری","1","1375",""
"روغن زیتون — ۱ قاشق غذاخوری","روغن زیتون —","1","1375",""
"آب ولرم — ۱۸۰ میلی‌لیتر","آب ولرم — میلی‌","1","1375",""
"روغن زیتون (برای فیلینگ) — ۱ قاشق غذاخوری","روغن زیتون (برای فیلینگ) —","1","1375",""
"پیاز ریز خردشده — ۱۵۰ گرم","پیاز ریز خردشده —","1","1375",""
"سیر له‌شده — ۲ حبه","سیر له‌شده —","1","1375",""
"دانهٔ زیره — ۱ قاشق چای‌خوری","دانهٔ زیره — قاشق چای‌خوری","1","1375",""
"گَرام ماسالا — ۱ قاشق چای‌خوری","گَرام ماسالا — قاشق چای‌خوری","1","1375",""
"دانهٔ خردل — ۱/۲ قاشق چای‌خوری","دانهٔ خردل — / قاشق چای‌خوری","1","1375",""
"زردچوبه — ۱/۲ قاشق چای‌خوری","زردچوبه — / قاشق چای‌خوری","1","1375",""
"عدس قرمز — ۱۰۰ گرم","عدس قرمز —","1","1375",""
"آب مرغ — ۵۰۰ میلی‌لیتر","آب مرغ — میلی‌","1","1375",""
"اسفناج خردشده — ۲۵۰ گرم","اسفناج خردشده —","1","1375",""
"۱ قاشق چای‌خوری پونه کوهی یا آویشن خشک","قاشق چای‌خوری پونه کوهی یا آویشن خشک","1","933",""
"۵۰۰ گرم اسفناج و گشنیز، پاک شده، شسته و خرد شده","اسفناج و گشنیز پاک شده شسته و خرد شده","1","126",""
"۵۰۰ گرم استخوان مرغ، بال و گردن (برای تهیه آب مرغ)","استخوان مرغ بال و گردن (برای تهیه آب مرغ)","1","126",""
"۶ برش ژامبون، خردشده","برش ژامبون خردشده","1","1373",""
"2 فنجان گوجه‌ فرنگی خرد شده","فنجان گوجه‌ فرنگی خرد شده","1","84",""
"1/2 فنجان زیتون بدون هسته","/2 فنجان زیتون بدون هسته","1","84",""
"1/4 فنجان پنیر چرب","/4 فنجان پنیر چرب","1","84",""
"۱ قوطی تن ماهی در روغن، آبکش و ریش‌ریش شده (روغن آن نگه داشته شود)","قوطی تن ماهی در روغن آبکش و ریش‌ریش شده (روغن آن نگه داشته شود)","1","1407",""
"۳ عدد سیب‌زمینی، خلالی خردشده","سیب‌زمینی خلالی خردشده","1","1407",""
"نمک، فلفل سیاه، زردچوبه، ادویه مخلوط و زعفران به میزان لازم","نمک فلفل سیاه زردچوبه ادویه مخلوط و زعفران","1","1407",""
"مخلوط نخودفرنگی، ذرت و هویج کنسروی (کاملاً آبکش‌شده)","مخلوط نخودفرنگی ذرت و هویج کنسروی (کاملاً آبکش‌شده)","1","935",""
"۱ قوطی ذرت کنسروی، آبکش‌شده","قوطی ذرت کنسروی آبکش‌شده","1","1410",""
"مایونز (اختیاری، به میزان دلخواه)","مایونز (اختیاری به میزان )","1","1410",""
"۷۰ گرم پنیر گودا، رنده‌شده‌ی ریز","پنیر گودا رنده‌شده‌ی ریز","1","599",""
"۴۰۰ گرم ژامبون برش‌خورده","ژامبون برش‌خورده","1","490",""
"روغن سرخ کردنی","روغن سرخ کردنی","1","490",""
"350 گرم نودل با طعم گوشت","نودل با طعم گوشت","1","47",""
"150 گرم سویا خیس خورده","سویا خیس خورده","1","47",""
"5–6 عدد فلفل سبز قلمی","6 فلفل سبز قلمی","1","47",""
"مقداری کره و آبلیمو برای قارچ","کره و آبلیمو برای قارچ","1","47",""
"۱ کیلوگرم پیازچه (با ساقه سبز)","کیلو پیازچه (با ساقه سبز)","1","500",""
"۲-۳ حبه سیر تازه","سیر تازه","1","500",""
"گل‌برگ‌های گل محمدی","گل‌برگ‌های گل محمدی","1","500",""
"زرشک (به میزان دلخواه)","زرشک (به میزان )","1","500",""
"گردو (به میزان دلخواه)","گردو (به میزان )","1","500",""
"2 پیمانه لوبیا چشم بلبلی پخته شده","لوبیا چشم بلبلی پخته شده","1","301",""
"ادویه‌جات، نمک و فلفل به میزان لازم","ادویه‌جات نمک و فلفل","1","301",""
"۲ عدد تره‌فرنگی، فقط قسمت سفید و سبز روشن، نازک حلقه‌شده","تره‌فرنگی فقط قسمت سفید و سبز روشن نازک حلقه‌شده","1","605",""
"۱ عدد کدو حلوایی متوسط، پوست‌گرفته، تخم‌گیری و خردشده","کدو حلوایی متوسط پوست‌گرفته تخم‌گیری و خردشده","1","605",""
"خامه یا ماست، برای سرو (اختیاری)","خامه یا ماست برای سرو (اختیاری)","1","605",""
"2 قاشق سوپخوری پنیر چدار رنده شده","قاشق سوپخوری پنیر چدار رنده شده","1","506",""
"1 عدد تخم‌مرغ درشت کمی زده شده","تخم‌مرغ درشت  زده شده","1","506",""
"۶۰۰ گرم سینه مرغ، خرد شده در اندازه لقمه‌ای","سینه مرغ خرد شده در اندازه لقمه‌ای","1","1294",""
"۴۰۰ گرم گوجه‌فرنگی کنسروی خرد شده","گوجه‌فرنگی کنسروی خرد شده","1","1294",""
"۱۰۰ گرم زیتون سبز بدون هسته، حلقه‌ای شده","زیتون سبز بدون هسته حلقه‌ای شده","1","1294",""
"۱۰۰ گرم زیتون سیاه بدون هسته، حلقه‌ای شده","زیتون سیاه بدون هسته حلقه‌ای شده","1","1294",""
"۶۰۰ گرم سیب‌زمینی پخته، رنده‌شده","سیب‌زمینی پخته رنده‌شده","1","1372",""
"۱۰۰ گرم پیاز، بسیار ریز خردشده","پیاز بسیار ریز خردشده","1","1372",""
"جوز هندی تازه رنده‌شده، نوک قاشق","جوز هندی تازه رنده‌شده نوک قاشق","1","1372",""
"۱۰ گرم رشته سوپی یا ماکارونی ریز","رشته سوپی یا ماکارونی ریز","1","611",""
"آب‌لیمو تازه یا چند قطره آب نارنج، به میزان لازم","آب‌لیمو تازه یا چند قطره آب نارنج","1","611",""
"۱ لیوان باقلا زرد","باقلا زرد","1","129",""
"نیم لیوان زعفران دم کرده","نیم زعفران دم کرده","1","129",""
"۱ قاشق سوپخوری دانه خردل","قاشق سوپخوری دانه خردل","1","509",""
"۵۰ گرم سبزیجات تازه مثل شوید و جعفری","سبزیجات تازه مثل شوید و جعفری","1","509",""
"۱۰۰ گرم مرغ با پوست","مرغ با پوست","1","609",""
"½ پیمانه برنج","½ برنج","1","609",""
"⅓ پیمانه جعفری خردشده","⅓ جعفری خردشده","1","609",""
"ران گوشت (گوساله یا گوسفند) – ۱ کیلوگرم","ران گوشت (گوساله یا گوسفند) کیلو","1","1178",""
"سیر پوست‌کنده – ۱ بوته","سیر پوست‌کنده بوته","1","1178",""
"سبزی معطر تازه (جعفری، کرفس، ترخون، نعناع) خردشده – ۱۰۰ گرم","سبزی معطر تازه (جعفری کرفس ترخون نعناع) خردشده","1","1178",""
"آب – ۱٫۵ لیوان","آب ٫","1","1178",""
"سرنگ بزرگ آشپزی – ۱ عدد","سرنگ بزرگ آشپزی","1","1178",""
"نخ مخصوص آشپزی – حدود ۵۰ سانتی‌متر","نخ مخصوص آشپزی حدود سانتی‌متر","1","1178",""
"زعفران سائیده","زعفران سائیده","1","302",""
"۱ و نیم قاشق چای‌خوری خمیرمایه خشک","و نیم قاشق چای‌خوری خمیرمایه خشک","1","612",""
"۱ قاشق غذاخوری شوید خشک","شوید خشک","1","612",""
"کنجد یا سیاه‌دانه برای تزیین","کنجد یا سیاه‌دانه","1","612",""
"برگ‌های کلم","برگ‌های کلم","1","472",""
"گوشت چرخ کرده یا بره","گوشت چرخ کرده یا بره","1","472",""
"سبزیجات تازه مثل جعفری، نعنا و شوید","سبزیجات تازه مثل جعفری نعنا و شوید","1","472",""
"۷۵ میلی‌لیتر روغن زیتون (حدود ۵ قاشق غذاخوری)","میلی‌لیتر روغن زیتون (حدود )","1","613",""
"۴۰۰ گرم نخودفرنگی (حدود ۳ و نیم پیمانه)","گرم نخودفرنگی (حدود و نیم )","1","613",""
"۲۵ گرم برگ ریحان تازه، خردشده","برگ ریحان تازه خردشده","1","613",""
"۵۰۰ گرم برگ اسفناج تازه، شسته و خرد شده","برگ اسفناج تازه شسته و خرد شده","1","209",""
"۲۰۰ گرم پنیر فتا، خرد شده","پنیر فتا خرد شده","1","209",""
"۲ تخم مرغ بزرگ، کمی زده شده","تخم مرغ بزرگ  زده شده","1","209",""
"۱ ورق خمیر پف، یخ زدایی شده","خمیر پف یخ زدایی شده","1","209",""
"۱ تخم مرغ بزرگ، برای رومال زدن","تخم مرغ بزرگ برای رومال زدن","1","209",""
"کنجد، برای تزئین","کنجد برای تزئین","1","209",""
"ادویه جات اختیاری","ادویه جات اختیاری","1","133",""
"۱ کیلوگرم سیب‌زمینی، پوست‌کنده","کیلو سیب‌زمینی پوست‌کنده","1","1369",""
"۳ عدد بادمجان، نگینی خردشده","بادمجان نگینی خردشده","1","1412",""
"۴ پیمانه برنج سفید پخته","برنج سفید پخته","1","1412",""
"نصف پیمانه ذرت","نصف ذرت","1","135",""
"نصف پیمانه هویج خرد و آب‌پز شده","نصف هویج خرد و آب‌پز شده","1","135",""
"نصف پیمانه آب‌مرغ","نصف آب‌مرغ","1","135",""
"یک قاشق سوپ‌خوری زعفران آب‌کرده","یک قاشق سوپ‌خوری زعفران آب‌کرده","1","135",""
"آرد سفید - 3 قاشق غذا خوری","آرد سفید قاشق غذا خوری","1","525",""
"آبلیمو - 6 قاشق غذا خوری","آبلیمو قاشق غذا خوری","1","525",""
"نمک و فلفل - به مقدار کافی","نمک و فلفل به مقدار کافی","1","525",""
"جعفری خرد شده - 1 قاشق غذا خوری (دلخواه)","جعفری خرد شده قاشق غذا خوری ()","1","525",""
"دو قاشق چای‌خوری مرزنجوش خشک","دو قاشق چای‌خوری مرزنجوش خشک","1","89",""
"یک بسته نودل لازانیا","یک نودل لازانیا","1","89",""
"نصف پیمانه پنیر موزارلا (اختیاری)","نصف پنیر موزارلا (اختیاری)","1","89",""
"نیم قاشق چای‌خوری نمک","نیم قاشق چای‌خوری نمک","1","137",""
"نیم قاشق چای‌خوری فلفل","نیم قاشق چای‌خوری فلفل","1","137",""
"خرده نان باگت به مقدار ۱ عدد نان (خیسانده)","خرده نان باگت به مقدار نان (خیسانده)","1","1169",""
"۱ تکه کوچک زنجبیل تازه، رنده‌شده","تکه کوچک زنجبیل تازه رنده‌شده","1","1169",""
"۱.۵ لیتر آبِ مرغ (یا آبِ سبزیجات برای نسخه گیاهی)",". آبِ مرغ (یا آبِ سبزیجات برای نسخه گیاهی)","1","566",""
"۱ عدد تره‌فرنگی","تره‌فرنگی","1","566",""
"۱ و ½ پیمانه لوبیا چشم‌بلبلی","و ½ لوبیا چشم‌بلبلی","1","1416",""
"۱ پیمانه سویا گرانول","سویا گرانول","1","1416",""
"⅓ قاشق چای‌خوری دارچین","⅓ قاشق چای‌خوری دارچین","1","1416",""
"۳۰۰ گرم قارچ، رنده‌شده ریز","قارچ رنده‌شده ریز","1","618",""
"آبگوشت (گوشت یا مرغ)","آبگوشت (گوشت یا مرغ)","1","1354",""
"نیم کیلوگرم گوجه متوسط، خرد شده","نیم کیلو گوجه متوسط خرد شده","1","143",""
"۴ عدد سیب‌زمینی متوسط، خرد شده","سیب‌زمینی متوسط خرد شده","1","143",""
"زعفران به مقدار کم، حل شده در آب گرم","زعفران به مقدار کم حل شده در آب","1","143",""
"۱ پیمانه یارما","یارما","1","138",""
"۲ عدد هویج کوچک، خرد شده","هویج کوچک خرد شده","1","138",""
"۲ عدد سیب‌زمینی کوچک، خرد شده","سیب‌زمینی کوچک خرد شده","1","138",""
"گوشت کبک: 3 عدد","گوشت کبک:","1","402",""
"پوست نارنج: 3 فنجان","پوست نارنج: فنجان","1","402",""
"زیره: 2 قاشق سوپخوری","زیره: قاشق سوپخوری","1","402",""
"زعفران: 1 قاشق مربا خوری","زعفران: قاشق مربا خوری","1","402",""
"پیاز: 1-2 عدد","پیاز: 2","1","402",""
"شکر: 1 فنجان","شکر: فنجان","1","402",""
"۴ عدد بادمجان، پوست‌کنده و خردشده","بادمجان پوست‌کنده و خردشده","1","518",""
"یک تکه زنجبیل تازه، رنده‌شده","یک تکه زنجبیل تازه رنده‌شده","1","518",""
"۲ عدد گوجه‌فرنگی، پوره‌شده","گوجه‌فرنگی پوره‌شده","1","518",""
"اختیاری: قارچ خردشده","اختیاری: قارچ خردشده","1","518",""
"۱/۲ پیمانه هویج پخته و نگینی خردشده","/ هویج پخته و نگینی خردشده","1","701",""
"۱ پیمانه پرتقال خردشده یا پره‌شده","پرتقال خردشده یا پره‌شده","1","701",""
"۱ قاشق غذاخوری سس چیلی","سس چیلی","1","619",""
"۱٫۵ لیتر آبِ گوشت گاو","٫ آبِ گوشت گاو","1","619",""
"۳۰۰ گرم لوبیای قرمز پخته","لوبیای قرمز پخته","1","619",""
"۲ عدد پیازچه، ریز خردشده (برای کوفته‌ها)","پیازچه ریز خردشده (برای کوفته‌ها)","1","619",""
"۱/۲ پیمانه پودر سوخاری سفید","/ پودر سوخاری سفید","1","619",""
"۱ قاشق چای‌خوری چاشنی دلخواه","قاشق چای‌خوری چاشنی","1","619",""
"۱ قاشق غذاخوری روغن زیتون (برای سرخ کردن کوفته‌ها)","روغن زیتون (برای سرخ کردن کوفته‌ها)","1","619",""
"سبزیجات مخلوط مانند هویج، نخود فرنگی و سیب زمینی","سبزیجات مخلوط مانند هویج نخود فرنگی و سیب زمینی","1","517",""
"پاستای شکل دار 100 گرم","پاستای شکل دار","1","527",""
"لوبیای سبز 200 گرم","لوبیای سبز","1","527",""
"لوبیا قرمز نصف لیوان","لوبیا قرمز نصف","1","527",""
"رب گوجه فرنگی 2 قاشق غذا خوری","رب گوجه فرنگی قاشق غذا خوری","1","527",""
"جعفری 2 قاشق غذا خوری","جعفری قاشق غذا خوری","1","527",""
"ادویه کاری","ادویه کاری","1","310",""
"۱ عدد سیب‌زمینی متوسط، آب‌پز و خرد شده","سیب‌زمینی متوسط آب‌پز و خرد شده","1","310",""
"۱ پیمانه نخود خیسانده","نخود خیسانده","1","140",""
"۵۰۰ گرم گوشت خرد شده","گوشت خرد شده","1","140",""
"آسپرگوس نازک شده","آسپرگوس نازک شده","1","140",""
"۲ کیلوگرم استخوان گاو خردشده","کیلو استخوان گاو خردشده","1","620",""
"نصف یک پیاز کوچک","نصف یک پیاز کوچک","1","620",""
"۲ هویج متوسط خردشده","هویج متوسط خردشده","1","620",""
"۱ ساقه تره‌فرنگی حلقه‌شده","ساقه تره‌فرنگی حلقه‌شده","1","620",""
"۱ قوطی بادمجان کنسروی، آبکش‌شده","قوطی بادمجان کنسروی آبکش‌شده","1","1367",""
"۱ قاشق چای‌خوری سیر تازه، ریز یا له‌شده","قاشق چای‌خوری سیر تازه ریز یا له‌شده","1","1367",""
"سبزی خشک (مانند نعناع یا آویشن) برای تزیین","سبزی خشک (مانند نعناع یا آویشن)","1","1367",""
"۲ عدد پیاز سفید کوچک، برش زده شده","پیاز سفید کوچک برش زده شده","1","519",""
"۱ کیلوگرم کدو سبز، برش زده شده","کیلو کدو سبز برش زده شده","1","519",""
"۱.۵ لیتر (۶ فنجان) آب مرغ",". ( فنجان) آب مرغ","1","519",""
"۱/۴ پیمانه برنج شکسته","/ برنج شکسته","1","519",""
"۲ عدد گوجه‌فرنگی رسیده، رنده‌شده","گوجه‌فرنگی رسیده رنده‌شده","1","1417",""
"۱ قوطی تن ماهی، آبکش و ریش‌ریش‌شده","قوطی تن ماهی آبکش و ریش‌ریش‌شده","1","1417",""
"نوک قاشق چای‌خوری ادویه مخلوط","نوک قاشق چای‌خوری ادویه مخلوط","1","1417",""
"نوک قاشق چای‌خوری فلفل قرمز","نوک قاشق چای‌خوری فلفل قرمز","1","1417",""
"۳ کیلوگرم گوجه‌فرنگی تازه","کیلو گوجه‌فرنگی تازه","1","313",""
"۷۵۰ گرم گوشت بدون استخوان","گوشت بدون استخوان","1","313",""
"چند برگ اسفناج","چند برگ اسفناج","1","50",""
"چند برگ کاهو","چند برگ کاهو","1","50",""
"یک فنجان برنج","یک فنجان برنج","1","144",""
"یک و نیم فنجان آب مرغ","یک و نیم فنجان آب مرغ","1","144",""
"نصف فلفل دلمه سبز خرد شده","نصف فلفل دلمه سبز خرد شده","1","144",""
"یک عدد فلفل تازه خرد شده","یک فلفل تازه خرد شده","1","144",""
"یک عدد گوجه‌فرنگی خرد شده","یک گوجه‌فرنگی خرد شده","1","144",""
"نصف فنجان گشنیز تازه خرد شده","نصف فنجان گشنیز تازه خرد شده","1","144",""
"۱.۲ کیلوگرم گوشت بره، خردشده به قطعات ۲ تا ۳ سانتی‌متری",". کیلو گوشت بره خردشده به قطعات تا سانتی‌متری","1","1160",""
"۲۵۰ گرم لوبیا سبز، خردشده در قطعات درشت","لوبیا سبز خردشده در قطعات درشت","1","1160",""
"۲ عدد کدو سبز کوچک، حلقه‌ای خردشده","کدو سبز کوچک حلقه‌ای خردشده","1","1160",""
"۲ عدد فلفل دلمه‌ای، درشت خردشده","فلفل دلمه‌ای درشت خردشده","1","1160",""
"۳ عدد گوجه‌فرنگی، درشت خردشده","گوجه‌فرنگی درشت خردشده","1","1160",""
"۲ تا ۳ عدد پیاز متوسط، خلالی خردشده","تا پیاز متوسط خلالی خردشده","1","1160",""
"نمک، فلفل سیاه و فلفل قرمز به میزان لازم","نمک فلفل سیاه و فلفل قرمز","1","1160",""
"۱ و ½ پیمانه نخودفرنگی پخته","و ½ نخودفرنگی پخته","1","1430",""
"روغن زیتون: یک قاشق سوپخوری","روغن زیتون: یک قاشق سوپخوری","1","95",""
"پیاز: یک عدد","پیاز: یک","1","95",""
"سیر: یک حبه","سیر: یک","1","95",""
"پنیر: ۱۰۰ گرم","پنیر:","1","95",""
"جعفری: مقداری","جعفری:","1","95",""
"۱ عدد ماهی سفید گوشتی کامل (مانند سی‌بَس یا تیلاپیا)، تمیز شده","ماهی سفید گوشتی کامل (مانند سی‌بَس یا تیلاپیا) تمیز شده","1","1344",""
"سبزی معطر تازه (شوید، جعفری یا گشنیز)","سبزی معطر تازه (شوید جعفری یا گشنیز)","1","1344",""
"گوشت راسته گوسفندی به همراه دنده - 0.5 کیلوگرم","گوشت راسته گوسفندی به همراه دنده کیلو","1","146",""
"فلفل سیاه و قرمز - به میزان لازم","فلفل سیاه و قرمز","1","146",""
"۱۰۰۰ گرم والک","والک","1","359",""
"سوسیس: ۵۰۰ گرم","سوسیس:","1","99",""
"قارچ ورقه شده: ۱۵۰ گرم","قارچ ورقه شده:","1","99",""
"زیتون سبز ورقه شده: ۱۰۰ گرم","زیتون سبز ورقه شده:","1","99",""
"پوست لیمو رنده شده: ۱ قاشق سوپخوری","پوست لیمو رنده شده: قاشق سوپخوری","1","99",""
"آب لیمو: ۱ قاشق غذاخوری","آب لیمو:","1","99",""
"جعفری تازه خرد شده: ۲ قاشق غذاخوری","جعفری تازه خرد شده:","1","99",""
"خامه: ۳۰۰ میلی‌لیتر","خامه: میلی‌","1","99",""
"۲۰۰ گرم ورمیشل","ورمیشل","1","621",""
"۲ قاشق غذاخوری خامه یا آب‌لیمو","خامه یا آب‌لیمو","1","621",""
"روغن، نمک و فلفل به مقدار لازم","روغن نمک و فلفل","1","621",""
"۱ دسته کوچک پیازچه خرد شده","دسته کوچک پیازچه خرد شده","1","532",""
"۱/۳ فنجان آب سرد","/ فنجان آب سرد","1","532",""
"برنج: یک کیلوگرم","برنج: یک کیلو","1","346",""
"مرغ: متوسط یک عدد","مرغ: متوسط یک","1","346",""
"ماست: ۷۵۰ گرم","ماست:","1","346",""
"زرده تخم‌مرغ: چهار عدد","زرده تخم‌مرغ: چهار","1","346",""
"زعفران ساییده: دو قاشق چایخوری","زعفران ساییده: دو","1","346",""
"نمک و ادویه: به مقدار مورد نیاز","نمک و ادویه: به مقدار مورد نیاز","1","346",""
"۲ عدد سیب‌زمینی بزرگ، پوست‌گرفته و برش‌خورده به شکل چیپس","سیب‌زمینی بزرگ پوست‌گرفته و برش‌خورده به شکل چیپس","1","1419",""
"۲۵۰ گرم سالامی، خردشده","سالامی خردشده","1","1419",""
"پنیر موزارلا، به میزان دلخواه","پنیر موزارلا به میزان","1","1419",""
"۹۰۰ گرم کدو حلوایی، پوست‌گرفته و مکعبی خردشده","کدو حلوایی پوست‌گرفته و مکعبی خردشده","1","559",""
"۱ عدد ماهیچه گوسفندی با استخوان","ماهیچه گوسفندی با استخوان","1","883",""
"۱ عدد سینه مرغ با استخوان","سینه مرغ با استخوان","1","883",""
"نصف پیمانه آب زعفران","نصف آب زعفران","1","883",""
"آب، نمک و فلفل سیاه به میزان لازم","آب نمک و فلفل سیاه","1","883",""
"نخودفرنگی برای تزیین و طعم ملایم","نخودفرنگی  و طعم ملایم","1","883",""
"برگه زردآلو خشک","برگه زردآلو خشک","1","883",""
"کلم قرمز، نازک خلالی","کلم قرمز نازک خلالی","1","883",""
"سیب‌زمینی پخته یا آب‌پز","سیب‌زمینی پخته یا آب‌پز","1","883",""
"۲ عدد تره‌فرنگی، نازک حلقه‌شده","تره‌فرنگی نازک حلقه‌شده","1","573",""
"۲ عدد کدو سبز، ریز خردشده","کدو سبز ریز خردشده","1","573",""
"۱ کیلوگرم گوجه‌فرنگی، خردشده","کیلو گوجه‌فرنگی خردشده","1","573",""
"۴۰۰ گرم نخود پخته یا کنسروی، آبکش‌شده","نخود پخته یا کنسروی آبکش‌شده","1","573",""
"۲۲۵ گرم اسفناج، خردشده","اسفناج خردشده","1","573",""
"۲۵ گرم پنیر پارمزان، ورقه‌ای نازک","پنیر پارمزان ورقه‌ای نازک","1","573",""
"نصف پیمانه فلفل دلمه‌ای","نصف فلفل دلمه‌ای","1","149",""
"۱ دست کله پاچه یا ۱ زبان گوسفند","دست کله پاچه یا زبان گوسفند","1","151",""
"۴ عدد پاچه گوسفند یا پاچه کنسروی","پاچه گوسفند یا پاچه کنسروی","1","151",""
"۱۵۰ گرم زردآلو خشک","زردآلو خشک","1","151",""
"۱ قاشق غذاخوری پولیو","پولیو","1","151",""
"۱ قاشق غذاخوری پودر گلپر","پودر گلپر","1","151",""
"۱ فنجان آبگوشت کله","فنجان آبگوشت کله","1","151",""
"۴ عدد فلفل دلمه‌ای سبز درشت","فلفل دلمه‌ای سبز درشت","1","1336",""
"روغن زیتون، به مقدار لازم برای روی غذا","روغن زیتون  برای روی غذا","1","1336",""
"۵۰۰ گرم هویج، خلالی بسیار نازک","هویج خلالی بسیار نازک","1","628",""
"۲ عدد توت‌فرنگی، ریز خردشده","توت‌فرنگی ریز خردشده","1","628",""
"۵۰۰ گرم شلغم، خلالی","شلغم خلالی","1","628",""
"کلم سفید، نازک برش‌خورده","کلم سفید نازک برش‌خورده","1","628",""
"۱ بوته کاهو، خردشده","بوته کاهو خردشده","1","628",""
"شکر، یک پنس کوچک","شکر یک پنس کوچک","1","628",""
"استاک گوشت گاو به مقدار لازم","استاک گوشت گاو","1","628",""
"دانه فلفل سیاه تازه – ۲ قاشق غذاخوری، درشت کوبیده‌شده","دانه فلفل سیاه تازه درشت کوبیده‌شده","1","1154",""
"استیک گوشت گاو – ۲ عدد (هرکدام حدود ۲۵۰ گرم)","استیک گوشت گاو عدد (هرکدام حدود )","1","1154",""
"روغن زیتون – ۲ قاشق چای‌خوری","روغن زیتون قاشق چای‌خوری","1","1154",""
"آب استاک گوشت – ۳ قاشق غذاخوری","آب استاک گوشت","1","1154",""
"آب‌لیمو تازه – ½ قاشق غذاخوری","آب‌لیمو تازه ½","1","1154",""
"گوشت: 300 گرم","گوشت:","1","101",""
"خامه: دو سوم پیمانه","خامه: دو سوم","1","101",""
"فلفل: نصف قاشق چایخوری","فلفل: نصف","1","101",""
"جعفری: به مقدار کم","جعفری: به مقدار کم","1","101",""
"۱ عدد پیاز سفید کوچک، ریز خردشده","پیاز سفید کوچک ریز خردشده","1","629",""
"½ قاشق غذاخوری کرفس خردشده","½ کرفس خردشده","1","629",""
"۳ پیمانه روغن بادام‌زمینی","روغن بادام‌زمینی","1","629",""
"بادام‌زمینی برشته و بدون نمک، خردشده (برای تزیین)","بادام‌زمینی برشته و بدون نمک خردشده ()","1","629",""
"⅓ قاشق غذاخوری نمک کرفس","⅓ نمک کرفس","1","629",""
"۳ تا ۴ هویج خلال شده","تا هویج خلال شده","1","153",""
"۱ فنجان پیاز داغ","فنجان پیاز داغ","1","153",""
"ادویه‌ها شامل دارچین، زیره سیاه، زیره سبز، فلفل، زردچوبه و دانه‌های گشنیز به مقدار لازم","ادویه‌ها شامل دارچین زیره سیاه زیره سبز فلفل زردچوبه و دانه‌های گشنیز","1","153",""
"۲ حبه سیر بزرگ، ریز خردشده","سیر بزرگ ریز خردشده","1","578",""
"برگ کرفس تازه، برای تزیین","برگ کرفس تازه","1","578",""
"½ قاشق غذاخوری نمک","½ نمک","1","1153",""
"¼ پیمانه جعفری خردشده","¼ جعفری خردشده","1","1153",""
"½ قاشق چای‌خوری پودر سیر و آویشن","½ قاشق چای‌خوری پودر سیر و آویشن","1","1153",""
"½ پیمانه فلفل دلمه‌ای خردشده","½ فلفل دلمه‌ای خردشده","1","1153",""
"1 عدد هویج پخته، نگینی","هویج پخته نگینی","1","1153",""
"1 عدد سیب‌زمینی متوسط پخته، نگینی","سیب‌زمینی متوسط پخته نگینی","1","1153",""
"1 کیلو فیله مرغ پخته شده","کیلو فیله مرغ پخته شده","1","148",""
"1/4 لیوان گلاب","/4 گلاب","1","148",""
"1/2 لیوان شربت یا شهد مربای خلال پرتغال","/2 شربت یا شهد مربای خلال پرتغال","1","148",""
"300 گرم خلال پرتغال شیرین شده","خلال پرتغال شیرین شده","1","148",""
"برنج - ۳ فنجان (۶۰۰ گرم)","برنج فنجان ( )","1","154",""
"آب - ۳ فنجان (۶۰۰ میلی‌لیتر)","آب فنجان ( میلی‌)","1","154",""
"نمک یا به میزان دلخواه - ۱/۵ قاشق چای‌خوری","نمک یا به میزان  / قاشق چای‌خوری","1","154",""
"آب گوجه‌فرنگی - ۱/۵ فنجان (۳۰۰ میلی‌لیتر)","آب گوجه‌فرنگی / فنجان ( میلی‌)","1","154",""
"سیب‌زمینی خلال ریز شده - ۱/۵ فنجان (از یک سیب‌زمینی بزرگ)","سیب‌زمینی خلال ریز شده / فنجان (از یک سیب‌زمینی بزرگ)","1","154",""
"عصاره گوشت یا آب گوشت - ۲ مکعب یا ۳ فنجان","عصاره گوشت یا آب گوشت مکعب یا فنجان","1","154",""
"ادویه‌جات: دارچین، نمک، زعفران","ادویه‌جات: دارچین نمک زعفران","1","156",""
"کالباس یا سوسیس ورقه‌شده","کالباس یا سوسیس ه‌شده","1","1388",""
"فلفل تند تازه - ۱ عدد","فلفل تند تازه","1","155",""
"لیمو ترش تازه - ۱ عدد","لیمو ترش تازه","1","155",""
"فلفل دلمه رنگی - ۲ قاشق غذاخوری خرد شده","فلفل دلمه رنگی خرد شده","1","155",""
"دانه ذرت شیرین","دانه ذرت شیرین","1","582",""
"۲۵۰ گرم فیله گوساله پاک‌شده","فیله گوساله پاک‌شده","1","1146",""
"۴۰ گرم زیتون سبز یا سیاه","زیتون سبز یا سیاه","1","1146",""
"کمی روغن اضافی در صورت نیاز","روغن اضافی در صورت نیاز","1","1146",""
"آبِ استخوان – ۱ گالن","آبِ استخوان گالن","1","630",""
"پیاز – ۵ کیلوگرم، ریز خردشده","پیاز کیلو ریز خردشده","1","630",""
"کلم – ۵ کیلوگرم، نازک خلال‌شده","کلم کیلو نازک خلال‌شده","1","630",""
"چغندر – ۵۰۰ گرم، پوست‌گرفته و رنده یا ریز خردشده","چغندر پوست‌گرفته و رنده یا ریز خردشده","1","630",""
"آبِ چغندر – ۳ پیمانه","آبِ چغندر","1","630",""
"خامه ترش – به میزان دلخواه، برای سرو","خامه ترش به میزان  برای سرو","1","630",""
"1/2 کیلوگرم نخود","/2 کیلو نخود","1","478",""
"1 پیمانه گشنیز خرد شده","گشنیز خرد شده","1","478",""
"1 قاشق غذاخوری گشنیز آسیاب شده","گشنیز آسیاب شده","1","478",""
"1 قاشق چای‌خوری بیکینگ پودر","قاشق چای‌خوری بیکینگ پودر","1","478",""
"۵ عدد سیب‌زمینی، آب‌پز و پوست‌کنده","سیب‌زمینی آب‌پز و پوست‌کنده","1","1143",""
"نصف قاشق چای‌خوری پودر سیر","نصف قاشق چای‌خوری پودر سیر","1","1143",""
"۱ پیمانه پودر نان","پودر نان","1","869",""
"۱/۲ پیمانه مارگارین ذوب‌شده","/ مارگارین ذوب‌شده","1","869",""
"۱ و ۱/۲ پیمانه بادام‌زمینی بو داده و آسیاب‌شده","و / بادام‌زمینی بو داده و آسیاب‌شده","1","869",""
"۲ قاشق غذاخوری زنجبیل خرد یا له‌شده","زنجبیل خرد یا له‌شده","1","869",""
"۱ قاشق چای‌خوری تمر هندی","قاشق چای‌خوری تمر هندی","1","869",""
"۵۰۰ گرم برنج نیم‌پز","برنج نیم‌پز","1","158",""
"۳۰۰ گرم ماست چکیده ترش","ماست چکیده ترش","1","158",""
"مرغ یا گوشت پخته، اختیاری","مرغ یا گوشت پخته اختیاری","1","158",""
"۳۰۰ گرم اسفناج پخته","اسفناج پخته","1","158",""
"۱ قاشق غذاخوری شیر هموژنیزه سرد","شیر هموژنیزه سرد","1","1331",""
"۲٫۵ قاشق غذاخوری شکر","٫ شکر","1","1331",""
"¼ پیمانه گلاب","¼ گلاب","1","1331",""
"۱ عدد فلفل چیلی","فلفل چیلی","1","632",""
"۰٫۴ قاشق چای‌خوری فلفل سفید","٫ قاشق چای‌خوری فلفل سفید","1","632",""
"۱ پیمانه ذرت زرد پخته","ذرت زرد پخته","1","632",""
"۴ برگ کلم قرمز برای تزیین","برگ کلم قرمز","1","632",""
"۱ عدد موسیر کامل","موسیر کامل","1","1423",""
"۱ برگ کاغذ روغنی","برگ کاغذ روغنی","1","1423",""
"نیم کیلو برنج","نیم کیلو برنج","1","180",""
"۱ عدد فلفل دلمه","فلفل دلمه","1","180",""
"۱ عدد پیاز، درشت رنده‌شده","پیاز درشت رنده‌شده","1","1192",""
"۱.۵ پیمانه خرده نان باگت",". خرده نان باگت","1","1192",""
"نمک، فلفل سیاه و پودر کاری به مقدار لازم","نمک فلفل سیاه و پودر کاری","1","1192",""
"روغن مایع بدون بو (مانند کانولا) برای سرخ کردن","روغن مایع بدون بو (مانند کانولا) برای سرخ کردن","1","1192",""
"کمی آرد برای پوشاندن کلوچه‌ها","آرد برای پوشاندن کلوچه‌ها","1","1192",""
"۲۰۰ گرم یا ۱ پیمانه برنج","گرم یا برنج","1","171",""
"۱/۴ قاشق چایخوری زعفران ساییده","/ زعفران ساییده","1","171",""
"فیله گوساله (تورندو)، حدود ۱۲ مدالیون کوچک و گرد","فیله گوساله (تورندو) حدود مدالیون کوچک و گرد","1","1188",""
"کره یا روغن زیتون، به مقدار لازم برای سرخ کردن","کره یا روغن زیتون  برای سرخ کردن","1","1188",""
"قارچ دکمه‌ای سفید، ورقه‌شده","قارچ دکمه‌ای سفید ه‌شده","1","1188",""
"برگ آویشن تازه","برگ آویشن تازه","1","1188",""
"یک عدد فلفل دلمه ای کوچک قرمز","یک فلفل دلمه ای کوچک قرمز","1","41",""
"یک عدد فلفل دلمه ای کوچک سبز","یک فلفل دلمه ای کوچک سبز","1","41",""
"نصف فلفل دلمه ای زرد","نصف فلفل دلمه ای زرد","1","41",""
"یک فنجان قارچ","یک فنجان قارچ","1","41",""
"یک فنجان کدو حلوایی خرد شده","یک فنجان کدو حلوایی خرد شده","1","41",""
"یک فنجان کدو سبز خرد شده","یک فنجان کدو سبز خرد شده","1","41",""
"یک حبه سیر","یک سیر","1","41",""
"سه عدد گوجه فرنگی خرد شده","سه گوجه فرنگی خرد شده","1","41",""
"یک چهارم فنجان پنیر پارمسان","یک چهارم فنجان پنیر پارمسان","1","41",""
"زعفران خشک - ۱ قاشق چایخوری","زعفران خشک","1","163",""
"۱ کیلوگرم سردست گوسفندی، خردشده","کیلو سردست گوسفندی خردشده","1","992",""
"۲ قاشق چای‌خوری ادویه کاری","قاشق چای‌خوری ادویه کاری","1","1396",""
"روغن زیتون (به میزان لازم برای سرخ کردن سطحی)","روغن زیتون ( برای سرخ کردن سطحی)","1","1396",""
"۱ قاشق چای‌خوری کچاپ تند","قاشق چای‌خوری کچاپ تند","1","1396",""
"پنیر پیتزای رنده‌شده (اختیاری، برای سرو)","پنیر پیتزای رنده‌شده (اختیاری برای سرو)","1","1396",""
"۱ عدد بادمجان متوسط، خردشده به مکعب‌های ۲.۵ سانتی‌متری","بادمجان متوسط خردشده به مکعب‌های . سانتی‌متری","1","692",""
"¼ قاشق چای‌خوری زنجبیل آسیاب‌شده","¼ قاشق چای‌خوری زنجبیل آسیاب‌شده","1","692",""
"۱ قاشق چای‌خوری مخلوط سبزی خشک (پونه کوهی و رزماری)","قاشق چای‌خوری مخلوط سبزی خشک (پونه کوهی و رزماری)","1","692",""
"حدود ۱۲ ورق لازانیا","حدود لازانیا","1","692",""
"۲۵ گرم (حدود ۲ قاشق غذاخوری) آرد سفید","گرم (حدود ) آرد سفید","1","692",""
"1 عدد کلم سفید کامل","کلم سفید کامل","1","633",""
"2 عدد هویج، پوست‌کنده و حلقه‌ای","هویج پوست‌کنده و حلقه‌ای","1","633",""
"250 گرم گوشت گوساله، خردشده درشت","گوشت گوساله خردشده درشت","1","633",""
"نان سرخ‌شده در کره، برای تزیین","نان سرخ‌شده در کره","1","633",""
"زردچوبه – مقدار کم","زردچوبه مقدار کم","1","1426",""
"½ پیمانه آب مرغ","½ آب مرغ","1","598",""
"۱ و ۱/۲ پیمانه برنج آربوریو","و / برنج آربوریو","1","1465",""
"۴ پیمانه آب مرغ یا آب سبزیجات، گرم","آب مرغ یا آب سبزیجات گرم","1","1465",""
"۱/۲ پیمانه شراب سفید خشک","/ شراب سفید خشک","1","1465",""
"۲ قاشق غذاخوری کره بدون نمک (تقسیم‌شده)","کره بدون نمک (تقسیم‌شده)","1","1465",""
"۱/۲ قاشق چای‌خوری رشته زعفران","/ قاشق چای‌خوری رشته زعفران","1","1465",""
"۴ عدد سیب‌زمینی بزرگ (حدود ۱۰۰۰ گرم)، پوست‌گرفته و خردشده","عدد سیب‌زمینی بزرگ (حدود ) پوست‌گرفته و خردشده","1","1330",""
"۱/۲ پیمانه شیر هموژنیزه","/ شیر هموژنیزه","1","1330",""
"۲ عدد سیب‌زمینی بزرگ، پوست‌کنده و نازک برش‌خورده","سیب‌زمینی بزرگ پوست‌کنده و نازک برش‌خورده","1","1333",""
"۱ قاشق غذاخوری کره یا روغن، به‌همراه مقداری بیشتر برای چرب‌کردن قالب","کره یا روغن به‌همراه  بیشتر برای چرب‌کردن قالب","1","1405",""
"۱ عدد پیاز کوچک، رنده‌شده (فقط آب پیاز)","پیاز کوچک رنده‌شده (فقط آب پیاز)","1","1405",""
"ارده (Tahini) – ۲ قاشق غذاخوری","ارده (Tahini)","1","1428",""
"پودر سیر – ۱ قاشق چای‌خوری","پودر سیر قاشق چای‌خوری","1","1428",""
"۱ عدد فیله کامل گوشت خوک بدون استخوان (حدود ۲٫۵ تا ۳ کیلوگرم)","عدد فیله کامل گوشت خوک بدون استخوان (حدود ٫ تا کیلو)","1","1521",""
"۲ قاشق غذاخوری دانه رازیانه","دانه رازیانه","1","1521",""
"¼ پیمانه رزماری تازه خردشده","¼ رزماری تازه خردشده","1","1521",""
"¼ پیمانه مریم‌گلی تازه خردشده","¼ مریم‌گلی تازه خردشده","1","1521",""
"نخ مخصوص آشپزی","نخ مخصوص آشپزی","1","1521",""
"سویا (پروتئین گیاهی بافت‌دار)","سویا (پروتئین گیاهی بافت‌دار)","1","1433",""
"پودر زعفران","پودر زعفران","1","1433",""
"۲۰ گرم ماکارونی ریز (مانند سوپی)","ماکارونی ریز (مانند سوپی)","1","602",""
"۱ دسته پیازچه، ریز خردشده","دسته پیازچه ریز خردشده","1","602",""
"۲۰۰ گرم راسته یا ران گوساله، نازک برش‌خورده","راسته یا ران گوساله نازک برش‌خورده","1","602",""
"پاستای سوپی","پاستای سوپی","1","616",""
"۱/۴ پیمانه شوید تازه خردشده یا ۱ قاشق غذاخوری شوید خشک","/ شوید تازه خردشده یا قاشق غذاخوری شوید خشک","1","616",""
"۵۰۰ گرم زردآلو، شسته، نصف‌شده و هسته‌گرفته","زردآلو شسته نصف‌شده و هسته‌گرفته","1","1327",""
"۲۵۰ گرم گوشت گوسفند یا گاو، مکعبی","گوشت گوسفند یا گاو مکعبی","1","358",""
"۱ کیلوگرم بادمجان، ورقه‌ای","کیلو بادمجان ورقه‌ای","1","358",""
"۱ عدد مرغ کامل (حدود ۱.۵ کیلوگرم)، خردشده به ۸ تکه با پوست","عدد مرغ کامل (حدود . کیلو) خردشده به تکه با پوست","1","860",""
"۲ قاشق غذاخوری ادویه مرغ سوخاری (از ترکیب زیر)","ادویه مرغ سوخاری (از ترکیب زیر)","1","860",""
"آب یخ، به مقدار لازم","آب یخ","1","860",""
"ترکیب ادویه مرغ سوخاری: ۱ قاشق غذاخوری پودر گشنیز، ۱ قاشق غذاخوری پودر فلفل قرمز، ۱ قاشق غذاخوری پودر سیر، ۱ قاشق غذاخوری پودر فلفل سیاه، ۱ قاشق چای‌خوری پودر زنجبیل، ۱ قاشق چای‌خوری لیموعمانی پودرشده (یا نمک لیمویی)، ۱ قاشق چای‌خوری پودر فلفل سفید، ۲ قاشق غذاخوری نمک","ترکیب ادویه مرغ سوخاری: پودر گشنیز قاشق غذاخوری پودر فلفل قرمز قاشق غذاخوری پودر سیر قاشق غذاخوری پودر فلفل سیاه قاشق چای‌خوری پودر زنجبیل قاشق چای‌خوری لیموعمانی پودرشده (یا نمک لیمویی) قاشق چای‌خوری پودر فلفل سفید قاشق غذاخوری نمک","1","860",""
"۱ پیمانه جو (از شب قبل خیس‌خورده)","جو (از شب قبل خیس‌خورده)","1","604",""
"۲ پیمانه کلم، ریز خردشده","کلم ریز خردشده","1","604",""
"۱ پیمانه گشنیز خردشده و فشرده","گشنیز خردشده و فشرده","1","604",""
"نخود پخته یا کنسروی – ۲ پیمانه (آبکش‌شده)","نخود پخته یا کنسروی (آبکش‌شده)","1","662",""
"پودر فلفل قرمز – ½ قاشق چای‌خوری","پودر فلفل قرمز ½ قاشق چای‌خوری","1","662",""
"پودر زیره – ½ قاشق چای‌خوری","پودر زیره ½ قاشق چای‌خوری","1","662",""
"پودر زردچوبه – ½ قاشق چای‌خوری","پودر زردچوبه ½ قاشق چای‌خوری","1","662",""
"1/2 پیمانه فلفل دلمه‌ای","/2 فلفل دلمه‌ای","1","319",""
"کنجد بو داده به میزان لازم","کنجد بو داده","1","319",""
"۲ کیلوگرم باقالی سبز تازه، پوست دوم گرفته‌شده","کیلو باقالی سبز تازه پوست دوم گرفته‌شده","1","638",""
"۲ تا ۳ قاشق غذاخوری کرفس خردشده","تا کرفس خردشده","1","638",""
"۱ عدد سیب، پوست‌کنده و خردشده","سیب پوست‌کنده و خردشده","1","634",""
"نارگیل تازه یا خشک، به میزان لازم","نارگیل تازه یا خشک","1","634",""
"۵۰۰ گرم سیب‌زمینی، پوست‌کنده","سیب‌زمینی پوست‌کنده","1","644",""
"جوز هندی آسیاب‌شده، یک پنس","جوز هندی آسیاب‌شده یک پنس","1","644",""
"تره یا چایوز تازه خردشده، برای تزیین","تره یا چایوز تازه خردشده","1","644",""
"1 قاشق چای‌خوری بکینگ پودر","قاشق چای‌خوری بکینگ پودر","1","480",""
"روغن، جهت سرخ‌کردن","روغن جهت سرخ‌کردن","1","480",""
"۵۰۰ گرم میگوی تازه، پاک‌شده و رگ‌گیری‌شده","میگوی تازه پاک‌شده و رگ‌گیری‌شده","1","893",""
"۱ قاشق چای‌خوری هل سبز آسیاب‌شده","قاشق چای‌خوری هل سبز آسیاب‌شده","1","893",""
"۱/۲ قاشق چای‌خوری میخک آسیاب‌شده","/ قاشق چای‌خوری میخک آسیاب‌شده","1","893",""
"۵۰۰ گرم مارچوبه، پاک‌شده و خردشده","مارچوبه پاک‌شده و خردشده","1","639",""
"۳ پیمانه شیر پرچرب (هموژنیزه)","شیر پرچرب (هموژنیزه)","1","639",""
"۱۵۰ گرم سبزیجات خرد شده: تره، جعفری، گشنیز، شوید","سبزیجات خرد شده: تره جعفری گشنیز شوید","1","320",""
"۴ قاشق غذاخوری زعفران آبکرده","زعفران آبکرده","1","320",""
"۷۵ گرم خرما، خردشده","خرما خردشده","1","1321",""
"۱ عدد موز رسیده، له‌شده","موز رسیده له‌شده","1","1321",""
"پودر قند، برای تزیین","پودر قند","1","1321",""
"نمک به مقدار دلخواه","نمک به مقدار","1","111",""
"خمیر پاستا","خمیر پاستا","1","111",""
"آرد برای آردپاشی","آرد برای آردپاشی","1","111",""
"۲۵۰ گرم دنبه","دنبه","1","406",""
"نیم پیمانه ماست چکیده بدون چربی","نیم ماست چکیده بدون چربی","1","406",""
"۸ عدد ران مرغ بدون استخوان","ران مرغ بدون استخوان","1","1319",""
"۲۰۰ گرم قارچ، ریز رنده یا خلالی بسیار نازک","قارچ ریز رنده یا خلالی بسیار نازک","1","1319",""
"۲ ساقه پیازچه، نازک حلقه‌شده","ساقه پیازچه نازک حلقه‌شده","1","1319",""
"½ قاشق چای‌خوری پودر زعفران","½ قاشق چای‌خوری پودر زعفران","1","1319",""
"فویل آلومینیومی، برای پیچیدن","فویل آلومینیومی برای پیچیدن","1","1319",""
"۵۰ گرم کرفس رنده شده","کرفس رنده شده","1","540",""
"۵۰ گرم قارچ رنده شده","قارچ رنده شده","1","540",""
"۳ عدد نان تست سرخ شده","نان تست سرخ شده","1","540",""
"۲ لیتر استاک مرغ","استاک مرغ","1","540",""
"۲ تا ۳ قاشق غذاخوری خامه (اختیاری)","تا خامه (اختیاری)","1","642",""
"نان تست مکعبی برشته (کروتان)، برای سرو","نان تست مکعبی برشته (کروتان) برای سرو","1","642",""
"خمیر کانلونی: ۵۰۰ گرم","خمیر کانلونی:","1","112",""
"گوشت مغز ران گوساله: ۷۵۰ گرم","گوشت مغز ران گوساله:","1","112",""
"پیاز داغ عسلی: ۲.۵ قاشق سوپخوری","پیاز داغ عسلی: . قاشق سوپخوری","1","112",""
"فلفل سبز: ۱۰۰ گرم","فلفل سبز:","1","112",""
"آرد سفید: ۱ قاشق سوپخوری","آرد سفید: قاشق سوپخوری","1","112",""
"رب گوجه‌فرنگی: ۲ قاشق سوپخوری","رب گوجه‌فرنگی: قاشق سوپخوری","1","112",""
"۵ پیمانه آب مرغ یا گوشت","آب مرغ یا گوشت","1","167",""
"۱٫۵ پیمانه برنج","٫ برنج","1","167",""
"۱ پیمانه سبزیجات خردشده (مانند فلفل دلمه‌ای، پیاز، اسفناج)","سبزیجات خردشده (مانند فلفل دلمه‌ای پیاز اسفناج)","1","1472",""
"۱ پیمانه پنیر رنده‌شده (مانند موزارلا یا چدار)","پنیر رنده‌شده (مانند موزارلا یا چدار)","1","1472",""
"۱/۲ پیمانه گوشت پخته خردشده (مانند ژامبون، بیکن یا سوسیس) – اختیاری","/ گوشت پخته خردشده (مانند ژامبون بیکن یا سوسیس) اختیاری","1","1472",""
"سبزی تازه (مانند جعفری یا ریحان) برای تزیین – اختیاری","سبزی تازه (مانند جعفری یا ریحان)  اختیاری","1","1472",""
"۵۰۰ گرم چغاله بادام تازه","چغاله بادام تازه","1","1125",""
"۵۰۰ تا ۷۰۰ گرم گوشت خورشتی (گوسفند یا گوساله)، خردشده","تا گوشت خورشتی (گوسفند یا گوساله) خردشده","1","1125",""
"نصف پیمانه آب‌لیمو یا آبغوره (به میزان دلخواه)","نصف آب‌لیمو یا آبغوره (به میزان )","1","1125",""
"۱۰۰ گرم کره سرد، خردشده","کره سرد خردشده","1","854",""
"۲ قاشق غذاخوری روغن جامد (حدود ۴۰ گرم)","روغن جامد (حدود گرم)","1","854",""
"۱ عدد زرده تخم‌مرغ (به‌علاوه کمی برای رومال)","زرده تخم‌مرغ (به‌علاوه  برای رومال)","1","854",""
"۳۵۰ گرم گوشت مرغ، مکعبی خردشده","گوشت مرغ مکعبی خردشده","1","854",""
"۱ عدد کدو سبز متوسط، نگینی","کدو سبز متوسط نگینی","1","854",""
"۱ عدد فلفل دلمه‌ای، نگینی","فلفل دلمه‌ای نگینی","1","854",""
"۵۰۰ گرم گوشت شترمرغ، خردشده به قطعات ۱×۴ سانتی‌متری","گوشت شترمرغ خردشده به قطعات × سانتی‌متری","1","857",""
"۱ عدد فلفل قرمز تازه، ریز خردشده","فلفل قرمز تازه ریز خردشده","1","857",""
"فلفل دلمه‌ای رنگی کوچک، خردشده درشت","فلفل دلمه‌ای رنگی کوچک خردشده درشت","1","857",""
"سیخ چوبی، از قبل در آب خیس‌خورده","سیخ چوبی از قبل در آب خیس‌خورده","1","857",""
"۱ پیمانه زیتون سبز، ریز خردشده","زیتون سبز ریز خردشده","1","857",""
"۱ عدد پیاز قرمز، نگینی ریز","پیاز قرمز نگینی ریز","1","857",""
"۴ عدد گوجه‌فرنگی، فیله و ریز خردشده","گوجه‌فرنگی فیله و ریز خردشده","1","857",""
"۱ عدد فلفل دلمه‌ای قرمز، نگینی ریز","فلفل دلمه‌ای قرمز نگینی ریز","1","857",""
"۲ قاشق غذاخوری روغن زیتون (برای سالسا)","روغن زیتون (برای سالسا)","1","857",""
"لپه زرد، خیسانده به مدت ۳۰ تا ۶۰ دقیقه","لپه زرد خیسانده به مدت تا دقیقه","1","1123",""
"سیب‌زمینی، برای سرخ کردن و تزیین","سیب‌زمینی برای سرخ کردن و تزیین","1","1123",""
"۳۰۰ گرم هویج، پوست‌گرفته و رنده درشت","هویج پوست‌گرفته و رنده درشت","1","660",""
"۱/۲ پیمانه کشمش، شسته و کاملاً آبکش‌شده","/ کشمش شسته و کاملاً آبکش‌شده","1","660",""
"۱/۲ قاشق چای‌خوری دارچین آسیاب‌شده","/ قاشق چای‌خوری دارچین آسیاب‌شده","1","660",""
"¼ قاشق چای‌خوری رزماری (اختیاری)","¼ قاشق چای‌خوری رزماری (اختیاری)","1","685",""
"¼ قاشق غذاخوری فلفل سیاه","¼ فلفل سیاه","1","685",""
"۴ پیمانه فلفل دلمه‌ای شیرین، خلالی‌شده","فلفل دلمه‌ای شیرین خلالی‌شده","1","685",""
"۳ کیلوگرم باقلای رشتی تازه، دوپوست‌گرفته (یا ۵۰۰ گرم باقلای رشتی خشک، خیس‌خورده و پوست‌کنده)","کیلو باقلای رشتی تازه دوپوست‌گرفته (یا گرم باقلای رشتی خشک خیس‌خورده و پوست‌کنده)","1","1118",""
"۱٫۵ بوته سیر، ریز خردشده","٫ بوته سیر ریز خردشده","1","1118",""
"۳ پیمانه برنج باسماتی یا دانه بلند","برنج باسماتی یا دانه بلند","1","382",""
"۱ عدد پیاز سفید متوسط، ریز خردشده","پیاز سفید متوسط ریز خردشده","1","615",""
"۱ عدد عصاره مرغ (قرص)","عصاره مرغ (قرص)","1","1411",""
"½ قاشق چای‌خوری نمک و فلفل","½ قاشق چای‌خوری نمک و فلفل","1","1411",""
"پوره سیب‌زمینی","پوره سیب‌زمینی","1","697",""
"پوره اسفناج","پوره اسفناج","1","697",""
"چغندر رنده‌شده","چغندر رنده‌شده","1","697",""
"پوره هویج","پوره هویج","1","697",""
"پوره کدو حلوایی","پوره کدو حلوایی","1","697",""
"پوره نخودفرنگی","پوره نخودفرنگی","1","697",""
"نخودفرنگی (برای تزیین)","نخودفرنگی ()","1","697",""
"هویج پخته (برای تزیین)","هویج پخته ()","1","697",""
"برگ کاهوی فرانسوی یا کاهوی کوچک (برای تزیین)","برگ کاهوی فرانسوی یا کاهوی کوچک ()","1","697",""
"۸ عدد بلال ذرت کوچک","بلال ذرت کوچک","1","704",""
"۱۲۵ گرم کدو سبز، حلقه‌شده ضخیم","کدو سبز حلقه‌شده ضخیم","1","704",""
"— برای سس —","— برای سس —","1","704",""
"۱ عدد پیاز کوچک، خردشده","پیاز کوچک خردشده","1","704",""
"۱۲۵ گرم بادام‌زمینی بدون نمک","بادام‌زمینی بدون نمک","1","704",""
"چند قطره سس فلفل تند","چند قطره سس فلفل تند","1","704",""
"۵ عدد سیب‌زمینی پخته، پوست‌کنده","سیب‌زمینی پخته پوست‌کنده","1","1415",""
"۱۵۰ گرم قارچ ورقه‌ای، تفت‌داده‌شده","قارچ ورقه‌ای تفت‌داده‌شده","1","1415",""
"روغن نباتی به میزان لازم برای سرخ کردن","روغن نباتی  برای سرخ کردن","1","168",""
"1/2 فلفل دلمه‌ای قرمز، خرد شده","/2 فلفل دلمه‌ای قرمز خرد شده","1","168",""
"1/2 فلفل دلمه‌ای سبز، خرد شده","/2 فلفل دلمه‌ای سبز خرد شده","1","168",""
"375 گرم فیله گوشت بره یا گوساله، برش زده","فیله گوشت بره یا گوساله برش زده","1","168",""
"پودر سوخاری – ۱/۲ پیمانه","پودر سوخاری /","1","1313",""
"روغن زیتون – به مقدار لازم برای سرخ‌کردن","روغن زیتون  برای سرخ‌کردن","1","1313",""
"جعفری تازه یا گشنیز","جعفری تازه یا گشنیز","1","378",""
"۱۵۰ گرم میگو، آب‌پز و ریز خردشده","میگو آب‌پز و ریز خردشده","1","714",""
"۱ بسته چیپس ساده، برای سرو","چیپس ساده برای سرو","1","714",""
"۱/۲ پیمانه پنیر چدار رنده‌شده","/ پنیر چدار رنده‌شده","1","714",""
"۱/۲ پیمانه زیتون بدون هسته، ریز خردشده","/ زیتون بدون هسته ریز خردشده","1","714",""
"۱/۲ پیمانه خیارشور، ریز خردشده","/ خیارشور ریز خردشده","1","714",""
"۱/۲ پیمانه فلفل دلمه‌ای، نگینی ریز","/ فلفل دلمه‌ای نگینی ریز","1","714",""
"۱/۲ پیمانه سس خردل","/ سس خردل","1","714",""
"۱/۴ قاشق چای‌خوری پودر زیره","/ قاشق چای‌خوری پودر زیره","1","714",""
"⅛ قاشق چای‌خوری فلفل سیاه","⅛ قاشق چای‌خوری فلفل سیاه","1","1312",""
"۲ قاشق چای‌خوری رزماری خشک یا ۲ قاشق غذاخوری رزماری تازه خردشده","قاشق چای‌خوری رزماری خشک یا رزماری تازه خردشده","1","1312",""
"۲ عدد مرغ کوچکِ کامل","مرغ کوچکِ کامل","1","1312",""
"۲۵۰ گرم نان خشکِ خردشده (حدود ۸ پیمانه)","گرم نان خشکِ خردشده (حدود )","1","1312",""
"۴ عدد کنگر فرنگی","کنگر فرنگی","1","648",""
"نان تست کوچک، اختیاری","نان تست کوچک اختیاری","1","648",""
"۱ ساقه کوچک کرفس","ساقه کوچک کرفس","1","201",""
"۱ بسته ماکارونی اسپاگتی","ماکارونی اسپاگتی","1","201",""
"پنیر (مانند فتا یا بری)، رنده‌شده","پنیر (مانند فتا یا بری) رنده‌شده","1","734",""
"سبزی‌های تازه معطر (جعفری، شوید یا گشنیز)، ریز خردشده","سبزی‌های تازه معطر (جعفری شوید یا گشنیز) ریز خردشده","1","734",""
"نان یا کراکر، برای سرو","نان یا کراکر برای سرو","1","734",""
"2 پیمانه نخود خیس شده","نخود خیس شده","1","183",""
"2 قاشق غذاخوری پیازداغ","پیازداغ","1","183",""
"2 قاشق غذاخوری روغن یا گھی","روغن یا گھی","1","183",""
"10 تا 12 عدد خرما","تا 12 خرما","1","183",""
"3 عدد نارنج خشک","نارنج خشک","1","183",""
"ادویه (هل، تخم گشنیز، میخک، زعفران، زردچوبه، زیره، نمک، فلفل) به مقدار لازم","ادویه (هل تخم گشنیز میخک زعفران زردچوبه زیره نمک فلفل)","1","183",""
"آرد جو یا آرد برنج – ۲ قاشق غذاخوری","آرد جو یا آرد برنج","1","650",""
"آبِ گوشت – ۲۵۰ میلی‌لیتر","آبِ گوشت میلی‌","1","650",""
"۲۰۰ گرم قارچ، شسته و ریز خردشده","قارچ شسته و ریز خردشده","1","1434",""
"۱ قاشق غذاخوری کره پاستوریزه","کره پاستوریزه","1","1434",""
"۶ عدد قارچ درشت برای پر کردن","قارچ درشت برای پر کردن","1","1434",""
"۱ عدد پیاز متوسط (حدود ۱۵۰ گرم)، ریز خردشده","عدد پیاز متوسط (حدود ) ریز خردشده","1","1104",""
"۴۰۰ گرم گوشت گوسفند یا گوساله، خردشده در قطعات متوسط","گوشت گوسفند یا گوساله خردشده در قطعات متوسط","1","1104",""
"نیم قاشق چای‌خوری فلفل سیاه","نیم قاشق چای‌خوری فلفل سیاه","1","1104",""
"۱ بسته ادویه مخصوص خورش ایرانی","ادویه مخصوص خورش ایرانی","1","1104",""
"۱.۵ کیلوگرم اسفناج، شسته و ریز خردشده",". کیلو اسفناج شسته و ریز خردشده","1","1104",""
"نیم قاشق چای‌خوری نمک (یا به مقدار لازم)","نیم قاشق چای‌خوری نمک (یا )","1","1104",""
"نیم قاشق چای‌خوری زعفران دم‌کرده","نیم قاشق چای‌خوری زعفران دم‌کرده","1","1104",""
"نخود فرنگی; 1/2 فنجان","نخود فرنگی /2 فنجان","1","123",""
"پیاز سفید; 4 عدد","پیاز سفید","1","123",""
"گوشت گوساله; 400 گرم","گوشت گوساله","1","123",""
"روغن زیتون یا روغن کانولا; به میزان لازم","روغن زیتون یا روغن کانولا","1","123",""
"۳۰۰ گرم سینه مرغ بدون پوست، خردشده","سینه مرغ بدون پوست خردشده","1","652",""
"اختیاری: ۲ تا ۳ قاشق غذاخوری خامه","اختیاری: تا خامه","1","652",""
"پیاز – ۲ عدد متوسط (حدود ۲۵۰ گرم)، ریز خردشده","پیاز عدد متوسط (حدود ) ریز خردشده","1","1103",""
"فلفل سیاه – ½ قاشق چای‌خوری","فلفل سیاه ½ قاشق چای‌خوری","1","1103",""
"ادویه خورشتی – ۱ بسته","ادویه خورشتی","1","1103",""
"گل‌کلم – ۶۰۰ گرم، خردشده به گل‌های متوسط","گل‌کلم خردشده به گل‌های متوسط","1","1103",""
"نمک – ۱ قاشق چای‌خوری (یا به میزان لازم)","نمک قاشق چای‌خوری (یا )","1","1103",""
"پنیر رنده‌شده (برای رویه)","پنیر رنده‌شده (برای رویه)","1","1422",""
"۳۰۰ گرم ماهی چرخ‌کرده","ماهی چرخ‌کرده","1","1436",""
"۳ عدد سیب‌زمینی متوسط، آب‌پز و خردشده","سیب‌زمینی متوسط آب‌پز و خردشده","1","1436",""
"۲ قاشق چای‌خوری شنبلیله خشک","قاشق چای‌خوری شنبلیله خشک","1","1436",""
"فلفل قرمز، به میزان دلخواه","فلفل قرمز به میزان","1","1436",""
"خمیر یا ورقه سمبوسه، به مقدار لازم","خمیر یا ه سمبوسه","1","1436",""
"۵۰ گرم پودر بادام هندی","پودر بادام هندی","1","1124",""
"¼ پیمانه عصاره تمر هندی","¼ عصاره تمر هندی","1","1124",""
"۳ پیمانه برنج (۶۰۰ گرم)","برنج ( گرم)","1","324",""
"۳ پیمانه آب (۶۰۰ میلی‌لیتر)","آب ( میلی‌لیتر)","1","324",""
"۱.۵ قاشق چای‌خوری نمک، یا به میزان لازم",". قاشق چای‌خوری نمک یا","1","324",""
"۱.۵ پیمانه آب گوجه‌فرنگی (۳۰۰ میلی‌لیتر)",". آب گوجه‌فرنگی ( میلی‌لیتر)","1","324",""
"۱ عدد سیب‌زمینی بزرگ، به صورت نازک ورقه شده","سیب‌زمینی بزرگ به صورت نازک ورقه شده","1","324",""
"۲ مکعب عصاره گوشت گاو، یا ۳ پیمانه عصاره گوشت","مکعب عصاره گوشت گاو یا عصاره گوشت","1","324",""
"۳ قاشق غذاخوری پنیر رنده‌شده گرویر یا پارمزان","پنیر رنده‌شده گرویر یا پارمزان","1","655",""
"۱ عدد پیاز متوسط (حدود ۱۵۰ گرم)، نازک خلالی‌شده","عدد پیاز متوسط (حدود ) نازک خلالی‌شده","1","1101",""
"۳۵۰ گرم گوشت گوسفندی، خردشده","گوشت گوسفندی خردشده","1","1101",""
"۱ بسته چاشنی مخصوص خورش","چاشنی مخصوص خورش","1","1101",""
"۲۰۰ گرم هویج، حلقه‌ای یا مورب برش‌خورده","هویج حلقه‌ای یا مورب برش‌خورده","1","1101",""
"۱۰۰ گرم خلال سیب‌زمینی","خلال سیب‌زمینی","1","1101",""
"۲ پیمانه برنج پخته و کمی خنک‌شده","برنج پخته و  خنک‌شده","1","1439",""
"۲۵۰ گرم مخلوط ریحان، نعناع و گشنیز، ریز خردشده","مخلوط ریحان نعناع و گشنیز ریز خردشده","1","1439",""
"پنیر موزارلا، خردشده به مکعب‌های کوچک","پنیر موزارلا خردشده به مکعب‌های کوچک","1","1439",""
"پودر سوخاری، به مقدار لازم برای روکش","پودر سوخاری  برای روکش","1","1439",""
"۱ پیاز (ریز خرد شده)","پیاز (ریز خرد شده)","1","185",""
"۲ حبه سیر (له شده)","سیر (له شده)","1","185",""
"۳ گوجه‌فرنگی (پوست‌کنده و خرد شده)","گوجه‌فرنگی (پوست‌کنده و خرد شده)","1","185",""
"۱ قاشق چای‌خوری تخم گشنیز پودر شده","قاشق چای‌خوری تخم گشنیز پودر شده","1","185",""
"۱ قاشق چای‌خوری زیره پودر شده","قاشق چای‌خوری زیره پودر شده","1","185",""
"۲ هویج (درشت رنده شده)","هویج (درشت رنده شده)","1","185",""
"۵۰ گرم یا ۰.۵ پیمانه بادام هندی خام","گرم یا . بادام هندی خام","1","185",""
"۳ عدد سینه مرغ بدون استخوان، آب‌پز و ریش‌ریش‌شده","سینه مرغ بدون استخوان آب‌پز و ریش‌ریش‌شده","1","751",""
"چند عدد نان ساندویچی بلند","چند نان ساندویچی بلند","1","751",""
"½ پیمانه خامه صبحانه یا خامه زده‌شده","½ خامه صبحانه یا خامه زده‌شده","1","751",""
"۱ عدد عصاره طعم‌دهنده (قرص عصاره مرغ)","عصاره طعم‌دهنده (قرص عصاره مرغ)","1","751",""
"روغن مایع، به مقدار لازم برای تفت دادن","روغن مایع  برای تفت دادن","1","751",""
"۲۵۰ گرم ورق لازانیا","ورق لازانیا","1","656",""
"۴ عدد کدو سبز، پوست‌گرفته و ورقه‌ای","کدو سبز پوست‌گرفته و ورقه‌ای","1","656",""
"کرفس – ۵۰ گرم، ریز خردشده","کرفس ریز خردشده","1","1309",""
"جعفری تازه – ¼ پیمانه، خردشده","جعفری تازه ¼ خردشده","1","1309",""
"سیر – ۱ حبه کوچک، رنده‌شده","سیر کوچک رنده‌شده","1","1309",""
"پنیر گودا – ۱۵۰ گرم، مکعبی خردشده","پنیر گودا مکعبی خردشده","1","1309",""
"دو عدد سوسیس","دو سوسیس","1","229",""
"پنجاه گرم لوبیا چشم بلبلی","پنجاه لوبیا چشم بلبلی","1","229",""
"صد گرم رب گوجه فرنگی","صد رب گوجه فرنگی","1","229",""
"یک قاشق چای‌خوری جعفری خشک","یک قاشق چای‌خوری جعفری خشک","1","229",""
"یک قاشق چای‌خوری پودر سیر","یک قاشق چای‌خوری پودر سیر","1","229",""
"۳ عدد تخم‌مرغ درشت، زده‌شده","تخم‌مرغ درشت زده‌شده","1","1444",""
"۷ قاشق غذاخوری روغن زیتون یا روغن مایع بی‌بو، تقسیم‌شده","روغن زیتون یا روغن مایع بی‌بو تقسیم‌شده","1","1444",""
"۲ عدد کدو سبز متوسط، رنده‌شده","کدو سبز متوسط رنده‌شده","1","1444",""
"مقدار کمی ریحان تازه یا خشک، ریز خردشده","مقدار  ریحان تازه یا خشک ریز خردشده","1","1444",""
"۱۲ ورق پنیر موزارلا (حدود ۱۵۰ گرم)","ورق پنیر موزارلا (حدود )","1","845",""
"۱۲ ورق ژامبون مرغ دودی","ژامبون مرغ دودی","1","845",""
"۵۰۰ گرم گوجه‌فرنگی فیله یا خردشده","گوجه‌فرنگی فیله یا خردشده","1","845",""
"۲ کیلوگرم سیب زمینی پخته","کیلو سیب زمینی پخته","1","484",""
"نیم فنجان شیر","نیم فنجان شیر","1","484",""
"۳ عدد گوجه فرنگی، رنده‌شده","گوجه فرنگی رنده‌شده","1","484",""
"۱۰۰ گرم بادام زمینی برشته‌شده","بادام زمینی برشته‌شده","1","484",""
"۳۰ گرم پنیر پارمیزان","پنیر پارمیزان","1","484",""
"ژامبون نازک برش‌خورده","ژامبون نازک برش‌خورده","1","763",""
"مخلوط ادویه هندی","مخلوط ادویه هندی","1","763",""
"کاهوی تازه","کاهوی تازه","1","763",""
"نان تازه (ترجیحاً باگت یا تست ضخیم)","نان تازه (ترجیحاً باگت یا تست ضخیم)","1","763",""
"۲ پیمانه عصاره سبزیجات یا مرغ","عصاره سبزیجات یا مرغ","1","485",""
"۱/۲ پیمانه هویج رنده شده","/ هویج رنده شده","1","485",""
"۳/۴ پیمانه بلغور","/ بلغور","1","485",""
"۴ فلفل دلمه‌ای کوچک یا ۲ بزرگ","فلفل دلمه‌ای کوچک یا بزرگ","1","485",""
"۳/۴ پیمانه پنیر موتزارلا رنده شده","/ پنیر موتزارلا رنده شده","1","485",""
"۲ قاشق غذاخوری بادام بریان یا گردو خرد شده","بادام بریان یا گردو خرد شده","1","485",""
"۱ دسته بروکلی، شسته و به گلچه‌های لقمه‌ای خرد شده","دسته بروکلی شسته و به گلچه‌های لقمه‌ای خرد شده","1","665",""
"روغن زیتون یا روغن کنجد یا کره یا مایونز (یکی را به دلخواه انتخاب کنید)","روغن زیتون یا روغن کنجد یا کره یا مایونز (یکی را به  انتخاب کنید)","1","665",""
"آب لیموی تازه یا سرکه، به میزان دلخواه","آب لیموی تازه یا سرکه به میزان","1","665",""
"بادام ورقه‌ای یا دانه کنجد، برای تزیین","بادام ه‌ای یا دانه کنجد","1","665",""
"1 کیلوگرم مرغ","کیلو مرغ","1","399",""
"1 کیلوگرم موز","کیلو موز","1","399",""
"۸ تکه فیله مرغ مزه‌دار شده با زعفران","تکه فیله مرغ مزه‌دار شده با زعفران","1","840",""
"۱ قاشق غذاخوری جعفری خردشده یا سبزیجات معطر مخلوط","جعفری خردشده یا سبزیجات معطر مخلوط","1","840",""
"نصف پیمانه پنیر موزارلا رنده‌شده","نصف پنیر موزارلا رنده‌شده","1","840",""
"۱ قاشق غذاخوری سس مخلوط (خردل، کچاپ و مایونز)","سس مخلوط (خردل کچاپ و مایونز)","1","840",""
"تره‌فرنگی تازه، حلقه‌ای خردشده","تره‌فرنگی تازه حلقه‌ای خردشده","1","767",""
"پنیر فتا (اختیاری)","پنیر فتا (اختیاری)","1","767",""
"تره (یا چایوز)، خلالی نازک – ۱ دسته","تره (یا چایوز) خلالی نازک دسته","1","1307",""
"گوجه‌فرنگی پوست‌کنده و خردشده – ۴ عدد متوسط","گوجه‌فرنگی پوست‌کنده و خردشده متوسط","1","1307",""
"خامه زده‌شده – ۲/۳ پیمانه","خامه زده‌شده /","1","1307",""
"۲ عدد فلفل دلمه‌ای بزرگ، رنگارنگ، خردشده در قطعات متوسط","فلفل دلمه‌ای بزرگ رنگارنگ خردشده در قطعات متوسط","1","675",""
"۱ عدد بادمجان متوسط، مکعبی خردشده","بادمجان متوسط مکعبی خردشده","1","675",""
"۱ عدد پیاز قرمز متوسط، قاچ‌شده","پیاز قرمز متوسط قاچ‌شده","1","675",""
"پاستا - سه تا چهار پیمانه","پاستا سه تا چهار","1","188",""
"پنیر صبحانه یا پنیر موتزارلا - نصف پیمانه","پنیر صبحانه یا پنیر موتزارلا نصف","1","188",""
"گوجه‌فرنگی خرد شده - دو عدد","گوجه‌فرنگی خرد شده دو","1","188",""
"سیر ساطوری شده - دو حبه","سیر ساطوری شده دو","1","188",""
"ریحان خرد شده - یک پیمانه","ریحان خرد شده یک","1","188",""
"روغن‌زیتون - چهار قاشق غذاخوری","روغن‌زیتون چهار","1","188",""
"نمک و فلفل‌سیاه - به میزان لازم","نمک و فلفل‌سیاه","1","188",""
"باقالی سبز تازه (پوست‌گرفته) – ۳ کیلوگرم","باقالی سبز تازه (پوست‌گرفته) کیلو","1","1440",""
"پیاز سفید کوچک – ۵۰۰ گرم یا پیازچه – ۱ کیلوگرم (قسمت سفید)","پیاز سفید کوچک یا پیازچه کیلوگرم (قسمت سفید)","1","1440",""
"ژامبون یا سوسیس – ۲۵۰ گرم، نگینی خردشده","ژامبون یا سوسیس نگینی خردشده","1","1440",""
"فلفل دلمه‌ای سبز و قرمز – ۳ تا ۴ عدد، نگینی","فلفل دلمه‌ای سبز و قرمز تا نگینی","1","1440",""
"روغن زیتون – ۴ تا ۵ قاشق غذاخوری","روغن زیتون تا","1","1440",""
"سرکه – ۲ تا ۳ قاشق غذاخوری","سرکه تا","1","1440",""
"جوش‌شیرین – ۱ قاشق چای‌خوری","جوش‌شیرین قاشق چای‌خوری","1","1440",""
"ماست ساده – ۱ لیوان (اختیاری، برای سس)","ماست ساده (اختیاری برای سس)","1","1440",""
"۵۰۰ گرم بامیه تازه","بامیه تازه","1","1441",""
"۳ تا ۴ عدد گوجه‌فرنگی رسیده","تا گوجه‌فرنگی رسیده","1","1441",""
"۱ بوته کامل سیر","بوته کامل سیر","1","1441",""
"۴ برش گوشت مرغ یا گوساله","برش گوشت مرغ یا گوساله","1","253",""
"۲ عدد تره‌فرنگی متوسط","تره‌فرنگی متوسط","1","253",""
"۲ قاشق چای‌خوری پوست لیمو","قاشق چای‌خوری پوست لیمو","1","253",""
"باقلا، پوست‌کنده و پخته شده","باقلا پوست‌کنده و پخته شده","1","253",""
"۱ کیلوگرم بال مرغ","کیلو بال مرغ","1","839",""
"۲ عدد فلفل قرمز تازه، خردشده","فلفل قرمز تازه خردشده","1","839",""
"۱ قاشق چای‌خوری فلفل قرمز تند","قاشق چای‌خوری فلفل قرمز تند","1","839",""
"۱ قاشق غذاخوری پونه کوهی تازه خردشده","پونه کوهی تازه خردشده","1","839",""
"۱ کیلوگرم کدو سبز، شسته و از طول نصف‌شده","کیلو کدو سبز شسته و از طول نصف‌شده","1","668",""
"۱ قاشق چای‌خوری سیر تازه، له‌شده","قاشق چای‌خوری سیر تازه له‌شده","1","668",""
"سبزی خشک معطر برای تزیین (مانند آویشن یا اورگانو)","سبزی خشک معطر  (مانند آویشن یا اورگانو)","1","668",""
"۱ عدد اردک کامل، پاک‌شده و تکه‌شده","اردک کامل پاک‌شده و تکه‌شده","1","1095",""
"۱ کیلوگرم مغز گردو، بسیار ریز و خمیره‌شده","کیلو مغز گردو بسیار ریز و خمیره‌شده","1","1095",""
"۳ تا ۴ قاشق غذاخوری رب انار ترش یا سس آلو","تا رب انار ترش یا سس آلو","1","1095",""
"۳ تا ۴ عدد بادمجان، ورقه‌ای خرد و سرخ‌شده (اختیاری)","تا بادمجان ورقه‌ای خرد و سرخ‌شده (اختیاری)","1","1095",""
"سبزی‌های معطر (شاهی جنگلی، نعناع، گشنیز یا انجدان)، هرکدام ۲–۳ ساقه، ریز خردشده","سبزی‌های معطر (شاهی جنگلی نعناع گشنیز یا انجدان) هرکدام ساقه ریز خردشده","1","1095",""
"زردچوبه، به میزان لازم (اختیاری)","زردچوبه  (اختیاری)","1","1095",""
"دارچین، نوک قاشق (اختیاری)","دارچین نوک قاشق (اختیاری)","1","1095",""
"۲ عدد کدو سبز متوسط، نگینی خردشده","کدو سبز متوسط نگینی خردشده","1","1445",""
"قارچ ورقه‌ای، به مقدار دلخواه (اختیاری)","قارچ ه‌ای به مقدار  (اختیاری)","1","1445",""
"۲ عدد گوجه‌فرنگی متوسط، پوست‌گرفته و رنده‌شده","گوجه‌فرنگی متوسط پوست‌گرفته و رنده‌شده","1","1445",""
"نمک، فلفل سیاه و ریحان خشک، به مقدار لازم","نمک فلفل سیاه و ریحان خشک","1","1445",""
"پنیر پیتزا رنده‌شده، به مقدار دلخواه","پنیر پیتزا رنده‌شده به مقدار","1","1445",""
"۵۰۰ گرم گوشت ران یا ماهیچه بدون استخوان (یا ۷۵۰ گرم با استخوان)، خردشده","گوشت ران یا ماهیچه بدون استخوان (یا گرم با استخوان) خردشده","1","1093",""
"۱.۵ کیلوگرم کدو حلوایی، پوست‌کنده و درشت خردشده",". کیلو کدو حلوایی پوست‌کنده و درشت خردشده","1","1093",""
"۲۰۰ گرم آلو، شسته‌شده","آلو شسته‌شده","1","1093",""
"مقدار کمی زعفران دم‌کرده","مقدار  زعفران دم‌کرده","1","1093",""
"مقدار کمی رب گوجه‌فرنگی","مقدار  رب گوجه‌فرنگی","1","1093",""
"۵۰۰ گرم سینه مرغ، نازک برش‌خورده","سینه مرغ نازک برش‌خورده","1","836",""
"۱ عدد فلفل دلمه‌ای سبز، نواری خردشده","فلفل دلمه‌ای سبز نواری خردشده","1","836",""
"۱۰۰ گرم نخودفرنگی برفی (اسنوبیز)","نخودفرنگی برفی (اسنوبیز)","1","836",""
"۱ قاشق غذاخوری نشاسته ذرت + ۲ قاشق غذاخوری آب","نشاسته ذرت + قاشق غذاخوری آب","1","836",""
"۱ عدد پیاز متوسط، بسیار ریز خردشده","پیاز متوسط بسیار ریز خردشده","1","833",""
"½ قاشق چای‌خوری پاپریکا","½ قاشق چای‌خوری پاپریکا","1","833",""
"۱ پیمانه پودر سوخاری (ترجیحاً پانکو برای تردی بیشتر)","پودر سوخاری (ترجیحاً پانکو برای تردی بیشتر)","1","833",""
"۲ پیمانه آبِ سبزیجات یا آبِ مرغ","آبِ سبزیجات یا آبِ مرغ","1","1427",""
"۱/۲ پیمانه هویج رنده‌شده","/ هویج رنده‌شده","1","1427",""
"۳/۴ پیمانه بلغور گندم","/ بلغور گندم","1","1427",""
"۲ عدد فلفل دلمه‌ای بزرگ یا ۴ عدد کوچک","فلفل دلمه‌ای بزرگ یا عدد کوچک","1","1427",""
"۲ قاشق غذاخوری خلال بادام یا گردوی بو‌داده خردشده","خلال بادام یا گردوی بو‌داده خردشده","1","1427",""
"۲ و نیم پیمانه پنیر پیتزای رنده شده","و نیم پنیر پیتزای رنده شده","1","190",""
"نصف پیمانه ماست سفت و غلیظ","نصف ماست سفت و غلیظ","1","190",""
"۱ عدد پیاز بزرگ، رنده ریز و کاملاً آب‌گرفته","پیاز بزرگ رنده ریز و کاملاً آب‌گرفته","1","957",""
"نصف قاشق چای‌خوری زعفران ساییده، حل‌شده در ۱ قاشق غذاخوری آب داغ","نصف قاشق چای‌خوری زعفران ساییده حل‌شده در آب داغ","1","957",""
"روغن، به مقدار لازم برای چرب کردن یا سرخ کردن","روغن  برای چرب کردن یا سرخ کردن","1","957",""
"مرغ: ۱ ران و ۱ سینه (حدود نصف یک مرغ)، در صورت تمایل بدون پوست","مرغ: ران و سینه (حدود نصف یک مرغ) در صورت تمایل بدون پوست","1","1091",""
"بادمجان: ۳ عدد متوسط، پوست‌گرفته و از طول برش‌خورده","بادمجان: متوسط پوست‌گرفته و از طول برش‌خورده","1","1091",""
"پیاز: ۲ عدد بزرگ، ریز خردشده","پیاز: بزرگ ریز خردشده","1","1091",""
"سیر: ۴ حبه، ریز خردشده","سیر: ریز خردشده","1","1091",""
"زردچوبه: ۱ قاشق چای‌خوری","زردچوبه: قاشق چای‌خوری","1","1091",""
"دارچین آسیاب‌شده: ۱ قاشق چای‌خوری","دارچین آسیاب‌شده: قاشق چای‌خوری","1","1091",""
"نمک و فلفل سیاه تازه آسیاب‌شده: به مقدار لازم","نمک و فلفل سیاه تازه آسیاب‌شده:","1","1091",""
"روغن مایع: ۴ قاشق غذاخوری (تقسیم‌شده)","روغن مایع: (تقسیم‌شده)","1","1091",""
"آب مرغ یا آب: ۱ پیمانه","آب مرغ یا آب:","1","1091",""
"آب‌لیمو تازه: ۲ قاشق غذاخوری","آب‌لیمو تازه:","1","1091",""
"زعفران دم‌کرده غلیظ: مقدار کمی (حل‌شده در ۲ قاشق غذاخوری آب داغ)","زعفران دم‌کرده غلیظ: مقدار  (حل‌شده در آب داغ)","1","1091",""
"غوره تازه: ۵۰ گرم","غوره تازه:","1","1091",""
"۱٫۵ قاشق غذاخوری کره","٫ کره","1","670",""
"۴۵۰ گرم کدو سبز، از طول برش‌خورده","کدو سبز از طول برش‌خورده","1","670",""
"۱۰۰ گرم کره، تقسیم‌شده","کره تقسیم‌شده","1","1447",""
"نمک، به مقدار کم","نمک به مقدار کم","1","1447",""
"فلفل سیاه، به مقدار کم","فلفل سیاه به مقدار کم","1","1447",""
"پنیر موزارلا، یک مشت، رنده‌شده","پنیر موزارلا یک مشت رنده‌شده","1","1447",""
"ادویه مخصوص، به مقدار لازم","ادویه مخصوص","1","1447",""
"100 گرم پنیر پارمیجیانو رجیانو","پنیر پارمیجیانو رجیانو","1","409",""
"100 گرم سس ایتالیایی","سس ایتالیایی","1","409",""
"چند برگ مریم گلی","چند برگ مریم گلی","1","409",""
"فیله استیک","فیله استیک","1","1193",""
"فلفل دلمه‌ای رنگی (چند رنگ)","فلفل دلمه‌ای رنگی (چند رنگ)","1","1193",""
"۴۵۰ گرم مرغ بدون استخوان، تکه‌شده","مرغ بدون استخوان تکه‌شده","1","1085",""
"۱/۲ قاشق چای‌خوری پودر دارچین","/ قاشق چای‌خوری پودر دارچین","1","1085",""
"۱/۴ قاشق چای‌خوری جوز هندی رنده‌شده","/ قاشق چای‌خوری جوز هندی رنده‌شده","1","1085",""
"چند برگ نعناع تازه برای تزیین","چند برگ نعناع تازه","1","1085",""
"یک عدد کلم پیچ قرمز","یک کلم پیچ قرمز","1","411",""
"چهار فنجان آب","چهار فنجان آب","1","411",""
"دو قاشق سوپ‌خوری روغن زیتون","دو قاشق سوپ‌خوری روغن زیتون","1","411",""
"۲ عدد چغندر","چغندر","1","672",""
"۳ پیمانه برگ تازه شاهی","برگ تازه شاهی","1","672",""
"۱/۲ پیمانه پنیر فتا","/ پنیر فتا","1","672",""
"۱/۲ پیمانه گردو","/ گردو","1","672",""
"۱ پنس پودر خردل","پنس پودر خردل","1","672",""
"گوشت گوسفند یا گوساله – ۵۰۰ گرم، خردشده درشت","گوشت گوسفند یا گوساله خردشده درشت","1","1083",""
"هویج متوسط – ۵ عدد، پوست‌کنده","هویج متوسط پوست‌کنده","1","1083",""
"آلو بخارا خشک – ۱۵۰ گرم","آلو بخارا خشک","1","1083",""
"نمک، زردچوبه و ادویه مخلوط – به مقدار لازم","نمک زردچوبه و ادویه مخلوط","1","1083",""
"زعفران دم‌کرده غلیظ – ۲ قاشق چای‌خوری","زعفران دم‌کرده غلیظ قاشق چای‌خوری","1","1083",""
"جعفری، تربچه و گوجه‌فرنگی – برای تزیین","جعفری تربچه و گوجه‌فرنگی","1","1083",""
"۲۵۰ گرم پنیر هندی (پنیر تازه)، خردشده به مکعب","پنیر هندی (پنیر تازه) خردشده به مکعب","1","1489",""
"۵۰۰ گرم اسفناج (پالک)، شسته‌شده","اسفناج (پالک) شسته‌شده","1","1489",""
"۱ قاشق چای‌خوری خمیر زنجبیل و سیر","قاشق چای‌خوری خمیر زنجبیل و سیر","1","1489",""
"½ قاشق چای‌خوری پودر زردچوبه","½ قاشق چای‌خوری پودر زردچوبه","1","1489",""
"۳۰۰ گرم لوبیا چیتی پخته","لوبیا چیتی پخته","1","1449",""
"۱ قاشق غذاخوری نمک (یا به میزان لازم)","نمک (یا )","1","1449",""
"فلفل سیاه اضافی، به میزان لازم","فلفل سیاه اضافی","1","1449",""
"قارچ صدفی تازه","قارچ صدفی تازه","1","985",""
"کره ذوب‌شده یا روغن","کره ذوب‌شده یا روغن","1","985",""
"سبزی‌های معطر دلخواه (اختیاری)","سبزی‌های معطر  (اختیاری)","1","985",""
"۳/۴ پیمانه برنج پخته","/ برنج پخته","1","772",""
"۱/۲ پیمانه پنیر رنده‌شده","/ پنیر رنده‌شده","1","772",""
"۴۵۰ گرم سیب‌زمینی آب‌پز، نگینی خرد شده","سیب‌زمینی آب‌پز نگینی خرد شده","1","507",""
"سالاد الویه (سالاد سیب‌زمینی ایرانی)","سالاد الویه (سالاد سیب‌زمینی ایرانی)","1","718",""
"تخم‌مرغ آب‌پز، ورقه‌شده","تخم‌مرغ آب‌پز ه‌شده","1","718",""
"ماهی پخته","ماهی پخته","1","718",""
"۱ عدد سیرابی کامل گوسفند، کاملاً تمیز و شسته‌شده","سیرابی کامل گوسفند کاملاً تمیز و شسته‌شده","1","1432",""
"۳ عدد سیب‌زمینی متوسط، خلالی (چوب‌کبریتی)","سیب‌زمینی متوسط خلالی (چوب‌کبریتی)","1","1432",""
"½ پیمانه لوبیا چیتی، در صورت نیاز از قبل خیس‌خورده","½ لوبیا چیتی در صورت نیاز از قبل خیس‌خورده","1","1432",""
"نمک، ادویه دلخواه و زردچوبه به مقدار لازم","نمک ادویه  و زردچوبه","1","1432",""
"۱ عدد فلفل دلمه‌ای قرمز، نگینی خردشده","فلفل دلمه‌ای قرمز نگینی خردشده","1","1450",""
"۱ عدد فلفل دلمه‌ای زرد، نگینی خردشده","فلفل دلمه‌ای زرد نگینی خردشده","1","1450",""
"½ پیمانه برگ ریحان تازه","½ برگ ریحان تازه","1","671",""
"سیب‌زمینی پخته و رنده شده - ۵۰۰ گرم","سیب‌زمینی پخته و رنده شده","1","422",""
"سبزی برای کوکو مانند جعفری، گشنیز، شوید، پیازچه - ۲۵۰ گرم","سبزی برای کوکو مانند جعفری گشنیز شوید پیازچه","1","422",""
"۳۵۰ گرم بامیه، شسته و حلقه‌ای خردشده","بامیه شسته و حلقه‌ای خردشده","1","1298",""
"۵ تا ۶ عدد گوجه‌فرنگی رسیده، پوست‌گرفته و درشت خردشده","تا گوجه‌فرنگی رسیده پوست‌گرفته و درشت خردشده","1","1298",""
"۲ عدد پیاز کوچک (۱ عدد خردشده، ۱ عدد نازک خلالی)","پیاز کوچک ( عدد خردشده عدد نازک خلالی)","1","1298",""
"یک مشت برگ گشنیز تازه","یک مشت برگ گشنیز تازه","1","1298",""
"۲۵ گرم (حدود ۲ قاشق غذاخوری) کره","گرم (حدود ) کره","1","1302",""
"۲ عدد تخم‌مرغ آب‌پز، از وسط نصف‌شده (برای تزیین)","تخم‌مرغ آب‌پز از وسط نصف‌شده ()","1","1302",""
"۵۰۰ گرم برگ اسفناج تازه، ریز خردشده","برگ اسفناج تازه ریز خردشده","1","777",""
"نصف پیمانه گردوی خردشده","نصف گردوی خردشده","1","825",""
"نصف پیمانه زرشک","نصف زرشک","1","825",""
"آب مرغ – ۲ لیوان (گرم)","آب مرغ (گرم)","1","1292",""
"دارچین – مقدار بسیار کم","دارچین مقدار بسیار کم","1","1292",""
"آب‌لیمو – چند قطره","آب‌لیمو چند قطره","1","1292",""
"۱.۵ کیلوگرم سیب‌زمینی، پوست‌کنده و خردشده",". کیلو سیب‌زمینی پوست‌کنده و خردشده","1","667",""
"جوز هندی، اختیاری","جوز هندی اختیاری","1","667",""
"۲۵۰ گرم گوشت گوسفندی، خردشده به مکعب‌های ۲ سانتی‌متری","گوشت گوسفندی خردشده به مکعب‌های سانتی‌متری","1","1086",""
"۱ کیلوگرم کدو سبز","کیلو کدو سبز","1","1086",""
"پودر لیمو عمانی یا آب‌لیمو تازه، به میزان دلخواه","پودر لیمو عمانی یا آب‌لیمو تازه به میزان","1","1086",""
"۱/۴ پیمانه توت‌فرنگی تازه، ورقه‌شده","/ توت‌فرنگی تازه ورقه‌شده","1","794",""
"۱ کاسه بزرگ آب یخ","کاسه بزرگ آب یخ","1","824",""
"۱.۵ پیمانه روغن مایع مخصوص سرخ‌کردن",". روغن مایع مخصوص سرخ‌کردن","1","824",""
"۱ قاشق چای‌خوری اسید سیتریک","قاشق چای‌خوری اسید سیتریک","1","824",""
"کدو حلوایی، پوست‌کنده و مکعبی خردشده","کدو حلوایی پوست‌کنده و مکعبی خردشده","1","673",""
"جعفری یا گشنیز تازه، ریز خردشده","جعفری یا گشنیز تازه ریز خردشده","1","673",""
"آرد سفید قنادی – ۲ پیمانه","آرد سفید قنادی","1","823",""
"بکینگ‌پودر – ۱ قاشق چای‌خوری","بکینگ‌پودر قاشق چای‌خوری","1","823",""
"روغن مایع یا روغن زیتون – ۱ پیمانه","روغن مایع یا روغن زیتون","1","823",""
"مرغ پخته و ریش‌ریش – به مقدار لازم","مرغ پخته و ریش‌ریش","1","823",""
"قارچ – ۱/۲ پیمانه، ورقه‌ای","قارچ / ورقه‌ای","1","823",""
"فلفل دلمه‌ای – ۱/۲ عدد، نگینی","فلفل دلمه‌ای / نگینی","1","823",""
"۱ پیمانه دانه ذرت (تازه یا کنسروی، آبکش‌شده)","دانه ذرت (تازه یا کنسروی آبکش‌شده)","1","812",""
"۱۵۰ گرم فیله شترمرغ","فیله شترمرغ","1","818",""
"نصف پیمانه آرد سوخاری","نصف آرد سوخاری","1","818",""
"۵۰۰ گرم مرغ پخته بدون استخوان، خردشده","مرغ پخته بدون استخوان خردشده","1","1218",""
"۴ عدد تخم‌مرغ کامل (زرده و سفیده جدا شود)","تخم‌مرغ کامل (زرده و سفیده جدا شود)","1","1218",""
"۲ عدد سفیده تخم‌مرغ اضافی","سفیده تخم‌مرغ اضافی","1","1218",""
"۵۰۰ گرم قارچ، ورقه‌ای خرد و سرخ‌شده","قارچ ورقه‌ای خرد و سرخ‌شده","1","1218",""
"۱۰۰ گرم فیله مرغ، خردشده در اندازه لقمه‌ای","فیله مرغ خردشده در اندازه لقمه‌ای","1","822",""
"۶۰ گرم فلفل دلمه‌ای، خلالی","فلفل دلمه‌ای خلالی","1","822",""
"برش‌های زنجبیل تازه، به مقدار دلخواه","برش‌های زنجبیل تازه به مقدار","1","822",""
"۱.۵ کیلوگرم گوشت گوسفند یا گوساله (قسمت‌های نرم مانند راسته یا فیله)، خردشده به قطعات درشت",". کیلو گوشت گوسفند یا گوساله (قسمت‌های نرم مانند راسته یا فیله) خردشده به قطعات درشت","1","988",""
"۱۵۰ گرم دنبه گوسفندی (اختیاری، برای آبدارتر شدن)","دنبه گوسفندی (اختیاری برای آبدارتر شدن)","1","988",""
"۲۵۰ گرم کره بدون نمک، ذوب‌شده (برای رومال)","کره بدون نمک ذوب‌شده (برای رومال)","1","988",""
"۶ عدد گوجه‌فرنگی درسته، برای کبابی","گوجه‌فرنگی درسته برای کبابی","1","988",""
"سماق (اختیاری، برای سرو)","سماق (اختیاری برای سرو)","1","988",""
"نصف حبه سیر، رنده‌شده","نصف سیر رنده‌شده","1","1291",""
"40 گرم بادام، ریز خردشده","بادام ریز خردشده","1","1291",""
"۱ عدد گلابی، پوست‌کنده و نازک برش‌خورده","گلابی پوست‌کنده و نازک برش‌خورده","1","674",""
"۸ برگ کوچک اسفناج تازه، شسته و کاملاً خشک‌شده","برگ کوچک اسفناج تازه شسته و کاملاً خشک‌شده","1","674",""
"نصف یک عدد خیار، پوست‌کنده و نازک حلقه‌شده","نصف یک خیار پوست‌کنده و نازک حلقه‌شده","1","674",""
"۵۰ گرم تربچه، نازک برش‌خورده","تربچه نازک برش‌خورده","1","674",""
"۳ قاشق چای‌خوری شیر","قاشق چای‌خوری شیر","1","674",""
"نصف قاشق چای‌خوری سرکه","نصف قاشق چای‌خوری سرکه","1","674",""
"۴ عدد کدو حلوایی بزرگ","کدو حلوایی بزرگ","1","677",""
"۲ عدد هویج متوسط","هویج متوسط","1","677",""
"۲۵۰ گرم فیله گوساله (برش تورندو)","فیله گوساله (برش تورندو)","1","1223",""
"۳ تا ۴ قاشق غذاخوری ترخون و گشنیز تازه خردشده","تا ترخون و گشنیز تازه خردشده","1","1223",""
"نصف پیمانه سرکه","نصف سرکه","1","1223",""
"برگ گشنیز تازه، ریز خردشده (به میزان دلخواه)","برگ گشنیز تازه ریز خردشده (به میزان )","1","816",""
"۲ عدد فلفل دلمه‌ای، خلالی خردشده","فلفل دلمه‌ای خلالی خردشده","1","1452",""
"نصف گوجه‌فرنگی، خردشده","نصف گوجه‌فرنگی خردشده","1","1452",""
"۱ عدد پیاز، خلالی خردشده","پیاز خلالی خردشده","1","1452",""
"مقدار کمی ریحان تازه، خردشده","مقدار  ریحان تازه خردشده","1","1452",""
"۲ عدد گوجه‌فرنگی بزرگ، پوست‌گرفته و خردشده","گوجه‌فرنگی بزرگ پوست‌گرفته و خردشده","1","1081",""
"۲ قاشق چای‌خوری لیموعمانی خشک، پودر یا خردشده","قاشق چای‌خوری لیموعمانی خشک پودر یا خردشده","1","1081",""
"آب‌لیمو تازه و مقدار کمی شکر، برای متعادل کردن ترشی","آب‌لیمو تازه و مقدار  شکر برای متعادل کردن ترشی","1","1081",""
"۱/۳ پیمانه سرکه","/ سرکه","1","1081",""
"تکه‌های ماهی بدون استخوان (ماهی سفید و سفت‌بافت)","تکه‌های ماهی بدون استخوان (ماهی سفید و سفت‌بافت)","1","1081",""
"۲۴۰ گرم ماکارونی‌های شکلی","ماکارونی‌های شکلی","1","199",""
"۲ فنجان گوجه‌فرنگی گیلاسی","فنجان گوجه‌فرنگی گیلاسی","1","199",""
"۱ فنجان پیاز خردشده","فنجان پیاز خردشده","1","199",""
"۱/۴ فنجان گشنیز خردشده","/ فنجان گشنیز خردشده","1","199",""
"۱ عدد آووکادو خردشده","آووکادو خردشده","1","199",""
"۲ پیمانه برنج باسماتی (۴۰۰ گرم)","برنج باسماتی ( گرم)","1","331",""
"۲۰۰ گرم آلبالوی هسته‌گرفته","آلبالوی هسته‌گرفته","1","331",""
"گوشت گوسفند یا مرغ (اختیاری)","گوشت گوسفند یا مرغ (اختیاری)","1","331",""
"گوجه‌فرنگی رسیده (به مقدار دلخواه)","گوجه‌فرنگی رسیده (به مقدار )","1","657",""
"نمک (به مقدار کم)","نمک (به مقدار کم)","1","657",""
"فلفل سیاه (به مقدار کم)","فلفل سیاه (به مقدار کم)","1","657",""
"برگ ریحان تازه، ریز خردشده","برگ ریحان تازه ریز خردشده","1","657",""
"۱ قاشق غذاخوری هویج پخته و ریز خردشده","هویج پخته و ریز خردشده","1","813",""
"۱ قاشق غذاخوری سیب‌زمینی پخته و نگینی خردشده","سیب‌زمینی پخته و نگینی خردشده","1","813",""
"۱ کیلوگرم گوشت گوسفندی، خردشده در اندازه متوسط","کیلو گوشت گوسفندی خردشده در اندازه متوسط","1","1084",""
"۱ کیلوگرم تره، ریز خردشده","کیلو تره ریز خردشده","1","1084",""
"۵۰۰ گرم لوبیا سفید، از شب قبل خیس‌خورده","لوبیا سفید از شب قبل خیس‌خورده","1","1084",""
"۴ تا ۵ عدد سیب‌زمینی، ورقه‌ای خردشده","تا سیب‌زمینی ورقه‌ای خردشده","1","1084",""
"۳ تا ۴ عدد گوجه‌فرنگی، حلقه‌ای","تا گوجه‌فرنگی حلقه‌ای","1","1084",""
"نصف یک پیاز، ریز خردشده","نصف یک پیاز ریز خردشده","1","1451",""
"۲ قاشق غذاخوری ترخون تازه خردشده","ترخون تازه خردشده","1","1451",""
"۲ فنجان ماکارونی فرم دار نپخته","فنجان ماکارونی فرم دار نپخته","1","200",""
"۱/۲ قاشق چای‌خوری آب لیموترش","/ قاشق چای‌خوری آب لیموترش","1","200",""
"۱/۴ فنجان گوشت پخته خرد شده","/ فنجان گوشت پخته خرد شده","1","200",""
"نان تخت یا نان پیتزا","نان تخت یا نان پیتزا","1","1290",""
"خرما، خلالی یا خردشده","خرما خلالی یا خردشده","1","1290",""
"سبزی‌های معطر خشک یا تازه","سبزی‌های معطر خشک یا تازه","1","1290",""
"۲ پیمانه آب انار","آب انار","1","202",""
"لوبیا سبز تازه، سر و ته گرفته","لوبیا سبز تازه سر و ته گرفته","1","1453",""
"۴۵۰ گرم سیب‌زمینی، پوست‌کنده و رنده‌شده","سیب‌زمینی پوست‌کنده و رنده‌شده","1","1455",""
"۶ عدد بادمجان، پوست‌گرفته و از طول برش‌خورده","بادمجان پوست‌گرفته و از طول برش‌خورده","1","1080",""
"۸۰۰ گرم تکه‌های مرغ (یا ۱ مرغ کامل خردشده)","تکه‌های مرغ (یا مرغ کامل خردشده)","1","1080",""
"۲ خوشه غوره تازه","غوره تازه","1","1080",""
"ادویه مخلوط ایرانی، به میزان لازم","ادویه مخلوط ایرانی","1","1080",""
"روغن مایع، به مقدار لازم برای سرخ‌کردن و تفت‌دادن","روغن مایع  برای سرخ‌کردن و تفت‌دادن","1","1080",""
"برنج باسماتی: ۱ کیلوگرم","برنج باسماتی: کیلو","1","1442",""
"روغن مایع بی‌بو: ۱۵۰ گرم","روغن مایع بی‌بو:","1","1442",""
"زعفران ساییده دم‌کرده: ۱ قاشق چای‌خوری","زعفران ساییده دم‌کرده: قاشق چای‌خوری","1","1442",""
"ماست ساده (برای ته‌دیگ): ½ پیمانه","ماست ساده (برای ته‌دیگ): ½","1","1442",""
"زرده تخم‌مرغ: ۲ عدد","زرده تخم‌مرغ:","1","1442",""
"۵۰۰ گرم سینه مرغ، نگینی خردشده","سینه مرغ نگینی خردشده","1","594",""
"۱ عدد پیاز بزرگ، نگینی خردشده","پیاز بزرگ نگینی خردشده","1","594",""
"¼ قاشق چای‌خوری فلفل کاین","¼ قاشق چای‌خوری فلفل کاین","1","594",""
"۱ قوطی (۴۰۰ میلی‌لیتر) شیر نارگیل","قوطی ( میلی‌) شیر نارگیل","1","594",""
"قاچ‌های لیموترش، برای سرو","قاچ‌های لیموترش برای سرو","1","594",""
"۱ قوطی کنسرو تن ماهی","قوطی کنسرو تن ماهی","1","203",""
"نیم لیوان جعفری تازه، خرد شده","نیم جعفری تازه خرد شده","1","203",""
"نیم لیوان نخودفرنگی کنسروی","نیم نخودفرنگی کنسروی","1","203",""
"۱ عدد فلفل سبز تند، خرد شده","فلفل سبز تند خرد شده","1","203",""
"۵۰۰ گرم قارچ تازه، شسته و تمیز شده","قارچ تازه شسته و تمیز شده","1","712",""
"۱/۲ قاشق چای‌خوری پودر کاری","/ قاشق چای‌خوری پودر کاری","1","712",""
"۱ و ۱/۲ پیمانه آب","و / آب","1","712",""
"روغن مایع، به مقدار لازم برای سرخ‌کردن عمیق","روغن مایع  برای سرخ‌کردن عمیق","1","712",""
"گردو – به میزان لازم، خردشده","گردو  خردشده","1","1456",""
"۳ عدد خربزه، پوست‌کنده و خردشده","خربزه پوست‌کنده و خردشده","1","653",""
"۱ عدد شلغم، پوست‌کنده و نگینی","شلغم پوست‌کنده و نگینی","1","653",""
"½ پیمانه نخودفرنگی سبز","½ نخودفرنگی سبز","1","653",""
"½ پیمانه لوبیای سبز تازه، خردشده","½ لوبیای سبز تازه خردشده","1","653",""
"۳ عدد زردهٔ تخم‌مرغ","زردهٔ تخم‌مرغ","1","653",""
"۱ قاشق چای‌خوری سس چیلی با تندی متوسط","قاشق چای‌خوری سس چیلی با تندی متوسط","1","811",""
"۱۵۰ گرم فلفل دلمه‌ای رنگی، نواری خردشده","فلفل دلمه‌ای رنگی نواری خردشده","1","826",""
"۱۵۰ گرم بروکلی، گل‌کلم‌شده","بروکلی گل‌کلم‌شده","1","826",""
"۴۵۰ گرم مرغ، خردشده به اندازه خورشتی","مرغ خردشده به اندازه خورشتی","1","1075",""
"۴۰۰ گرم سبزی خورشتی تازه (جعفری، گشنیز، تره، اسفناج، شنبلیله، سیرتره و در صورت دسترسی سبزی‌های محلی شمالی مانند خلواش، چوچاق، اناریجه و خنس)","سبزی خورشتی تازه (جعفری گشنیز تره اسفناج شنبلیله سیرتره و در صورت دسترسی سبزی‌های محلی شمالی مانند خلواش چوچاق اناریجه و خنس)","1","1075",""
"نصف پیمانه سماق آسیاب‌شده","نصف سماق آسیاب‌شده","1","1075",""
"نصف پیمانه غوره","نصف غوره","1","1075",""
"لوبیا چیتی خشک","لوبیا چیتی خشک","1","563",""
"نان یا نان تست، مکعبی (برای سرو)","نان یا نان تست مکعبی (برای سرو)","1","563",""
"روغن (برای سرخ کردن نان)","روغن (برای سرخ کردن نان)","1","563",""
"نان تست – ۱۶ برش","نان تست برش","1","1381",""
"سویا خیس‌خورده – ۱۰۰ گرم (حدود ۲ پیمانه بعد از خیساندن)","سویا خیس‌خورده گرم (حدود بعد از خیساندن)","1","1381",""
"فلفل سبز تند – ۴ تا ۵ عدد، خردشده","فلفل سبز تند تا خردشده","1","1381",""
"پنیر ورقه‌ای – به دلخواه","پنیر ه‌ای به","1","1381",""
"۳۰۰ گرم گوشت خورشتی گوسفند، خردشده متوسط","گوشت خورشتی گوسفند خردشده متوسط","1","1073",""
"۳/۴ پیمانه زرشک خشک","/ زرشک خشک","1","1073",""
"۱/۳ پیمانه محلول زعفران دم‌کرده غلیظ","/ محلول زعفران دم‌کرده غلیظ","1","1073",""
"۱/۴ پیمانه گلاب","/ گلاب","1","1073",""
"۱ تکه چوب دارچین کوچک (حدود ۳ سانتی‌متر)","تکه چوب دارچین کوچک (حدود سانتی‌متر)","1","1073",""
"150 گرم پنیر موزارلای رنده شده","پنیر موزارلای رنده شده","1","205",""
"1 قاشق چای‌خوری پودر زنجبیل","قاشق چای‌خوری پودر زنجبیل","1","205",""
"۳ قاشق غذاخوری کره، به‌علاوه مقداری برای چرب کردن قالب","کره به‌علاوه  برای چرب کردن قالب","1","681",""
"۱ و ۱/۲ قاشق چای‌خوری نمک","و / قاشق چای‌خوری نمک","1","681",""
"کدو","کدو","1","208",""
"۵۰۰ گرم قارچ درشت یا متوسط","قارچ درشت یا متوسط","1","1288",""
"اسپاگتی ۱ کیلوگرم","اسپاگتی کیلو","1","245",""
"سیر ۴ پر","سیر پر","1","245",""
"هویچ ۱ عدد","هویچ","1","245",""
"ریحان خشک یک چهارم قاشق چای‌خوری","ریحان خشک یک چهارم قاشق چای‌خوری","1","245",""
"فلفل سیاه به مقدار کافی","فلفل سیاه به مقدار کافی","1","245",""
"نمک به مقدار کافی","نمک به مقدار کافی","1","245",""
"۲ عدد سیب‌زمینی بزرگ، آب‌پز و کاملاً له‌شده","سیب‌زمینی بزرگ آب‌پز و کاملاً له‌شده","1","682",""
"۱ پیمانه سبزیجات مخلوط پخته (هویج، نخودفرنگی، ذرت)","سبزیجات مخلوط پخته (هویج نخودفرنگی ذرت)","1","682",""
"نصف پیمانه جعفری تازه، ساطوری‌شده","نصف جعفری تازه ساطوری‌شده","1","682",""
"نصف پیمانه پودر نان خشک","نصف پودر نان خشک","1","682",""
"100 گرم برگ‌های بزرگ اسفناج","برگ‌های بزرگ اسفناج","1","492",""
"1 قاشق چای‌خوری پودر یا سیر کوبیده","قاشق چای‌خوری پودر یا سیر کوبیده","1","492",""
"نصف پیمانه آب ماهی","نصف آب ماهی","1","492",""
"4 عدد فیله‌های ماهی (هرکدام 150 گرم)","عدد فیله‌های ماهی (هرکدام 150 )","1","492",""
"۱ عدد مرغ کامل ۱٫۵ تا ۲ کیلوگرمی، بدون استخوان با حفظ کامل پوست","عدد مرغ کامل ٫ تا کیلوی بدون استخوان با حفظ کامل پوست","1","834",""
"۲ قاشق غذاخوری مغز پسته","مغز پسته","1","834",""
"ورق خمیر هزارلا","خمیر هزارلا","1","1446",""
"فلفل دلمه‌ای قرمز، نازک برش‌خورده","فلفل دلمه‌ای قرمز نازک برش‌خورده","1","1446",""
"کدو سبز، نازک برش‌خورده","کدو سبز نازک برش‌خورده","1","1446",""
"بادمجان، نازک برش‌خورده","بادمجان نازک برش‌خورده","1","1446",""
"پنیر بز، خردشده","پنیر بز خردشده","1","1446",""
"برگ تازه آویشن","برگ تازه آویشن","1","1446",""
"3 الی 4 عدد گوجه‌فرنگی","الی 4 گوجه‌فرنگی","1","206",""
"2 تکه سینه مرغ بدون استخوان، برش‌خورده","تکه سینه مرغ بدون استخوان برش‌خورده","1","210",""
"1/2 فنجان پنیر پارمسان رنده شده","/2 فنجان پنیر پارمسان رنده شده","1","210",""
"1/2 فلفل‌قرمز، خرد شده","/2 فلفل‌قرمز خرد شده","1","338",""
"1/2 فلفل‌سبز، خرد شده","/2 فلفل‌سبز خرد شده","1","338",""
"250 گرم میگوی خام","میگوی خام","1","338",""
"۱ عدد گل‌کلم متوسط، شسته و به گلچه‌های کوچک و یکدست تقسیم‌شده","گل‌کلم متوسط شسته و به گلچه‌های کوچک و یکدست تقسیم‌شده","1","683",""
"۱½ پیمانه پیاز خردشده","½ پیاز خردشده","1","683",""
"۷ گرم مخمر خشک","مخمر خشک","1","1285",""
"۱۵۰ گرم سوسیس یا سالامی، خردشده","سوسیس یا سالامی خردشده","1","1285",""
"تره‌فرنگی – ۱ ساقه، ریز خردشده","تره‌فرنگی ساقه ریز خردشده","1","1443",""
"آرد گندم کامل – ½ پیمانه","آرد گندم کامل ½","1","1443",""
"شیر پاستوریزه – ۱ پیمانه","شیر پاستوریزه","1","1443",""
"اسفناج پخته و خردشده – ۳ قاشق غذاخوری","اسفناج پخته و خردشده","1","1443",""
"۵۰۰ گرم لوبیا سبز، پاک‌شده و خردشده","لوبیا سبز پاک‌شده و خردشده","1","1458",""
"سرکه (سیب یا بالزامیک) به مقدار لازم","سرکه (سیب یا بالزامیک)","1","1458",""
"آویشن خشک یا تازه به مقدار لازم","آویشن خشک یا تازه","1","1458",""
"۱ پیاز کوچک، نگینی ریز","پیاز کوچک نگینی ریز","1","1458",""
"۱/۳ پیمانه گردو خردشده","/ گردو خردشده","1","1458",""
"۲۵۰ گرم ژامبون مرغ، ورقه‌شده","ژامبون مرغ ورقه‌شده","1","1251",""
"کنجد به میزان لازم (اختیاری)","کنجد  (اختیاری)","1","1251",""
"خامه، اختیاری برای سرو","خامه اختیاری برای سرو","1","641",""
"۵۰۰ گرم گوشت گوسفند یا گوساله (سردست یا ماهیچه، خردشده)","گوشت گوسفند یا گوساله (سردست یا ماهیچه خردشده)","1","1066",""
"۵۰۰ گرم بامیه تازه، سر و ته گرفته","بامیه تازه سر و ته گرفته","1","1066",""
"۲ قاشق غذاخوری رب تمر هندی","رب تمر هندی","1","1066",""
"۳ عدد سیب‌زمینی متوسط، ورقه‌ای نازک","سیب‌زمینی متوسط ورقه‌ای نازک","1","1066",""
"نعناع و جعفری سرخ‌شده به میزان لازم","نعناع و جعفری سرخ‌شده","1","1066",""
"۵۰۰ گرم گوشت گوسفند (ران یا سردست بدون استخوان، یا ۷۵۰ گرم با استخوان)، خردشده در اندازه گردو","گوشت گوسفند (ران یا سردست بدون استخوان یا گرم با استخوان) خردشده در اندازه گردو","1","1068",""
"۱ عدد گل‌کلم متوسط (حدود ۱ کیلوگرم)، خردشده به گلچه‌های کوچک","عدد گل‌کلم متوسط (حدود کیلو) خردشده به گلچه‌های کوچک","1","1068",""
"۱ قاشق چای‌خوری زعفران ساییده حل‌شده در آب داغ یا ۱ قاشق غذاخوری رب گوجه‌فرنگی","قاشق چای‌خوری زعفران ساییده حل‌شده در آب داغ یا رب گوجه‌فرنگی","1","1068",""
"۵٫۵ قاشق غذاخوری روغن یا کره","٫ روغن یا کره","1","807",""
"چند قطره عصاره وانیل","چند قطره عصاره وانیل","1","807",""
"۱ پنس نمک","پنس نمک","1","807",""
"۱ عدد کلم سفید متوسط، خردشده","کلم سفید متوسط خردشده","1","1065",""
"۱ عدد سیب‌زمینی متوسط، پوست‌گرفته و نگینی","سیب‌زمینی متوسط پوست‌گرفته و نگینی","1","1065",""
"۱ عدد هویج متوسط، حلقه‌ای","هویج متوسط حلقه‌ای","1","1065",""
"۲ پیمانه اسفناج تازه، خردشده","اسفناج تازه خردشده","1","1065",""
"½ قاشق چای‌خوری پودر زنجبیل","½ قاشق چای‌خوری پودر زنجبیل","1","1065",""
"½ پیمانه پنیر مکعبی خردشده","½ پنیر مکعبی خردشده","1","1065",""
"۱ پیمانه ماست کم‌چرب","ماست کم‌چرب","1","1065",""
"پنیر گروییر رنده‌شده یا پنیر دلخواه","پنیر گروییر رنده‌شده یا پنیر","1","808",""
"3 عدد کدو متوسط، حلقه حلقه","کدو متوسط حلقه حلقه","1","249",""
"1 عدد هویج، حلقه حلقه","هویج حلقه حلقه","1","249",""
"1 عدد فلفل دلمه‌ای سبز، برش زده","فلفل دلمه‌ای سبز برش زده","1","249",""
"1 عدد فلفل دلمه‌ای قرمز، برش زده","فلفل دلمه‌ای قرمز برش زده","1","249",""
"چند قطره آب‌لیمو","چند قطره آب‌لیمو","1","249",""
"اختیاری: فیله مرغ خرد شده","اختیاری: فیله مرغ خرد شده","1","249",""
"۱ قاشق چای‌خوری خمیر سیر","قاشق چای‌خوری خمیر سیر","1","1502",""
"۲ قاشق غذاخوری آرد نخودچی (بِسان)","آرد نخودچی (بِسان)","1","1502",""
"۴ عدد نان پاو (یا نان نرم مشابه)","نان پاو (یا نان نرم مشابه)","1","1502",""
"گشنیز تازه، ریز خردشده (برای تزیین)","گشنیز تازه ریز خردشده ()","1","1502",""
"چاتنی سبز یا چاتنی تمرهندی، به مقدار لازم","چاتنی سبز یا چاتنی تمرهندی","1","1502",""
"فلفل سبز سرخ‌شده (اختیاری، برای سرو)","فلفل سبز سرخ‌شده (اختیاری برای سرو)","1","1502",""
"۱۰۰ گرم لپه، حداقل ۱ ساعت خیس‌خورده","لپه حداقل ساعت خیس‌خورده","1","1062",""
"۱ قاشق غذاخوری سس آلو ترش یا پودر لیموعمانی","سس آلو ترش یا پودر لیموعمانی","1","1062",""
"نمک، فلفل سیاه و دارچین به مقدار لازم","نمک فلفل سیاه و دارچین","1","1062",""
"۱ پیمانه سیر سبز خرد شده","سیر سبز خرد شده","1","213",""
"۱ قاشق غذاخوری ماست صاف شده با موسیر","ماست صاف شده با موسیر","1","213",""
"نیم پیمانه جعفری و گشنیز خرد شده","نیم جعفری و گشنیز خرد شده","1","213",""
"نیم پیمانه قارچ خرد شده","نیم قارچ خرد شده","1","213",""
"نیم پیمانه برگ‌های کرفس ریز خرد شده","نیم برگ‌های کرفس ریز خرد شده","1","213",""
"۳۵۰ گرم کورن‌فلکس، کمی خردشده","کورن‌فلکس  خردشده","1","846",""
"۱ قاشق غذاخوری ادویه مرغ یا پودر سیر","ادویه مرغ یا پودر سیر","1","846",""
"۱ عدد گوجه‌فرنگی فیله‌شده و ورقه‌ای","گوجه‌فرنگی فیله‌شده و ورقه‌ای","1","846",""
"۲ عدد سیب‌زمینی، پوست‌کنده و ریز خردشده","سیب‌زمینی پوست‌کنده و ریز خردشده","1","1275",""
"۲ عدد هویج کوچک، خردشده","هویج کوچک خردشده","1","1275",""
"۲ عدد پیاز متوسط (یا ۱ عدد بزرگ)، ریز خردشده","پیاز متوسط (یا عدد بزرگ) ریز خردشده","1","1275",""
"۲ عدد بادمجان، حلقه‌ای یا ورقه‌ای خردشده","بادمجان حلقه‌ای یا ورقه‌ای خردشده","1","1275",""
"۲ عدد کدو سبز متوسط، حلقه‌ای خردشده","کدو سبز متوسط حلقه‌ای خردشده","1","1275",""
"یک پنس کوچک دارچین","یک پنس کوچک دارچین","1","1275",""
"آویشن به دلخواه","آویشن به","1","1275",""
"ذرت به دلخواه","ذرت به","1","1275",""
"نان سفید، خردشده","نان سفید خردشده","1","687",""
"350 گرم نودل با طعم‌دهنده (ترجیحاً طعم گوشت)","نودل با طعم‌دهنده (ترجیحاً طعم گوشت)","1","215",""
"150 گرم سویا دانه‌ای (خیسانده شده)","سویا دانه‌ای (خیسانده شده)","1","215",""
"5-6 عدد فلفل سبز","6 فلفل سبز","1","215",""
"۵ تا ۶ عدد سیب‌زمینی متوسط","تا سیب‌زمینی متوسط","1","1272",""
"۷۵۰ گرم گوشت خورشتی (با استخوان یا بدون استخوان)","گوشت خورشتی (با استخوان یا بدون استخوان)","1","1111",""
"۱۰۰ گرم لوبیا قرمز یا لوبیا چشم‌بلبلی","لوبیا قرمز یا لوبیا چشم‌بلبلی","1","1111",""
"۳ تا ۴ عدد لیموعمانی","تا لیموعمانی","1","1111",""
"۱ کیلوگرم سبزی قورمه‌سبزی تازه (تره، جعفری، گشنیز، شنبلیله، یا در صورت نیاز کمی اسفناج)","کیلو سبزی قورمه‌سبزی تازه (تره جعفری گشنیز شنبلیله یا در صورت نیاز  اسفناج)","1","1111",""
"۲۰۰ گرم گوجه‌فرنگی کنسروی سان مارزانو، له‌شده","گوجه‌فرنگی کنسروی سان مارزانو له‌شده","1","1464",""
"۲۵۰ گرم پنیر موزارلای تازه، ورقه‌شده","پنیر موزارلای تازه ورقه‌شده","1","1464",""
"روغن زیتون فرابکر، برای رویه","روغن زیتون فرابکر برای رویه","1","1464",""
"۶ عدد زرده تخم‌مرغ بزرگ","زرده تخم‌مرغ بزرگ","1","1466",""
"۳/۴ پیمانه شکر دانه‌ریز","/ شکر دانه‌ریز","1","1466",""
"۲/۳ پیمانه شیر پرچرب","/ شیر پرچرب","1","1466",""
"۱ پیمانه خامه قنادی سرد","خامه قنادی سرد","1","1466",""
"۱ پیمانه پنیر ماسکارپونه، هم‌دما با محیط","پنیر ماسکارپونه هم‌دما با محیط","1","1466",""
"۱ پیمانه قهوه دم‌کرده غلیظ، کاملاً خنک‌شده","قهوه دم‌کرده غلیظ کاملاً خنک‌شده","1","1466",""
"۱/۴ پیمانه لیکور قهوه (اختیاری)","/ لیکور قهوه (اختیاری)","1","1466",""
"۲۴ عدد بیسکویت لیدی‌فینگر","بیسکویت لیدی‌فینگر","1","1466",""
"۲ قاشق غذاخوری پودر کاکائو بدون شکر","پودر کاکائو بدون شکر","1","1466",""
"تراشه شکلات تلخ برای تزیین (اختیاری)","تراشه شکلات تلخ  (اختیاری)","1","1466",""
"۲۵۰ گرم گوشت گوساله، خردشده به قطعات ریز مخصوص قیمه","گوشت گوساله خردشده به قطعات ریز مخصوص قیمه","1","1060",""
"۲ تا ۳ قاشق غذاخوری زعفران دم‌کرده غلیظ","تا زعفران دم‌کرده غلیظ","1","1060",""
"۱ کیلوگرم گوشت کانگورو","کیلو گوشت کانگورو","1","1116",""
"۱ کیلوگرم گوشت گوسفند (ران یا ماهیچه)","کیلو گوشت گوسفند (ران یا ماهیچه)","1","1116",""
"۵۰۰ گرم نعناع و جعفری تازه، ریز خردشده","نعناع و جعفری تازه ریز خردشده","1","1116",""
"۱ پیمانه آب‌نارنج یا آب‌لیمو تازه","آب‌نارنج یا آب‌لیمو تازه","1","1116",""
"نیم قاشق غذاخوری زعفران ساییده","نیم زعفران ساییده","1","1116",""
"۲۰۰ گرم پنیر (مثلاً پارمسان یا چدار)","پنیر (مثلاً پارمسان یا چدار)","1","218",""
"تکه‌های اضافه گوشت (گوسفند یا گوساله)","تکه‌های اضافه گوشت (گوسفند یا گوساله)","1","631",""
"سبزیجات متنوع (مانند هویج، پیاز، کرفس یا سبزیجات در دسترس)","سبزیجات متنوع (مانند هویج پیاز کرفس یا سبزیجات در دسترس)","1","631",""
"جو، برنج یا پاستا (اختیاری)","جو برنج یا پاستا (اختیاری)","1","631",""
"۶ عدد چغندر، خردشده","چغندر خردشده","1","690",""
"۱.۵ لیتر آب",". آب","1","690",""
"۱.۵ قاشق چای‌خوری نمک",". قاشق چای‌خوری نمک","1","690",""
"۳ عدد سیب‌زمینی، پخته و نگینی","سیب‌زمینی پخته و نگینی","1","690",""
"۲۵۰ گرم کاهو، خلالی","کاهو خلالی","1","690",""
"۳ برش ژامبون یا کالباس سرد (مانند مورتادلا یا سوسیس خشک)","برش ژامبون یا کالباس سرد (مانند مورتادلا یا سوسیس خشک)","1","800",""
"۱ تا ۲ قاشق چای‌خوری کره یا روغن","تا قاشق چای‌خوری کره یا روغن","1","800",""
"پنیر رنده‌شده یا ورقه‌ای (اختیاری)","پنیر رنده‌شده یا ه‌ای (اختیاری)","1","800",""
"1 کیلوگرم گوشت گوسفند یا گاو، چرخ‌کرده","کیلو گوشت گوسفند یا گاو چرخ‌کرده","1","349",""
"1/4 لیوان ترخون تازه، ریز خرد‌شده","/4 ترخون تازه ریز خرد‌شده","1","349",""
"فلفل سیاه به میزان دلخواه","فلفل سیاه به میزان","1","349",""
"برنج باسماتی برای سرو","برنج باسماتی برای سرو","1","349",""
"زعفران برای سرو","زعفران برای سرو","1","349",""
"کره برای سرو","کره برای سرو","1","349",""
"سبزیجات تازه برای تزئین","سبزیجات تازه برای تزئین","1","349",""
"دارچین، فلفل سیاه و پودر کاری به مقدار لازم","دارچین فلفل سیاه و پودر کاری","1","1151",""
"حدود ۱ متر فویل آلومینیومی","حدود متر فویل آلومینیومی","1","1151",""
"سیب‌زمینی (اختیاری)","سیب‌زمینی (اختیاری)","1","691",""
"1 قاشق غذاخوری خمیرمایه خشک","خمیرمایه خشک","1","1261",""
"1/2 قاشق چای‌خوری بهبوددهنده خمیر","/2 قاشق چای‌خوری بهبوددهنده خمیر","1","1261",""
"۶ عدد کدوی متوسط","کدوی متوسط","1","693",""
"۱ بوته سیر متوسط، ریز خردشده","بوته سیر متوسط ریز خردشده","1","693",""
"¼ پیمانه رب گوجه‌فرنگی","¼ رب گوجه‌فرنگی","1","693",""
"۲۵۰ میلی‌لیتر آبِ گوشت","میلی‌ آبِ گوشت","1","693",""
"برنج، چهار پیمانه","برنج چهار","1","130",""
"فلفل سیاه، چهار دانه","فلفل سیاه چهار دانه","1","130",""
"نخود فرنگی، نیم کیلوگرم","نخود فرنگی نیم کیلو","1","130",""
"پیاز، دو عدد","پیاز دو","1","130",""
"سیر، چهار حبه","سیر چهار","1","130",""
"هل، چهار عدد","هل چهار","1","130",""
"هویج، یک عدد","هویج یک","1","130",""
"۳۰۰ گرم اسفناج، شسته و آب‌گرفته","اسفناج شسته و آب‌گرفته","1","1260",""
"۲۰ ورق پاستای کانلونی","پاستای کانلونی","1","1260",""
"۲ قاشق غذاخوری پنیر (از هر نوع دلخواه؛ در صورت شور بودن، نمک را کمتر اضافه کنید)","پنیر (از هر نوع ؛ در صورت شور بودن نمک را کمتر اضافه کنید)","1","696",""
"۱۰ عدد زیتون، حلقه‌شده یا درسته","زیتون حلقه‌شده یا درسته","1","696",""
"۱ کیلوگرم اسفناج، ریز خردشده","کیلو اسفناج ریز خردشده","1","695",""
"۳ ورق ژامبون گوشت گاو پخته","ژامبون گوشت گاو پخته","1","695",""
"۶۰۰ گرم روغن مایع (برای چرب کردن قالب)","روغن مایع (برای چرب کردن قالب)","1","695",""
"۲ قاشق غذاخوری آرد سفید (برای سس)","آرد سفید (برای سس)","1","695",""
"۱/۲ پیمانه شیر (برای سس)","/ شیر (برای سس)","1","695",""
"۱/۲ پیمانه خامه (برای سس)","/ خامه (برای سس)","1","695",""
"۱ قاشق چای‌خوری پوست لیموی رنده‌شده","قاشق چای‌خوری پوست لیموی رنده‌شده","1","695",""
"۱ پیمانه رشته پلویی خردشده (یا ورمیشل نازک)","رشته پلویی خردشده (یا ورمیشل نازک)","1","1256",""
"پاستا تالیاتلی","پاستا تالیاتلی","1","247",""
"گلچه‌های کلم بروکلی","گلچه‌های کلم بروکلی","1","247",""
"پنیر رنده شده (مانند پارمزان یا گودا)","پنیر رنده شده (مانند پارمزان یا گودا)","1","247",""
"۱ پیمانه شراب قرمز خشک","شراب قرمز خشک","1","1468",""
"۵۰۰ گرم مرغ خردشده","مرغ خردشده","1","1474",""
"۳ قاشق غذاخوری ادویه بریانی","ادویه بریانی","1","1474",""
"۱ قاشق غذاخوری زنجبیل و سیر له‌شده","زنجبیل و سیر له‌شده","1","1474",""
"½ پیمانه برگ نعناع خردشده","½ برگ نعناع خردشده","1","1474",""
"½ پیمانه برگ گشنیز خردشده","½ برگ گشنیز خردشده","1","1474",""
"ادویه کامل (۲–۳ عدد هل، ۲–۳ عدد میخک، ۱ تکه چوب دارچین)","ادویه کامل ( هل عدد میخک تکه چوب دارچین)","1","1474",""
"اختیاری: پیاز داغ برای تزیین","اختیاری: پیاز داغ","1","1474",""
"روغن مایع گیاهی، به میزان لازم برای سرخ کردن","روغن مایع گیاهی  برای سرخ کردن","1","795",""
"۶ عدد ران مرغ بدون استخوان با پوست سالم","ران مرغ بدون استخوان با پوست سالم","1","849",""
"۲ عدد هویج متوسط، خلالی و نازک","هویج متوسط خلالی و نازک","1","849",""
"۲ ساقه کرفس کوچک، خلالی و نازک","ساقه کرفس کوچک خلالی و نازک","1","849",""
"۲ عدد کدو سبز، خلالی و نازک","کدو سبز خلالی و نازک","1","849",""
"۳ قاشق غذاخوری آب‌لیمو تازه یا سرکه سفید","آب‌لیمو تازه یا سرکه سفید","1","849",""
"۱۰۰ گرم روغن یا کره ذوب‌شده","روغن یا کره ذوب‌شده","1","849",""
"۱ کیلوگرم مرغ، خردشده","کیلو مرغ خردشده","1","850",""
"۲۰۰ گرم قارچ دکمه‌ای، ورقه‌ای خردشده","قارچ دکمه‌ای ورقه‌ای خردشده","1","850",""
"۱۰۰ گرم پنیر سفید خردشده (مشابه فتا)","پنیر سفید خردشده (مشابه فتا)","1","698",""
"۲ تا ۳ قاشق غذاخوری جعفری تازه، ریز خردشده","تا جعفری تازه ریز خردشده","1","698",""
"۱ قاشق چای‌خوری زیره یا رازیانه (اختیاری)","قاشق چای‌خوری زیره یا رازیانه (اختیاری)","1","698",""
"۱ عدد سفیده تخم‌مرغ، کمی زده‌شده","سفیده تخم‌مرغ  زده‌شده","1","698",""
"۳۰۰ گرم گوشت گوساله، خردشده به مکعب‌های ۱ سانتی‌متری","گوشت گوساله خردشده به مکعب‌های سانتی‌متری","1","1253",""
"۲ عدد گوجه‌فرنگی متوسط، حلقه‌شده","گوجه‌فرنگی متوسط حلقه‌شده","1","1253",""
"۵ تا ۶ عدد فلفل سبز کبابی، از طول نصف‌شده","تا فلفل سبز کبابی از طول نصف‌شده","1","1253",""
"کلم – چند برگ، بسیار نازک خردشده","کلم چند برگ بسیار نازک خردشده","1","1259",""
"کدو سبز – ۱ عدد، خلالی","کدو سبز خلالی","1","1259",""
"فلفل دلمه‌ای – در صورت تمایل، نازک خردشده","فلفل دلمه‌ای در صورت تمایل نازک خردشده","1","1259",""
"خمیر رول یا خمیر اسپرینگ رول – ۱۰ ورق","خمیر رول یا خمیر اسپرینگ رول","1","1259",""
"پرک فلفل قرمز","پرک فلفل قرمز","1","222",""
"۱ کیلوگرم بال مرغ، بدون پوست","کیلو بال مرغ بدون پوست","1","1252",""
"۴ قاشق غذاخوری سس سویا روشن","سس سویا روشن","1","1252",""
"۱ قاشق چای‌خوری سس سویا تیره","قاشق چای‌خوری سس سویا تیره","1","1252",""
"۱ قاشق چای‌خوری شکر قهوه‌ای","قاشق چای‌خوری شکر قهوه‌ای","1","1252",""
"۱ قاشق غذاخوری روغن بادام یا روغن مایع","روغن بادام یا روغن مایع","1","1252",""
"۱ عدد ماهی سالمون یا قزل‌آلا کامل","ماهی سالمون یا قزل‌آلا کامل","1","219",""
"۶ عدد گوجه فرنگی رسیده","گوجه فرنگی رسیده","1","219",""
"۲ قاشق غذاخوری نخود فرنگی (پخته یا کنسروی)","نخود فرنگی (پخته یا کنسروی)","1","219",""
"۲ قاشق غذاخوری ترخون تازه خرد شده","ترخون تازه خرد شده","1","219",""
"پوست و آب نصف پرتقال","پوست و آب نصف پرتقال","1","219",""
"۵۰۰ گرم فیله‌ی مرغ","فیله‌ی مرغ","1","132",""
"۱ عدد فلفل دلمه‌ای سبز کوچک، خردشده","فلفل دلمه‌ای سبز کوچک خردشده","1","699",""
"¾ پیمانه پنیر پیتزای رنده‌شده","¾ پنیر پیتزای رنده‌شده","1","699",""
"½ قاشق غذاخوری پونه خشک یا مرزنجوش","½ پونه خشک یا مرزنجوش","1","699",""
"⅓ قاشق چای‌خوری پودر سیر","⅓ قاشق چای‌خوری پودر سیر","1","699",""
"میگوی پاک‌شده – ۱ کیلوگرم","میگوی پاک‌شده کیلو","1","1247",""
"آبلیمو تازه – ۱ تا ۲ عدد","آبلیمو تازه تا","1","1247",""
"آبجو – ۱/۳ پیمانه + ۱ قاشق غذاخوری","آبجو / + قاشق غذاخوری","1","1247",""
"سس تند (تاباسکو) – ۱ قاشق چای‌خوری","سس تند (تاباسکو) قاشق چای‌خوری","1","1247",""
"پودر خمیرمایه فوری – ۱ قاشق غذاخوری","پودر خمیرمایه فوری","1","1247",""
"فلفل قرمز یا پاپریکا – ۱/۴ قاشق چای‌خوری","فلفل قرمز یا پاپریکا / قاشق چای‌خوری","1","1247",""
"فیله گوجه‌فرنگی خردشده – ۱ قاشق غذاخوری","فیله گوجه‌فرنگی خردشده","1","1247",""
"آرد اضافه – به میزان لازم","آرد اضافه","1","1247",""
"سس تارتار – ۱ و ۱/۲ پیمانه","سس تارتار و /","1","1247",""
"۱ پیمانه سیب‌زمینی رنده شده","سیب‌زمینی رنده شده","1","496",""
"۱ عدد نان گرد کوچک","نان گرد کوچک","1","738",""
"۱ پیمانه کرفس خلالی ریز","کرفس خلالی ریز","1","738",""
"½ پیمانه سس مایونز (تقسیم‌شده)","½ سس مایونز (تقسیم‌شده)","1","738",""
"½ پیمانه زیتون سیاه","½ زیتون سیاه","1","738",""
"۶ برش نان تست سفید","برش نان تست سفید","1","738",""
"۲۰۰ گرم سینه مرغ یا بوقلمون پخته و ورقه‌شده","سینه مرغ یا بوقلمون پخته و ورقه‌شده","1","738",""
"۱۵۰ گرم ژامبون یا مخلوط گوشت‌های سرد","ژامبون یا مخلوط گوشت‌های سرد","1","738",""
"۱ عدد پرتقال یا نارنگی، برش نازک","پرتقال یا نارنگی برش نازک","1","738",""
"¼ پیمانه پسته پوست‌کنده","¼ پسته پوست‌کنده","1","738",""
"۶ تا ۸ عدد تربچه، به شکل گل تزئین‌شده","تا تربچه به شکل گل تزئین‌شده","1","738",""
"۲ قاشق چای‌خوری آویشن خشک یا ریحان خشک","قاشق چای‌خوری آویشن خشک یا ریحان خشک","1","1241",""
"½ قاشق چای‌خوری فلفل تند یا سس تند","½ قاشق چای‌خوری فلفل تند یا سس تند","1","1241",""
"۳ تا ۴ قاشق غذاخوری پنیر پارمزان رنده‌شده","تا پنیر پارمزان رنده‌شده","1","1241",""
"قارچ کنسرو شده: 2 فنجان","قارچ کنسرو شده: فنجان","1","110",""
"پیاز داغ عسلی: 3 قاشق سوپخوری","پیاز داغ عسلی: قاشق سوپخوری","1","110",""
"رب گوجه فرنگی: 2 قاشق سوپخوری","رب گوجه فرنگی: قاشق سوپخوری","1","110",""
"سس مایونز: 3 فنجان","سس مایونز: فنجان","1","110",""
"آب گوشت: 1 فنجان","آب گوشت: فنجان","1","110",""
"آب ولرم – ۱/۲ پیمانه (۱۲۰ میلی‌لیتر)","آب ولرم / ( میلی‌لیتر)","1","1242",""
"روغن مایع – ۲ قاشق غذاخوری (به‌علاوه مقداری برای سرخ کردن)","روغن مایع (به‌علاوه  برای سرخ کردن)","1","1242",""
"روغن – به مقدار لازم برای سس","روغن  برای سس","1","1025",""
"روغن مایع خنثی (گیاهی یا آفتابگردان)، برای سرخ کردن","روغن مایع خنثی (گیاهی یا آفتابگردان) برای سرخ کردن","1","700",""
"۱ کیلوگرم گوشت بره (ترجیحاً با استخوان)","کیلو گوشت بره (ترجیحاً با استخوان)","1","626",""
"۵۰۰ گرم کلم قرمز، خلالی‌شده","کلم قرمز خلالی‌شده","1","626",""
"۱۰۰ گرم چغندر، خلالی","چغندر خلالی","1","626",""
"۱۰۰ گرم شوید تازه یا ترخون تازه","شوید تازه یا ترخون تازه","1","626",""
"رب گوجه‌فرنگی تفت‌داده‌شده (به مقدار آماده‌شده)","رب گوجه‌فرنگی تفت‌داده‌شده (به مقدار آماده‌شده)","1","626",""
"۲ پیمانه پیاز خردشده، تفت‌داده","پیاز خردشده تفت‌داده","1","702",""
"۲ پیمانه بادمجان پوست‌کنده و خردشده، تفت‌داده","بادمجان پوست‌کنده و خردشده تفت‌داده","1","702",""
"۲ پیمانه قارچ خردشده، تفت‌داده","قارچ خردشده تفت‌داده","1","702",""
"۱ قاشق چای‌خوری نعناع خشک","قاشق چای‌خوری نعناع خشک","1","702",""
"روغن زیتون، برای تفت‌دادن و پخت","روغن زیتون برای تفت‌دادن و پخت","1","702",""
"پرتقال تازه (آب، رنده پوست و حلقه‌شده)","پرتقال تازه (آب رنده پوست و حلقه‌شده)","1","864",""
"هویج پوست‌کنده و حلقه‌شده","هویج پوست‌کنده و حلقه‌شده","1","864",""
"آب ولرم – ۱ و ۱/۲ پیمانه","آب ولرم و /","1","921",""
"خمیرمایه – ۱ و ۱/۲ قاشق چای‌خوری","خمیرمایه و / قاشق چای‌خوری","1","921",""
"روغن زیتون – ۴ قاشق غذاخوری (برای خمیر)","روغن زیتون (برای خمیر)","1","921",""
"آرد سفید – ۳ و ۱/۳ پیمانه","آرد سفید و /","1","921",""
"سینه مرغ ورقه‌شده – ۲ عدد","سینه مرغ ورقه‌شده","1","921",""
"روغن زیتون – ۳ قاشق غذاخوری (برای مواد رویه)","روغن زیتون (برای مواد رویه)","1","921",""
"پیازچه خردشده – ۱/۳ پیمانه","پیازچه خردشده /","1","921",""
"قارچ خردشده – ۱/۲ پیمانه","قارچ خردشده /","1","921",""
"جعفری خردشده – ۱/۴ پیمانه","جعفری خردشده /","1","921",""
"۱ کیلوگرم بادمجان، پوست‌گرفته به‌صورت راه‌راه و حلقه‌ای","کیلو بادمجان پوست‌گرفته به‌صورت راه‌راه و حلقه‌ای","1","1239",""
"۲ عدد سیب‌زمینی متوسط، پوست‌گرفته و حلقه‌ای","سیب‌زمینی متوسط پوست‌گرفته و حلقه‌ای","1","1239",""
"۱ عدد پیاز متوسط، حلقه‌ای","پیاز متوسط حلقه‌ای","1","1239",""
"۱ عدد فلفل دلمه‌ای، حلقه‌ای","فلفل دلمه‌ای حلقه‌ای","1","1239",""
"۴ عدد گوجه‌فرنگی، حلقه‌ای","گوجه‌فرنگی حلقه‌ای","1","1239",""
"۴ قاشق غذاخوری سبزی تازه خردشده (جعفری، گشنیز، مرزه، نعناع)","سبزی تازه خردشده (جعفری گشنیز مرزه نعناع)","1","1239",""
"دو سوم فنجان ماست","دو سوم فنجان ماست","1","223",""
"یک قاشق مرباخوری سس خردل","یک سس خردل","1","223",""
"دو عدد ساقه کرفس","دو ساقه کرفس","1","223",""
"یک عدد فلفل دلمه ای سبز","یک فلفل دلمه ای سبز","1","223",""
"یک قاشق مرباخوری بادام خرد شده","یک بادام خرد شده","1","223",""
"پیاز، نگینی ریز","پیاز نگینی ریز","1","865",""
"100 گرم گوشت گوسفند چرخ شده","گوشت گوسفند چرخ شده","1","225",""
"1 قاشق سوپ‌خوری پنیر پیتزا","قاشق سوپ‌خوری پنیر پیتزا","1","225",""
"اسپاگتی یا ماکارونی: به میزان لازم","اسپاگتی یا ماکارونی:","1","114",""
"نمک: ۲ قاشق غذاخوری برای هر بسته ماکارونی","نمک: برای هر بسته ماکارونی","1","114",""
"پنیر رنده شده: گرویر یا هلندی به میزان لازم","پنیر رنده شده: گرویر یا هلندی","1","114",""
"۴ فیله ماهی سفید (مانند تیلاپیا یا اسنپر)","فیله ماهی سفید (مانند تیلاپیا یا اسنپر)","1","1538",""
"۱ عدد فلفل دلمه‌ای قرمز یا سبز، نگینی خردشده","فلفل دلمه‌ای قرمز یا سبز نگینی خردشده","1","1538",""
"۱ قاشق چای‌خوری کَپَر، شسته‌شده","قاشق چای‌خوری کَپَر شسته‌شده","1","1538",""
"۱/۲ پیمانه زیتون سیاه، حلقه‌شده","/ زیتون سیاه حلقه‌شده","1","1538",""
"۱/۲ قاشق چای‌خوری پودر چیلی","/ قاشق چای‌خوری پودر چیلی","1","1538",""
"۱ و نیم لیوان گوشت چرخ‌کرده","و نیم گوشت چرخ‌کرده","1","498",""
"۲ قاشق غذاخوری از هر یک از سبزی‌های تازه خردشده (نعناع، ترخون، شوید، مرزه، گشنیز، پیازچه، جعفری)","از هر یک از سبزی‌های تازه خردشده (نعناع ترخون شوید مرزه گشنیز پیازچه جعفری)","1","498",""
"نیم لیوان کره آب‌شده یا روغن","نیم کره آب‌شده یا روغن","1","498",""
"چغندر (لبو)","چغندر (لبو)","1","707",""
"سبزی آش (تره، جعفری، گشنیز و اسفناج)","سبزی آش (تره جعفری گشنیز و اسفناج)","1","707",""
"۱ عدد گوجه‌فرنگی بزرگ، ورقه‌شده","گوجه‌فرنگی بزرگ ورقه‌شده","1","744",""
"۶ عدد سینه مرغ بزرگ با بخش کوچکی از بال متصل","سینه مرغ بزرگ با بخش کوچکی از بال متصل","1","874",""
"۱ پیمانه نان خشک خردشده یا پودر سوخاری","نان خشک خردشده یا پودر سوخاری","1","874",""
"گیاهان خوشبو (جعفری، ریحان و گشنیز) به میزان لازم","گیاهان خوشبو (جعفری ریحان و گشنیز)","1","230",""
"۵۰ گرم پنیر رنده شده (پارمزان، گودا یا چدار)","پنیر رنده شده (پارمزان گودا یا چدار)","1","230",""
"تکه‌های مرغ به تعداد نفرات","تکه‌های مرغ به تعداد نفرات","1","118",""
"۱ قاشق غذاخوری پودر ارگانو","پودر ارگانو","1","231",""
"سینه مرغ – فیله‌شده","سینه مرغ فیله‌شده","1","875",""
"سه عدد فلفل دلمه‌ای","سه فلفل دلمه‌ای","1","415",""
"دویست گرم گوشت چرخ‌کرده","دویست گوشت چرخ‌کرده","1","415",""
"یک عدد بادنجان","یک بادنجان","1","415",""
"صد گرم پنیر موزارلا (اختیاری)","صد پنیر موزارلا (اختیاری)","1","415",""
"۱ کیلوگرم ماست چکیده یا ماست غلیظ","کیلو ماست چکیده یا ماست غلیظ","1","706",""
"۲ عدد پیاز متوسط، پوست‌کنده و خلالی درشت","پیاز متوسط پوست‌کنده و خلالی درشت","1","706",""
"½ قاشق چای‌خوری زعفران ساییده","½ قاشق چای‌خوری زعفران ساییده","1","706",""
"۲ گرم پودر هل و میخک","پودر هل و میخک","1","706",""
"۵ گرم پودر دارچین و پودر تخم گشنیز","پودر دارچین و پودر تخم گشنیز","1","706",""
"۱ کیلوگرم کدو سبز ریز، خالی‌شده","کیلو کدو سبز ریز خالی‌شده","1","1228",""
"نصف پیمانه دانه کاج یا بادام ورقه‌ای","نصف دانه کاج یا بادام ورقه‌ای","1","1228",""
"۱ کیلوگرم ماست ساده","کیلو ماست ساده","1","1228",""
"۲ قاشق غذاخوری نشاسته","نشاسته","1","1228",""
"دارچین، نوک قاشق","دارچین نوک قاشق","1","1228",""
"برنج سفید – ۲۵۰ گرم","برنج سفید","1","1229",""
"۵۰۰ گرم کدو سبز، شسته و حلقه‌ای خرد شده","کدو سبز شسته و حلقه‌ای خرد شده","1","877",""
"۴۰۰ گرم سوسیس، حلقه‌ای خرد شده","سوسیس حلقه‌ای خرد شده","1","877",""
"۳ عدد سیب‌زمینی بزرگ، پوست‌گرفته و ورقه‌ای نازک","سیب‌زمینی بزرگ پوست‌گرفته و ورقه‌ای نازک","1","716",""
"۱۰۰ گرم پنیر آبی، رنده‌شده","پنیر آبی رنده‌شده","1","716",""
"روغن گیاهی مخصوص سرخ‌کردن (با نقطه دود بالا)","روغن گیاهی مخصوص سرخ‌کردن (با نقطه دود بالا)","1","716",""
"اختیاری: کشمش، بادام خلالی، پسته","اختیاری: کشمش بادام خلالی پسته","1","357",""
"۵۰۰ گرم فیله گوساله، نازک خلالی‌شده","فیله گوساله نازک خلالی‌شده","1","894",""
"۳ قاشق غذاخوری سس سویای شیرین","سس سویای شیرین","1","894",""
"۱ قاشق غذاخوری سس سویای شور","سس سویای شور","1","894",""
"۷۵۰ گرم گوشت راسته گوسفند بدون استخوان","گوشت راسته گوسفند بدون استخوان","1","142",""
"۱ قاشق سوپ‌خوری رب گوجه‌فرنگی","قاشق سوپ‌خوری رب گوجه‌فرنگی","1","142",""
"۱۵ عدد بامیه درشت","بامیه درشت","1","717",""
"۲ تا ۳ عدد فلفل سبز تند، خردشده","تا فلفل سبز تند خردشده","1","717",""
"نصف پیمانه ریحان و ترخون تازه، ساطوری","نصف ریحان و ترخون تازه ساطوری","1","717",""
"نمک، زردچوبه و فلفل سیاه به میزان لازم","نمک زردچوبه و فلفل سیاه","1","717",""
"2 فنجان ماکارونی شکل‌دار نپخته","فنجان ماکارونی شکل‌دار نپخته","1","33",""
"1/4 فنجان شیر","/4 فنجان شیر","1","33",""
"1/2 قاشق چای‌خوری آب لیموترش","/2 قاشق چای‌خوری آب لیموترش","1","33",""
"1/4 فنجان گوشت خرد شده","/4 فنجان گوشت خرد شده","1","33",""
"۷۵۰ گرم فیله ماهی بدون پوست و استخوان، خردشده به قطعات ۱٫۵ تا ۲٫۵ سانتی‌متری (تن، سالمون یا ماهی‌های درشت مشابه)","فیله ماهی بدون پوست و استخوان خردشده به قطعات ٫ تا ٫ سانتی‌متری (تن سالمون یا ماهی‌های درشت مشابه)","1","1007",""
"۲ قاشق غذاخوری ریحان تازه، ساطوری‌شده","ریحان تازه ساطوری‌شده","1","1007",""
"سبزیجات کبابی، در صورت تمایل برای سرو","سبزیجات کبابی در صورت تمایل برای سرو","1","1007",""
"برش‌های لیمو تازه، در صورت تمایل برای سرو","برش‌های لیمو تازه در صورت تمایل برای سرو","1","1007",""
"½ قاشق چای‌خوری شکر","½ قاشق چای‌خوری شکر","1","1221",""
"۱۵ گرم مخمر (خمیرمایه)","مخمر (خمیرمایه)","1","1221",""
"سیر، به مقدار دلخواه","سیر به مقدار","1","1221",""
"فلفل سیاه، به مقدار دلخواه","فلفل سیاه به مقدار","1","1221",""
"خیار تازه، حلقه‌شده با ضخامت یکنواخت","خیار تازه حلقه‌شده با ضخامت یکنواخت","1","720",""
"میگوی پخته، پوست‌کنده و رگ‌گیری‌شده","میگوی پخته پوست‌کنده و رگ‌گیری‌شده","1","720",""
"برنج - یک پیمانه","برنج یک","1","136",""
"تخم‌مرغ - یک عدد","تخم‌مرغ یک","1","136",""
"ماست - یک قاشق غذاخوری","ماست یک","1","136",""
"روغن مایع - دو قاشق غذاخوری","روغن مایع دو","1","136",""
"۱ عدد انبه رسیده، پوست‌گرفته و نگینی","انبه رسیده پوست‌گرفته و نگینی","1","900",""
"۱۵۰ گرم سوسیس دودی ورقه‌شده","سوسیس دودی ورقه‌شده","1","900",""
"۱۵۰ گرم پنیر پیتزا، مکعبی","پنیر پیتزا مکعبی","1","900",""
"۱۲ عدد گوجه گیلاسی زرد، نصف‌شده","گوجه گیلاسی زرد نصف‌شده","1","900",""
"آرد، برای تهیه خمیر","آرد برای تهیه خمیر","1","900",""
"خمیرمایه، برای تهیه خمیر","خمیرمایه برای تهیه خمیر","1","900",""
"آب، برای تهیه خمیر","آب برای تهیه خمیر","1","900",""
"۳ قاشق غذاخوری روغن زیتون، برای خمیر و رویه","روغن زیتون برای خمیر و رویه","1","900",""
"گوجه‌فرنگی سفت و رسیده، هم‌اندازه","گوجه‌فرنگی سفت و رسیده هم‌اندازه","1","722",""
"خیار تازه","خیار تازه","1","722",""
"سس مایونز (برند دلخواه)","سس مایونز (برند )","1","722",""
"۲ عدد گوجه‌فرنگی رسیده، نگینی خردشده","گوجه‌فرنگی رسیده نگینی خردشده","1","793",""
"½ پیمانه پنیر فتا، خردشده","½ پنیر فتا خردشده","1","793",""
"۱۵۰ گرم سبزی‌های تازه خرد شده (مانند جعفری، گشنیز یا پیازچه)","سبزی‌های تازه خرد شده (مانند جعفری گشنیز یا پیازچه)","1","420",""
"۲ قاشق سوپخوری آرد گندم","قاشق سوپخوری آرد گندم","1","420",""
"ادویه‌ها به مقدار لازم (مانند زردچوبه و فلفل سیاه)","ادویه‌ها  (مانند زردچوبه و فلفل سیاه)","1","420",""
"۲ قاشق غذاخوری روغن نباتی یا کره","روغن نباتی یا کره","1","341",""
"ساقه‌های کرفس ترد و تازه","ساقه‌های کرفس ترد و تازه","1","725",""
"سس (بشامل یا سس گوجه‌فرنگی)","سس (بشامل یا سس گوجه‌فرنگی)","1","725",""
"گوجه‌فرنگی پوست‌گرفته و ورقه‌شده","گوجه‌فرنگی پوست‌گرفته و ه‌شده","1","726",""
"بادمجان سرخ‌شده ورقه‌ای","بادمجان سرخ‌شده ه‌ای","1","726",""
"فلفل سبز خردشده","فلفل سبز خردشده","1","726",""
"گردوی پوست‌کنده","گردوی پوست‌کنده","1","726",""
"سیب‌زمینی آب‌پز و خردشده (اختیاری)","سیب‌زمینی آب‌پز و خردشده (اختیاری)","1","726",""
"1 و 1/2 پیمانه نخود سبز پخته شده","و /2 نخود سبز پخته شده","1","147",""
"350 گرم قارچ ورقه و تفت داده شده","قارچ ورقه و تفت داده شده","1","147",""
"2 تا 3 قاشق غذاخوری ادویه کاری","تا 3 ادویه کاری","1","147",""
"500 گرم سیب زمینی نگینی خرد و سرخ شده","سیب زمینی نگینی خرد و سرخ شده","1","147",""
"شیر – ½ تا ۱ پیمانه","شیر ½ تا","1","1216",""
"کمپوت آلو – ۲۰۰ گرم","کمپوت آلو","1","1216",""
"پودینگ وانیلی آماده – ۲ پیمانه","پودینگ وانیلی آماده","1","1216",""
"کمپوت سیب – ۱۵۰ گرم","کمپوت سیب","1","1216",""
"کمپوت گلابی – ۱۵۰ گرم","کمپوت گلابی","1","1216",""
"۲ کیلوگرم باقلا سبز تازه، دانه‌شده و پوست‌کنده","کیلو باقلا سبز تازه دانه‌شده و پوست‌کنده","1","646",""
"1 عدد فلفل دلمه ای سبز، خرد شده","فلفل دلمه ای سبز خرد شده","1","238",""
"1 عدد فلفل دلمه ای قرمز، خرد شده","فلفل دلمه ای قرمز خرد شده","1","238",""
"1 لیوان زیتون سیاه، نصف شده","زیتون سیاه نصف شده","1","238",""
"1/2 قاشق چای‌خوری فلفل","/2 قاشق چای‌خوری فلفل","1","238",""
"1/2 قاشق چای‌خوری پونه کوهی","/2 قاشق چای‌خوری پونه کوهی","1","238",""
"۱/۲ پیمانه زیتون سیاه خردشده","/ زیتون سیاه خردشده","1","909",""
"نان باگت، برش‌خورده","نان باگت برش‌خورده","1","909",""
"گوشت گوسفند ۵۰۰ گرم، خرد شده","گوشت گوسفند خرد شده","1","368",""
"دارچین ۱/۲ قاشق چای‌خوری","دارچین / قاشق چای‌خوری","1","368",""
"برنج ۴.۵ پیمانه","برنج .","1","368",""
"قارچ تازه (ورقه‌شده)","قارچ تازه (ه‌شده)","1","915",""
"حبه سیر (ریز خردشده)","سیر (ریز خردشده)","1","915",""
"پنیر موزارلا (رنده‌شده)","پنیر موزارلا (رنده‌شده)","1","915",""
"پنیر پارمزان (رنده‌شده)","پنیر پارمزان (رنده‌شده)","1","915",""
"جعفری تازه (خردشده)","جعفری تازه (خردشده)","1","915",""
"فلفل قرمز پرک (اختیاری)","فلفل قرمز پرک (اختیاری)","1","915",""
"1 بسته در حدود 400 گرم اسپاگتی","بسته در حدود 400 اسپاگتی","1","255",""
"1/2 قاشق چای‌خوری پودر سیر","/2 قاشق چای‌خوری پودر سیر","1","255",""
"1 لیوان پنیر رنده شده ایتالیایی یا هلندی","پنیر رنده شده ایتالیایی یا هلندی","1","255",""
"نیم لیوان زیتون بدون هسته","نیم زیتون بدون هسته","1","252",""
"ربع قاشق چایخوری نمک","ربع نمک","1","252",""
"ربع قاشق چایخوری فلفل سیاه","ربع فلفل سیاه","1","252",""
"ربع لیوان پنیر پرچرب","ربع پنیر پرچرب","1","252",""
"۱۵۰ گرم سبزیجات خرد شده (شامل تره‌فرنگی، جعفری، گشنیز، شوید)","سبزیجات خرد شده (شامل تره‌فرنگی جعفری گشنیز شوید)","1","150",""
"۱ عدد خمیر یا نان پیتزا آماده","خمیر یا نان پیتزا آماده","1","923",""
"۱/۲ پیمانه آناناس خردشده","/ آناناس خردشده","1","923",""
"۱ پیمانه گوشت پخته چرخ‌کرده یا ورقه‌ای","گوشت پخته چرخ‌کرده یا ورقه‌ای","1","923",""
"۱ قاشق غذاخوری سبزی تازه خردشده (مانند جعفری یا آویشن)","سبزی تازه خردشده (مانند جعفری یا آویشن)","1","923",""
"۲ کیلوگرم ماهی تمیز و بدون استخوان (ترجیحاً ماهی سفید با طعم ملایم)","کیلو ماهی تمیز و بدون استخوان (ترجیحاً ماهی سفید با طعم ملایم)","1","622",""
"برگ و ساقه ترشک","برگ و ساقه ترشک","1","1213",""
"آرد نان","آرد نان","1","256",""
"پنیر رنده شده مانند پارمزان یا موزارلا","پنیر رنده شده مانند پارمزان یا موزارلا","1","256",""
"سبزیجات تازه خرد شده مانند ریحان یا جعفری","سبزیجات تازه خرد شده مانند ریحان یا جعفری","1","256",""
"یک پیاز بزرگ خرد شده","یک پیاز بزرگ خرد شده","1","262",""
"یک فلفل دلمه‌ای خرد شده","یک فلفل دلمه‌ای خرد شده","1","262",""
"نخود فرنگی ۱۰۰ گرم پخته شده","نخود فرنگی پخته شده","1","262",""
"۱/۳ فنجان روغن زیتون","/ فنجان روغن زیتون","1","262",""
"۵۰۰ گرم فیله یا راسته گوساله، نازک برش‌خورده","فیله یا راسته گوساله نازک برش‌خورده","1","1258",""
"۱۵۰ میلی‌لیتر خامه ترش","میلی‌ خامه ترش","1","1258",""
"آرد - 1/4 پیمانه","آرد /4","1","258",""
"فلفل - 1/8 قاشق چایخوری","فلفل /8","1","258",""
"پنیر چدار - 1 و 1/4 پیمانه","پنیر چدار و /4","1","258",""
"نان تست - 2 قطعه","نان تست قطعه","1","258",""
"۶ برش ژامبون یا کالباس","برش ژامبون یا کالباس","1","727",""
"سوسیس (ریز خرد یا چرخ‌شده)","سوسیس (ریز خرد یا چرخ‌شده)","1","731",""
"خیارشور (ریز خردشده)","خیارشور (ریز خردشده)","1","731",""
"اختیاری: خردل آماده","اختیاری: خردل آماده","1","731",""
"۵۰۰ گرم ماهی (مانند سالمون یا کاد)، خردشده","ماهی (مانند سالمون یا کاد) خردشده","1","1537",""
"۲ تا ۳ حبه سیر، رنده یا خردشده","تا سیر رنده یا خردشده","1","1537",""
"۱ قوطی (۴۰۰ گرم) شیر نارگیل","قوطی ( ) شیر نارگیل","1","1537",""
"۲۵۰ گرم پنیر خامه ای","پنیر خامه ای","1","257",""
"یک حبه سیر خرده شده","یک سیر خرده شده","1","257",""
"دو قاشق چایخوری مرزنجوش خشک شده","دو مرزنجوش خشک شده","1","257",""
"نصف پیمانه موزارلا (در صورت دلخواه)","نصف موزارلا (در صورت )","1","257",""
"شیر – ۱ لیتر (برای خیساندن سویا)","شیر (برای خیساندن سویا)","1","1047",""
"سیب‌زمینی – ۱ عدد بزرگ، آب‌پز","سیب‌زمینی بزرگ آب‌پز","1","1047",""
"کدو سبز – ۱ عدد بزرگ","کدو سبز بزرگ","1","1047",""
"زنجبیل تازه یا پودر زنجبیل – یک تکه کوچک یا ½ قاشق چای‌خوری","زنجبیل تازه یا پودر زنجبیل یک تکه کوچک یا ½ قاشق چای‌خوری","1","1047",""
"آب نارنج یا آب‌لیمو – به مقدار ۱ عدد","آب نارنج یا آب‌لیمو به مقدار","1","1047",""
"نمک، فلفل سیاه و ادویه‌های دلخواه – به میزان لازم","نمک فلفل سیاه و ادویه‌های","1","1047",""
"⅓ پیمانه پیاز خردشده","⅓ پیاز خردشده","1","930",""
"⅓ پیمانه فلفل دلمه‌ای خردشده","⅓ فلفل دلمه‌ای خردشده","1","930",""
"¼ پیمانه قارچ خردشده","¼ قارچ خردشده","1","930",""
"½ قاشق چای‌خوری پودر سیر","½ قاشق چای‌خوری پودر سیر","1","930",""
"½ پیمانه ماست کم‌چرب","½ ماست کم‌چرب","1","930",""
"۱۲ عدد زیتون سیاه یا سبز","زیتون سیاه یا سبز","1","930",""
"۱ قاشق چای‌خوری پودر سبزیجات معطر مخلوط","قاشق چای‌خوری پودر سبزیجات معطر مخلوط","1","930",""
"گوشت خورشتی خردشده (اختیاری)","گوشت خورشتی خردشده (اختیاری)","1","614",""
"۵۰۰ گرم قارچ دکمه‌ای، خردشده","قارچ دکمه‌ای خردشده","1","614",""
"۱ قاشق چای‌خوری مرزنجوش خشک","قاشق چای‌خوری مرزنجوش خشک","1","614",""
"ساقه کرفس (ترجیحاً قسمت‌های سفید و داخلی)","ساقه کرفس (ترجیحاً قسمت‌های سفید و داخلی)","1","730",""
"سبزی تازه مانند شوید یا نعناع، ریز خردشده","سبزی تازه مانند شوید یا نعناع ریز خردشده","1","730",""
"۱۰۰۰ گرم کلم سفید، درشت خردشده","کلم سفید درشت خردشده","1","686",""
"۲ پیمانه (۴۰۰ گرم) برنج","( گرم) برنج","1","161",""
"گل‌کلم پخته و ریز خردشده","گل‌کلم پخته و ریز خردشده","1","1209",""
"سبزی‌های تازه مخلوط (جعفری، شوید، تره یا چایوز)، ریز خردشده","سبزی‌های تازه مخلوط (جعفری شوید تره یا چایوز) ریز خردشده","1","1209",""
"پنیر رنده‌شده (مانند گرویر یا پارمزان)","پنیر رنده‌شده (مانند گرویر یا پارمزان)","1","1209",""
"شیر یا خامه","شیر یا خامه","1","1209",""
"۱ تکه چوب دارچین یا ۱/۲ قاشق چای‌خوری دارچین آسیاب شده","تکه چوب دارچین یا / قاشق چای‌خوری دارچین آسیاب شده","1","266",""
"۲ قاشق چای‌خوری زیره آسیاب شده","قاشق چای‌خوری زیره آسیاب شده","1","266",""
"۲ قاشق چای‌خوری گشنیز آسیاب شده","قاشق چای‌خوری گشنیز آسیاب شده","1","266",""
"۲۵۰ گرم گوجه‌فرنگی، دوتکه شده","گوجه‌فرنگی دوتکه شده","1","266",""
"۵۰ گرم کشمش یا ۱/۲ پیمانه","گرم کشمش یا /","1","266",""
"۱/۳ پیمانه روغن زیتون (اضافی)","/ روغن زیتون (اضافی)","1","266",""
"۱/۳ پیمانه بادام‌زمینی برشته","/ بادام‌زمینی برشته","1","266",""
"۱/۴ پیمانه برگ ریحان تازه، خرد شده","/ برگ ریحان تازه خرد شده","1","266",""
"۵ عدد سیب‌زمینی متوسط، آب‌پز و کاملاً له‌شده","سیب‌زمینی متوسط آب‌پز و کاملاً له‌شده","1","1050",""
"3 عدد متوسط کدو سبز","متوسط کدو سبز","1","272",""
"پودر بهار نارنج","پودر بهار نارنج","1","272",""
"1/2 قاشق چایخوری فلفل سیاه","/2 فلفل سیاه","1","272",""
"گوجه فرنگی گیلاسی برای تزئین","گوجه فرنگی گیلاسی برای تزئین","1","272",""
"1/4 فلفل دلمه‌ای","/4 فلفل دلمه‌ای","1","272",""
"4 برش کالباس، خرد شده","برش کالباس خرد شده","1","30",""
"روغن برای تفت دادن","روغن برای تفت دادن","1","30",""
"۱/۴ فنجان پنیر پارمزان رنده شده","/ فنجان پنیر پارمزان رنده شده","1","268",""
"۱ پیمانه لوبیا سبز پخته و خرد شده","لوبیا سبز پخته و خرد شده","1","499",""
"۱/۲ پیمانه گوجه‌فرنگی نگینی","/ گوجه‌فرنگی نگینی","1","499",""
"۱ پیمانه فلفل دلمه‌ای رنگی خرد شده","فلفل دلمه‌ای رنگی خرد شده","1","499",""
"۱.۵ کیلوگرم گوشت راسته گوسفند یا گوساله، خردشده به قطعات ۲ سانتی‌متری",". کیلو گوشت راسته گوسفند یا گوساله خردشده به قطعات سانتی‌متری","1","952",""
"۳ تا ۴ عدد پیاز، رنده‌شده ریز","تا پیاز رنده‌شده ریز","1","952",""
"کره – 2 قاشق غذاخوری (ذوب‌شده)","کره (ذوب‌شده)","1","732",""
"پنیر هلندی رنده‌شده – 1 پیمانه","پنیر هلندی رنده‌شده","1","732",""
"پایه بادمجان: ۶ عدد بادمجان درشت + ۱۵۰ گرم بادمجان اضافه (برای سرخ‌کردن یا رویه)","پایه بادمجان: عدد بادمجان درشت + بادمجان اضافه (برای سرخ‌کردن یا رویه)","1","735",""
"روغن زیتون: ۱۰۰ گرم + ۲۰۰ گرم (برای سرخ‌کردن و تفت‌دادن)","روغن زیتون: + گرم (برای سرخ‌کردن و تفت‌دادن)","1","735",""
"پیش‌غذای اول – بادمجان خامه‌ای و پنیری: ۱۵۰ گرم سس سفید","پیش‌غذای اول بادمجان خامه‌ای و پنیری: سس سفید","1","735",""
"۱۵۰ گرم ژامبون یا سالامی، ریز خردشده","ژامبون یا سالامی ریز خردشده","1","735",""
"پیش‌غذای دوم – بادمجان شکم‌پر پخته: ۲۵۰ گرم ژامبون یا سالامی خردشده","پیش‌غذای دوم بادمجان شکم‌پر پخته: ژامبون یا سالامی خردشده","1","735",""
"۵ عدد گوجه‌فرنگی تازه، پوست‌گرفته و خردشده","گوجه‌فرنگی تازه پوست‌گرفته و خردشده","1","735",""
"۱۵۰ گرم پنیر مخلوط رنده‌شده","پنیر مخلوط رنده‌شده","1","735",""
"۱ پیمانه قارچ کنسروی خردشده","قارچ کنسروی خردشده","1","735",""
"پیش‌غذای سوم – بادمجان شکم‌پر قارچ و نان: ۵۰۰ گرم قارچ کنسروی خردشده","پیش‌غذای سوم بادمجان شکم‌پر قارچ و نان: قارچ کنسروی خردشده","1","735",""
"نصف بوته سیر، ریز خردشده","نصف بوته سیر ریز خردشده","1","735",""
"۱ پیمانه عصاره گوشت یا سبزیجات","عصاره گوشت یا سبزیجات","1","735",""
"۲ عدد نان سفید، خشک و خردشده","نان سفید خشک و خردشده","1","735",""
"۱۵۰ گرم جعفری خردشده (تقسیم‌شده برای داخل مواد و تزیین)","جعفری خردشده (تقسیم‌شده برای داخل مواد و تزیین)","1","735",""
"½ پیمانه ماکارونی شکلی","½ ماکارونی شکلی","1","610",""
"۱ پیمانه سینه مرغ خام، نگینی خردشده","سینه مرغ خام نگینی خردشده","1","610",""
"۳٫۵ پیمانه آبِ مرغ","٫ آبِ مرغ","1","610",""
"۱ ساقه کرفس متوسط، خردشده","ساقه کرفس متوسط خردشده","1","610",""
"۲۰۰ گرم سوسیس، برش خورده","سوسیس برش خورده","1","267",""
"۱۰۰ گرم زیتون سیاه، بدون هسته و حلقه شده","زیتون سیاه بدون هسته و حلقه شده","1","267",""
"۱ قوطی (۴۰۰ گرم) رب گوجه‌فرنگی","قوطی ( ) رب گوجه‌فرنگی","1","267",""
"ماکارونی یا اسپاگتی","ماکارونی یا اسپاگتی","1","283",""
"پنیر رنده شده هلندی یا گرویر","پنیر رنده شده هلندی یا گرویر","1","283",""
"۵۰۰ گرم گوشت چرخ‌کرده (گوسفند یا گوساله)","گوشت چرخ‌کرده (گوسفند یا گوساله)","1","1001",""
"روغن زیتون یا روغن مایع به مقدار لازم برای سرخ کردن","روغن زیتون یا روغن مایع  برای سرخ کردن","1","1001",""
"150 گرم فلفل دلمه ای خرد شده","فلفل دلمه ای خرد شده","1","270",""
"150 گرم کالباس سالامی","کالباس سالامی","1","270",""
"یک قاشق غذاخوری خردل","یک خردل","1","270",""
"۱ عدد سینه مرغ کامل بدون استخوان و بدون چربی","سینه مرغ کامل بدون استخوان و بدون چربی","1","956",""
"۱ قاشق چای‌خوری سماق (اختیاری)","قاشق چای‌خوری سماق (اختیاری)","1","956",""
"بادمجان سبز (ترجیحاً قلمی)","بادمجان سبز (ترجیحاً قلمی)","1","977",""
"گردوی آسیاب‌شده ریز","گردوی آسیاب‌شده ریز","1","977",""
"سیر تازه، له‌شده","سیر تازه له‌شده","1","977",""
"نعنای خشک","نعنای خشک","1","977",""
"انواع کالباس سرد (مانند سالامی و ژامبون)","انواع کالباس سرد (مانند سالامی و ژامبون)","1","736",""
"مارچوبه پخته","مارچوبه پخته","1","736",""
"آناناس حلقه‌شده و گریل‌شده","آناناس حلقه‌شده و گریل‌شده","1","736",""
"ژله آناناس","ژله آناناس","1","736",""
"بادمجان متوسط، مکعبی خرد شده","بادمجان متوسط مکعبی خرد شده","1","264",""
"پیاز بزرگ، درشت خرد شده","پیاز بزرگ درشت خرد شده","1","264",""
"۱۵۰ میلی‌لیتر آب سبزیجات","میلی‌ آب سبزیجات","1","264",""
"۴۰۰ گرم گوجه‌فرنگی پوست‌کنده، خرد شده","گوجه‌فرنگی پوست‌کنده خرد شده","1","264",""
"۱/۴ قاشق چای‌خوری زنجبیل آسیاب شده","/ قاشق چای‌خوری زنجبیل آسیاب شده","1","264",""
"یک قاشق چای‌خوری سبزیجات خشک - اورگانو و رزماری","یک قاشق چای‌خوری سبزیجات خشک اورگانو و رزماری","1","264",""
"۱۲ ورقه لازانیا","ه لازانیا","1","264",""
"نوک قاشق چای‌خوری جوز هندی رنده شده","نوک قاشق چای‌خوری جوز هندی رنده شده","1","264",""
"۱ پیمانه لپه، از شب قبل خیس‌خورده","لپه از شب قبل خیس‌خورده","1","607",""
"۲ و نیم پیمانه روغن","و نیم روغن","1","607",""
"نان سفید، برای سرخ‌کردن و سرو","نان سفید برای سرخ‌کردن و سرو","1","607",""
"۶ عدد تخم‌مرغ درشت، آب‌پز و پوست‌گرفته","تخم‌مرغ درشت آب‌پز و پوست‌گرفته","1","737",""
"۵۰ گرم پنیر فتا ایرانی","پنیر فتا ایرانی","1","737",""
"سبزی تازه (جعفری، نعناع و شوید)، ریز خردشده","سبزی تازه (جعفری نعناع و شوید) ریز خردشده","1","737",""
"۱ پیمانه زیتون مخلوط","زیتون مخلوط","1","737",""
"۵۰ گرم گردو، درشت خردشده","گردو درشت خردشده","1","737",""
"۱ عدد خیار کوچک، نازک برش‌خورده","خیار کوچک نازک برش‌خورده","1","737",""
"گوجه‌فرنگی گیلاسی، نصف‌شده","گوجه‌فرنگی گیلاسی نصف‌شده","1","737",""
"نان تخت ایرانی، برش‌خورده","نان تخت ایرانی برش‌خورده","1","737",""
"روغن زیتون فرابکر، برای روی کار","روغن زیتون فرابکر برای روی کار","1","737",""
"۱ پیمانه نخود خشک، خیسانده‌شده از شب قبل","نخود خشک خیسانده‌شده از شب قبل","1","1057",""
"۱/۲ قاشق چای‌خوری تخم گشنیز آسیاب‌شده","/ قاشق چای‌خوری تخم گشنیز آسیاب‌شده","1","1057",""
"۱/۲ قاشق چای‌خوری پرک فلفل قرمز","/ قاشق چای‌خوری پرک فلفل قرمز","1","1057",""
"تخم‌مرغ‌: ۴ عدد","تخم‌مرغ‌:","1","265",""
"پنیر پیتزا: ۵۰ گرم‌","پنیر پیتزا: ‌","1","265",""
"روغن‌ زیتون‌: ۲ قاشق‌ سوپ‌خوری‌","روغن‌ زیتون‌: قاشق‌ سوپ‌خوری‌","1","265",""
"خامه‌: ۴ قاشق‌ سوپ‌خوری‌","خامه‌: قاشق‌ سوپ‌خوری‌","1","265",""
"اسپاگتی‌: ۴۰۰ گرم‌","اسپاگتی‌: ‌","1","265",""
"کالباس‌: ۱۳۰ گرم‌","کالباس‌: ‌","1","265",""
"سیر: یک‌ حبه‌","سیر: یک‌ ‌","1","265",""
"آب‌: ۸ پیمانه‌","آب‌: ‌","1","265",""
"نمک‌ و فلفل‌: به‌ میزان‌ لازم","نمک‌ و فلفل‌: به‌ میزان‌ لازم","1","265",""
"مرغ (گزینه‌ای متنوع و مناسب برای گریل)","مرغ (گزینه‌ای متنوع و مناسب برای گریل)","1","1008",""
"سالاد","سالاد","1","1008",""
"مواد غذایی فاسدشدنی","مواد غذایی فاسدشدنی","1","1008",""
"زغال (ضروری برای گریل سنتی)","زغال (ضروری برای گریل سنتی)","1","1008",""
"ساق بره","ساق بره","1","606",""
"زنجبیل تازه","زنجبیل تازه","1","606",""
"آب گوشت یا آب سبزیجات","آب گوشت یا آب سبزیجات","1","606",""
"۳۰۰ گرم کره بدون نمک سرد","کره بدون نمک سرد","1","739",""
"۱ عدد تخم‌مرغ (برای رومال)","تخم‌مرغ (برای رومال)","1","739",""
"مواد میانی دلخواه: شکلات، ژامبون حلال یا پنیر","مواد میانی : شکلات ژامبون حلال یا پنیر","1","739",""
"۱ عدد سیب کوچک، پوست‌کنده و نگینی","سیب کوچک پوست‌کنده و نگینی","1","603",""
"۵۰۰ گرم لبو پخته، خردشده","لبو پخته خردشده","1","603",""
"نوک قاشق چای‌خوری پودر آویشن","نوک قاشق چای‌خوری پودر آویشن","1","603",""
"۲٫۵ پیمانه آبِ مرغ یا آبِ سبزیجات، گرم","٫ آبِ مرغ یا آبِ سبزیجات گرم","1","603",""
"1 فنجان عدس","فنجان عدس","1","347",""
"1 و نیم فنجان برنج","و نیم فنجان برنج","1","347",""
"2 عدد هویج بزرگ، خرد شده","هویج بزرگ خرد شده","1","347",""
"1/4 فنجان روغن نباتی","/4 فنجان روغن نباتی","1","347",""
"1 قاشق چایخوری ادویه مخلوط ایرانی (اختیاری)","ادویه مخلوط ایرانی (اختیاری)","1","347",""
"آب به میزان لازم برای پخت برنج","آب  برای پخت برنج","1","347",""
"۲ قاشق غذاخوری پودر نان (اختیاری)","پودر نان (اختیاری)","1","1018",""
"۲ قاشق غذاخوری روغن زیتون یا کره ذوب‌شده","روغن زیتون یا کره ذوب‌شده","1","1018",""
"نیم پیمانه رب گوجه‌فرنگی","نیم رب گوجه‌فرنگی","1","534",""
"۲ هویج بزرگ، برش خورده","هویج بزرگ برش خورده","1","534",""
"یک سوم پیمانه سرکه","یک سوم سرکه","1","534",""
"یک چهارم پیمانه برگ نعناع خرد شده","یک چهارم برگ نعناع خرد شده","1","534",""
"یک چهارم پیمانه برگ جعفری خرد شده","یک چهارم برگ جعفری خرد شده","1","534",""
"یک و نیم قاشق چای‌خوری نمک","یک و نیم قاشق چای‌خوری نمک","1","534",""
"یک چهارم قاشق چای‌خوری فلفل","یک چهارم قاشق چای‌خوری فلفل","1","534",""
"یک و نیم پیمانه نخود فرنگی","یک و نیم نخود فرنگی","1","534",""
"۱ قاشق چای‌خوری پونه کوهی خرد شده","قاشق چای‌خوری پونه کوهی خرد شده","1","534",""
"حدود ۴ پیمانه خمیر داخل ۴ نان باگت، خشک‌شده و خرد یا آسیاب‌شده","حدود خمیر داخل نان باگت خشک‌شده و خرد یا آسیاب‌شده","1","1038",""
"¾ پیمانه جعفری تازه، ریز خردشده","¾ جعفری تازه ریز خردشده","1","1038",""
"½ قاشق چای‌خوری دانه کرفس","½ قاشق چای‌خوری دانه کرفس","1","1038",""
"آب‌لیمو اضافه، به مقدار لازم","آب‌لیمو اضافه","1","1038",""
"گوجه فرنگی - ۱ کیلوگرم","گوجه فرنگی کیلو","1","271",""
"روغن زیتون - ۱/۳ پیمانه","روغن زیتون /","1","271",""
"پنیر پارمسان، در صورت تمایل - ۱ پیمانه","پنیر پارمسان در صورت تمایل","1","271",""
"تن ماهی - ۱ قوطی","تن ماهی قوطی","1","271",""
"آبلیمو - ۱/۳ پیمانه","آبلیمو /","1","271",""
"شوید، خرد شده - ۱ قاشق غذاخوری","شوید خرد شده","1","271",""
"قارچ، برش داده شده - ۲۰۰ گرم","قارچ برش داده شده","1","271",""
"خامه - ۳۰۰ میلی لیتر","خامه میلی","1","271",""
"ترخون، خرد شده - ۱ قاشق غذاخوری","ترخون خرد شده","1","271",""
"سس فلفل تند، در صورت تمایل - ۱ قاشق غذاخوری","سس فلفل تند در صورت تمایل","1","271",""
"بادام زمینی، در صورت تمایل - ۱/۴ پیمانه","بادام زمینی در صورت تمایل /","1","271",""
"کرفس خردشده، به مقدار دلخواه","کرفس خردشده به مقدار","1","1016",""
"چند شاخه جعفری","چند جعفری","1","1016",""
"اختیاری: سماق برای سرو","اختیاری: سماق برای سرو","1","1016",""
"۴۰۰ گرم سیب‌زمینی پخته و کاملاً خنک‌شده","سیب‌زمینی پخته و کاملاً خنک‌شده","1","1022",""
"۱۰۰ گرم بروکلی (برای تزیین)","بروکلی ()","1","1022",""
"۲ عدد گوجه‌فرنگی، حلقه‌شده (برای تزیین)","گوجه‌فرنگی حلقه‌شده ()","1","1022",""
"۵۰ گرم خیارشور، ورقه‌شده (برای تزیین)","خیارشور ورقه‌شده ()","1","1022",""
"گوشت گاو مناسب آرام‌پزی (ران یا سردست)","گوشت گاو مناسب آرام‌پزی (ران یا سردست)","1","742",""
"حبه‌های سیر – ورقه‌شده","‌های سیر ورقه‌شده","1","742",""
"روغن زیتون – برای تفت دادن","روغن زیتون برای تفت دادن","1","742",""
"رزماری تازه – چند شاخه کامل","رزماری تازه چند کامل","1","742",""
"سه زرده تخم‌مرغ","سه زرده تخم‌مرغ","1","175",""
"چهار قاشق غذاخوری ماست","چهار ماست","1","175",""
"دو پیاز بزرگ","دو پیاز بزرگ","1","175",""
"پانصد گرم اسفناج","پانصد اسفناج","1","175",""
"یک قاشق چای‌خوری زعفران زعفران","یک قاشق چای‌خوری زعفران زعفران","1","175",""
"سه قاشق غذاخوری آب","سه آب","1","175",""
"۲.۵ قاشق غذاخوری شیر هموژنیزه",". شیر هموژنیزه","1","275",""
"۲ پیمانه آرد همه منظوره","آرد همه منظوره","1","275",""
"قطعات مرغ","قطعات مرغ","1","375",""
"گلاب - اختیاری","گلاب اختیاری","1","375",""
"۱/۲ پیمانه روغن مایع یا دنبه ذوب‌شده","/ روغن مایع یا دنبه ذوب‌شده","1","1526",""
"۲ تا ۳ عدد فلفل هالاپنیو، برشته، پوست‌گرفته و ورقه‌شده","تا فلفل هالاپنیو برشته پوست‌گرفته و ورقه‌شده","1","1526",""
"۱ پیمانه پنیر اوآخاکا یا موزارلا، رنده‌شده","پنیر اوآخاکا یا موزارلا رنده‌شده","1","1526",""
"پوست بلال ذرت، حدود ۳۰ دقیقه در آب گرم خیسانده‌شده","پوست بلال ذرت حدود دقیقه در آب خیسانده‌شده","1","1526",""
"500 گرم ورقه‌های لازانیا","ورقه‌های لازانیا","1","278",""
"150 گرم پنیر گروییر","پنیر گروییر","1","278",""
"یک فنجان مایونز","یک فنجان مایونز","1","278",""
"لوبیا چشم‌بلبلی - ۱.۵ پیمانه","لوبیا چشم‌بلبلی .","1","174",""
"زردچوبه - ۰.۵ قاشق چای‌خوری","زردچوبه . قاشق چای‌خوری","1","174",""
"دارچین - ۰.۳ قاشق چای‌خوری","دارچین . قاشق چای‌خوری","1","174",""
"آرد لپه - ۲ قاشق غذاخوری","آرد لپه","1","174",""
"فلفل سیاه - ۰.۲۵ قاشق چای‌خوری","فلفل سیاه . قاشق چای‌خوری","1","174",""
"نخود خامِ خیس‌خورده و آبکش‌شده – ۱/۲ پیمانه","نخود خامِ خیس‌خورده و آبکش‌شده /","1","1036",""
"برنج – ۱/۲ پیمانه","برنج /","1","1036",""
"کره آب‌شده یا روغن – ۱ استکان کوچک","کره آب‌شده یا روغن استکان کوچک","1","1036",""
"۱۵۰ گرم نان باگت خردشده","نان باگت خردشده","1","1034",""
"۲ پیمانه نان باگت خشک خردشده","نان باگت خشک خردشده","1","1034",""
"گردو به مقدار دلخواه (برای داخل توپک‌ها)","گردو به مقدار  (برای داخل توپک‌ها)","1","1034",""
"۲ قاشق غذاخوری سبزی معطر (آویشن، ترخون)","سبزی معطر (آویشن ترخون)","1","1034",""
"۱ حبه سیر (برای سس)","سیر (برای سس)","1","1034",""
"سبزی‌های معطر خردشده – ۱۰۰ گرم","سبزی‌های معطر خردشده","1","743",""
"سیر تازه کوبیده – ۴ حبه","سیر تازه کوبیده","1","743",""
"روغن مایع برای سرخ‌کردن – حدود ۵۰۰ گرم","روغن مایع برای سرخ‌کردن حدود","1","743",""
"خمیرمایه – ۱ قاشق چای‌خوری","خمیرمایه قاشق چای‌خوری","1","743",""
"نمک – ۱/۲ قاشق غذاخوری","نمک /","1","743",""
"۱ عدد عصاره (استاک) مرغ","عصاره (استاک) مرغ","1","745",""
"سبزی تازه (شوید، تره، ریحان، جعفری) ۵۰۰ گرم","سبزی تازه (شوید تره ریحان جعفری)","1","376",""
"کلم خرد شده ۵۰۰ گرم","کلم خرد شده","1","376",""
"۱ قاشق چای‌خوری ادویه پلویی شیرازی","قاشق چای‌خوری ادویه پلویی شیرازی","1","376",""
"۵۰۰ گرم گوشت چرخ‌کرده گوساله یا بره","گوشت چرخ‌کرده گوساله یا بره","1","748",""
"نان لواش یا نان تخت، به مقدار لازم برای پیچیدن","نان لواش یا نان تخت  برای پیچیدن","1","748",""
"۵۰۰ گرم میگوی تازه، پاک‌شده","میگوی تازه پاک‌شده","1","1030",""
"مغز ۳ عدد نان باگت (خشک و الک‌شده)","مغز نان باگت (خشک و الک‌شده)","1","1030",""
"۱/۲ پیمانه کره صاف‌شده (روغن حیوانی شفاف)","/ کره صاف‌شده (روغن حیوانی شفاف)","1","1030",""
"۱ پیمانه شوید، ریز خردشده","شوید ریز خردشده","1","749",""
"خمیر سمبوسه یا نان تورتیلا، به مقدار لازم","خمیر سمبوسه یا نان تورتیلا","1","749",""
"۱ کیلوگرم برنج پخته","کیلو برنج پخته","1","159",""
"نیم لیوان زعفران حل شده در آب گرم","نیم زعفران حل شده در آب گرم","1","159",""
"۲ لیوان زرشک تفت‌داده","زرشک تفت‌داده","1","159",""
"۱ عدد سینه‌مرغ پخته و ریش‌ریش شده","سینه‌مرغ پخته و ریش‌ریش شده","1","159",""
"۱ کیلوگرم بادمجان سرخ‌شده حلقه‌ای","کیلو بادمجان سرخ‌شده حلقه‌ای","1","159",""
"فویل به مقدار لازم","فویل","1","159",""
"۱٫۳ کیلوگرم سردست خوک، نازک برش‌خورده","٫ کیلو سردست خوک نازک برش‌خورده","1","1473",""
"۱/۴ پیمانه آب آناناس تازه","/ آب آناناس تازه","1","1473",""
"۱/۴ پیمانه سرکه سیب","/ سرکه سیب","1","1473",""
"۲ قاشق غذاخوری سس آدوبو (از کنسرو چیپوتله)","سس آدوبو (از کنسرو چیپوتله)","1","1473",""
"نان تورتیای ذرت","نان تورتیای ذرت","1","1473",""
"برش‌های آناناس (برای گریل)","برش‌های آناناس (برای گریل)","1","1473",""
"پیاز خردشده (برای سرو)","پیاز خردشده (برای سرو)","1","1473",""
"قاچ‌های لیموترش (برای سرو)","قاچ‌های لیموترش (برای سرو)","1","1473",""
"تکه‌های مرغ به تعداد سرو","تکه‌های مرغ به تعداد سرو","1","287",""
"۱/۲ پیمانه روغن","/ روغن","1","287",""
"۷۰۰ گرم سینه یا ران مرغ بدون استخوان، چرخ‌کرده","سینه یا ران مرغ بدون استخوان چرخ‌کرده","1","750",""
"۱ قاشق غذاخوری سبزی خشک مخلوط (آویشن، جعفری، ترخون، نعناع)","سبزی خشک مخلوط (آویشن جعفری ترخون نعناع)","1","750",""
"شوید و ریحان تازه، ریز خردشده","شوید و ریحان تازه ریز خردشده","1","1028",""
"مرغ پخته و خرد شده - 1 پیمانه","مرغ پخته و خرد شده","1","291",""
"فلفل دلمه‌ای سبز و قرمز - 1 پیمانه","فلفل دلمه‌ای سبز و قرمز","1","291",""
"زعفران دم‌کرده - نصف پیمانه","زعفران دم‌کرده نصف","1","291",""
"قارچ پخته شده - 1 پیمانه","قارچ پخته شده","1","291",""
"۱ پیمانه نارگیل تازه رنده‌شده","نارگیل تازه رنده‌شده","1","1512",""
"موز رسیده (اختیاری، برای سرو)","موز رسیده (اختیاری برای سرو)","1","1512",""
"نصف پیمانه نخودفرنگی","نصف نخودفرنگی","1","292",""
"سه عدد هویج","سه هویج","1","292",""
"دو حبه سیر","دو سیر","1","292",""
"چهار عدد پیاز سفید","چهار پیاز سفید","1","292",""
"۴۰۰ گرم گوشت گوساله، ریز و قیمه‌ای شده","گوشت گوساله ریز و قیمه‌ای شده","1","292",""
"روغن‌زیتون یا روغن کانولا به میزان لازم","روغن‌زیتون یا روغن کانولا","1","292",""
"۲۰۰ گرم نودل سیب‌زمینی شیرین","نودل سیب‌زمینی شیرین","1","1518",""
"۱ قاشق غذاخوری دوبا‌نجیانگ (خمیر لوبیای تخمیرشده تند)","دوبا‌نجیانگ (خمیر لوبیای تخمیرشده تند)","1","1518",""
"۱۰۰ گرم توفوی سفت، مکعبی خردشده","توفوی سفت مکعبی خردشده","1","1518",""
"روغن چیلی، برای سرو","روغن چیلی برای سرو","1","1518",""
"مرغ بدون استخوان یا گوشت بره، خردشده در اندازه لقمه‌ای","مرغ بدون استخوان یا گوشت بره خردشده در اندازه لقمه‌ای","1","1076",""
"پرتقال تازه (برای خلال پوست و پره‌های میوه)","پرتقال تازه (برای خلال پوست و پره‌های میوه)","1","1076",""
"خلال پوست پرتقال آماده‌شده و گرفته‌شده از تلخی","خلال پوست پرتقال آماده‌شده و گرفته‌شده از تلخی","1","1076",""
"گوشت گاو یا بره، قطعه‌شده","گوشت گاو یا بره قطعه‌شده","1","293",""
"بادام‌درختی خلالی","بادام‌درختی خلالی","1","293",""
"زرشک، اختیاری","زرشک اختیاری","1","293",""
"۰.۵ کیلوگرم نخود فرنگی",". کیلو نخود فرنگی","1","299",""
"۲ فنجان برنج خیسانده","فنجان برنج خیسانده","1","294",""
"۱ فنجان بلغور","فنجان بلغور","1","294",""
"۲ قاشق سوپخوری پیاز داغ","قاشق سوپخوری پیاز داغ","1","294",""
"مرغ – حدود ۱٬۲۵۰ گرم (ترجیحاً ران یا سینه درشت)","مرغ حدود ٬ (ترجیحاً ران یا سینه درشت)","1","1079",""
"ماست چکیده پرچرب – ۱ کیلوگرم","ماست چکیده پرچرب کیلو","1","1079",""
"زعفران ساییده و دم‌کرده – یک پنس","زعفران ساییده و دم‌کرده یک پنس","1","1079",""
"پوست پرتقال رنده‌شده یا خلالیِ تلخی‌گرفته – ۱ پیمانه","پوست پرتقال رنده‌شده یا خلالیِ تلخی‌گرفته","1","1079",""
"پیاز داغ – ۲ تا ۳ قاشق غذاخوری","پیاز داغ تا","1","1079",""
"سبزیجات تازه","سبزیجات تازه","1","297",""
"۴۵۰ گرم ماهی مخلوط (مانند ماهی سفید، ماهی مرکب و اختاپوس)، خردشده","ماهی مخلوط (مانند ماهی سفید ماهی مرکب و اختاپوس) خردشده","1","1508",""
"۲۲۵ گرم میگو، پوست‌کنده و رگ‌گیری‌شده","میگو پوست‌کنده و رگ‌گیری‌شده","1","1508",""
"۲۲۵ گرم صدف دوکفه‌ای (مانند ماسل)، شسته و تمیزشده","صدف دوکفه‌ای (مانند ماسل) شسته و تمیزشده","1","1508",""
"½ پیمانه شراب سفید خشک","½ شراب سفید خشک","1","1508",""
"۲ پیمانه عصاره ماهی","عصاره ماهی","1","1508",""
"۱ قوطی گوجه‌فرنگی خردشده","قوطی گوجه‌فرنگی خردشده","1","1508",""
"۱ قاشق چای‌خوری پرک فلفل قرمز","قاشق چای‌خوری پرک فلفل قرمز","1","1508",""
"نان تُرد برای سرو","نان تُرد برای سرو","1","1508",""
"۲ عدد کدو سبز بزرگ، مورب و ضخیم برش‌خورده","کدو سبز بزرگ مورب و ضخیم برش‌خورده","1","1088",""
"۱ عدد بادمجان بزرگ، حلقه‌ای ضخیم","بادمجان بزرگ حلقه‌ای ضخیم","1","1088",""
"۳ تا ۴ عدد گوجه‌فرنگی متوسط و سفت، حلقه‌شده","تا گوجه‌فرنگی متوسط و سفت حلقه‌شده","1","1088",""
"۱ عدد فلفل دلمه‌ای بزرگ قرمز یا سبز، خردشده","فلفل دلمه‌ای بزرگ قرمز یا سبز خردشده","1","1088",""
"۱ عدد پیاز سفید متوسط، درشت خردشده","پیاز سفید متوسط درشت خردشده","1","1088",""
"نصف حبه سیر، ریز خردشده","نصف سیر ریز خردشده","1","1088",""
"برگ ریحان تازه، خردشده + مقداری برای تزیین","برگ ریحان تازه خردشده +","1","1088",""
"سرکه سفید (اختیاری، به مقدار کم)","سرکه سفید (اختیاری به مقدار کم)","1","1088",""
"۵۰۰ گرم گوشت گوسفند یا گوساله، خردشده در اندازه لقمه‌ای","گوشت گوسفند یا گوساله خردشده در اندازه لقمه‌ای","1","1112",""
"۲ قاشق غذاخوری زرشک (تازه یا خشک)","زرشک (تازه یا خشک)","1","1112",""
"۲ قاشق غذاخوری زعفران ساییده دم‌کرده","زعفران ساییده دم‌کرده","1","1112",""
"۴ تا ۵ عدد هل","تا هل","1","1112",""
"۱ تکه چوب دارچین","تکه چوب دارچین","1","1112",""
"آب‌لیمو یا آبغوره، به مقدار لازم","آب‌لیمو یا آبغوره","1","1112",""
"۳ قاشق چای‌خوری روغن","قاشق چای‌خوری روغن","1","752",""
"کلم سفید – ۱ کیلوگرم، ریز خردشده","کلم سفید کیلو ریز خردشده","1","588",""
"نان تازه پخته‌شده (ترجیحاً بافت‌دار مانند چاباتا یا نان روستایی)","نان تازه پخته‌شده (ترجیحاً بافت‌دار مانند چاباتا یا نان روستایی)","1","754",""
"برش‌های مورْتادلا (کالباس ایتالیایی گوشت خوک)","برش‌های مورْتادلا (کالباس ایتالیایی گوشت خوک)","1","754",""
"برش‌های نازک گلابی رسیده","برش‌های نازک گلابی رسیده","1","754",""
"برگ‌های تازه آروگولا (روکولا)","برگ‌های تازه آروگولا (روکولا)","1","754",""
"پنیر بز خامه‌ای","پنیر بز خامه‌ای","1","754",""
"سس عسل و انار","سس عسل و انار","1","754",""
"فلفل سیاه خردشده","فلفل سیاه خردشده","1","754",""
"۷۰۰ گرم گوشت گاو، خردشده به قطعات متوسط","گوشت گاو خردشده به قطعات متوسط","1","1119",""
"لیموعمانی خشک، به مقدار دلخواه","لیموعمانی خشک به مقدار","1","1119",""
"⅓ پیمانه زرشک سیاه","⅓ زرشک سیاه","1","1119",""
"۵۰۰ گرم اسفناج تازه، شسته و پاک‌شده","اسفناج تازه شسته و پاک‌شده","1","587",""
"۵ پیمانه آب با کمی نمک","آب با  نمک","1","587",""
"۲ عدد پیاز، ریز خرد یا رنده‌شده","پیاز ریز خرد یا رنده‌شده","1","587",""
"۲۵ گرم کره (حدود ۲ قاشق چای‌خوری)","کره (حدود قاشق چای‌خوری)","1","587",""
"۱ پیمانه (۲۵۰ میلی‌لیتر) خامه غلیظ","( میلی‌لیتر) خامه غلیظ","1","587",""
"۲ برش کوچک گوشت قرمز پخته و ریش‌ریش‌شده","برش کوچک گوشت قرمز پخته و ریش‌ریش‌شده","1","587",""
"۵۰۰ گرم سینه یا بریسکت گوشت گاو، ورقه‌ای خرد شده","سینه یا بریسکت گوشت گاو ورقه‌ای خرد شده","1","1499",""
"۲۰۰ گرم نودل تخم‌مرغی","نودل تخم‌مرغی","1","1499",""
"۱ تکه ۲٫۵ سانتی‌متری زنجبیل تازه، ورقه‌شده","تکه ٫ سانتی‌متری زنجبیل تازه ه‌شده","1","1499",""
"۱ قاشق چای‌خوری پودر ادویه پنج‌گانه","قاشق چای‌خوری پودر ادویه پنج‌گانه","1","1499",""
"تکه‌های مرغ – ۸ عدد (حدود ۱.۵ کیلوگرم)","تکه‌های مرغ عدد (حدود . کیلو)","1","1138",""
"فلفل دلمه‌ای زرد – ۱ عدد، خردشده","فلفل دلمه‌ای زرد خردشده","1","1138",""
"پیازچه – ۳ دسته، خردشده","پیازچه دسته خردشده","1","1138",""
"گشنیز تازه – ۱/۳ پیمانه، خردشده","گشنیز تازه / خردشده","1","1138",""
"جعفری تازه، ریز خردشده – ۱/۳ پیمانه","جعفری تازه ریز خردشده /","1","586",""
"نان تست‌شده یا نان مخصوص ساندویچ","نان تست‌شده یا نان مخصوص ساندویچ","1","757",""
"۱ پیمانه عدس سیاه کامل (اورَد دال)","عدس سیاه کامل (اورَد دال)","1","1500",""
"¼ پیمانه لوبیا قرمز (راجما)","¼ لوبیا قرمز (راجما)","1","1500",""
"۴ پیمانه آب (و در صورت نیاز بیشتر)","آب (و در صورت نیاز بیشتر)","1","1500",""
"۲ قاشق غذاخوری روغن حیوانی (گِهی)","روغن حیوانی (گِهی)","1","1500",""
"۱ قاشق غذاخوری خمیر زنجبیل-سیر","خمیر زنجبیل سیر","1","1500",""
"½ قاشق چای‌خوری پودر فلفل قرمز","½ قاشق چای‌خوری پودر فلفل قرمز","1","1500",""
"۲ قاشق غذاخوری خامه تازه (برای تزیین)","خامه تازه ()","1","1500",""
"۷ عدد شالوت، خردشده","شالوت خردشده","1","580",""
"پیاز (ریز خردشده)","پیاز (ریز خردشده)","1","1144",""
"قارچ (ورقه‌ای خردشده)","قارچ (ه‌ای خردشده)","1","1144",""
"فلفل دلمه‌ای (نگینی خردشده)","فلفل دلمه‌ای (نگینی خردشده)","1","1144",""
"۲۰۰ گرم گوشت چرخ‌کرده (خوک یا گاو، بره، مرغ یا بوقلمون)","گوشت چرخ‌کرده (خوک یا گاو بره مرغ یا بوقلمون)","1","1495",""
"۱۰۰ گرم عصاره ژلاتینی مرغ","عصاره ژلاتینی مرغ","1","1495",""
"۱ قاشق غذاخوری زنجبیل رنده‌شده","زنجبیل رنده‌شده","1","1495",""
"۷۰ گرم پنیر چدار، رنده یا مکعبی خردشده","پنیر چدار رنده یا مکعبی خردشده","1","761",""
"۱ قاشق غذاخوری روغن (برای تفت دادن و گریل)","روغن (برای تفت دادن و گریل)","1","761",""
"۲ برش نان قهوه‌ای یا نان چاودار","برش نان قهوه‌ای یا نان چاودار","1","762",""
"نصف یک هویج کوچک","نصف یک هویج کوچک","1","762",""
"گل‌کلم تازه (ترجیحاً ارگانیک)، خردشده به گلچه‌های کوچک","گل‌کلم تازه (ترجیحاً ارگانیک) خردشده به گلچه‌های کوچک","1","764",""
"گوجه‌فرنگی، اختیاری، نگینی ریز","گوجه‌فرنگی اختیاری نگینی ریز","1","764",""
"روغن زیتون فرابکر، برای تفت دادن","روغن زیتون فرابکر برای تفت دادن","1","764",""
"زردچوبه، برای رنگ و عطر","زردچوبه برای رنگ و عطر","1","764",""
"سبزی تازه خردشده (جعفری یا گشنیز)، اختیاری برای تزیین","سبزی تازه خردشده (جعفری یا گشنیز) اختیاری","1","764",""
"۵۰۰ گرم فیله خوک، خردشده به اندازه لقمه","فیله خوک خردشده به اندازه لقمه","1","1490",""
"۱ پیمانه فلفل دلمه‌ای رنگی (قرمز، سبز، زرد)، خلالی","فلفل دلمه‌ای رنگی (قرمز سبز زرد) خلالی","1","1490",""
"۱ پیمانه آناناس خردشده (تازه یا کنسرویِ آبکش‌شده)","آناناس خردشده (تازه یا کنسرویِ آبکش‌شده)","1","1490",""
"۱/۲ پیمانه پیاز، خلالی","/ پیاز خلالی","1","1490",""
"۱/۳ پیمانه کچاپ","/ کچاپ","1","1490",""
"۱/۴ پیمانه سرکه برنج","/ سرکه برنج","1","1490",""
"برنج بخارپز، برای سرو","برنج بخارپز برای سرو","1","1490",""
"۱ عدد زبان کامل گوساله","زبان کامل گوساله","1","1171",""
"۲۵۰ گرم سبزیجات ریشه‌ای مخلوط (هویج، پیاز و سیب‌زمینی)","سبزیجات ریشه‌ای مخلوط (هویج پیاز و سیب‌زمینی)","1","1171",""
"نشاسته ذرت، به میزان لازم (برای روکش و غلیظ‌کردن)","نشاسته ذرت  (برای روکش و غلیظ‌کردن)","1","1171",""
"۶۰ گرم پاستای ریز، پخته‌شده","پاستای ریز پخته‌شده","1","765",""
"½ پیمانه گوجه‌فرنگی خردشده","½ گوجه‌فرنگی خردشده","1","765",""
"سس کچاپ، برای تزیین (اختیاری)","سس کچاپ  (اختیاری)","1","765",""
"۱/۴ پیمانه روغن یا روغن حیوانی (گِهی)","/ روغن یا روغن حیوانی (گِهی)","1","1486",""
"۱/۲ پیمانه نخودفرنگی آب‌پز","/ نخودفرنگی آب‌پز","1","1486",""
"۱/۲ قاشق چای‌خوری گَرام ماسالا","/ قاشق چای‌خوری گَرام ماسالا","1","1486",""
"۴۰۰ گرم فیله گوساله (۲ تکه)","فیله گوساله ( تکه)","1","1179",""
"فیله گوشت گوساله – ۳۵۰ گرم","فیله گوشت گوساله","1","1177",""
"کدو سبز – ۱ عدد، ورقه‌شده نازک در طول","کدو سبز ورقه‌شده نازک در طول","1","1177",""
"هویج – ۱ عدد، ورقه‌شده نازک","هویج ورقه‌شده نازک","1","1177",""
"قارچ خردشده، به میزان دلخواه","قارچ خردشده به میزان","1","768",""
"کدو سبز خردشده، به میزان دلخواه","کدو سبز خردشده به میزان","1","768",""
"دانه ذرت، به میزان دلخواه","دانه ذرت به میزان","1","768",""
"پودر سوخاری (آرد نان)","پودر سوخاری (آرد نان)","1","768",""
"برنج آبکش - ۵ پیمانه","برنج آبکش","1","160",""
"گردوی خردشده - ۱.۵ پیمانه","گردوی خردشده .","1","160",""
"ماست صاف شده با زعفران - ۱ پیمانه","ماست صاف شده با زعفران","1","160",""
"پیاز رنده‌شده و سرخ‌کرده - ۳ قاشق غذاخوری","پیاز رنده‌شده و سرخ‌کرده","1","160",""
"زعفران آسیاب‌شده - ۱/۳ قاشق چای‌خوری","زعفران آسیاب‌شده / قاشق چای‌خوری","1","160",""
"پیازچه تازه، شسته و ریز خرد شده","پیازچه تازه شسته و ریز خرد شده","1","769",""
"۵۰ گرم پنیر بدون نمک (فتا یا موزارلا)","پنیر بدون نمک (فتا یا موزارلا)","1","769",""
"۴۵۰ گرم سینه مرغ بدون استخوان و پوست، خردشده در اندازه لقمه‌ای","سینه مرغ بدون استخوان و پوست خردشده در اندازه لقمه‌ای","1","1481",""
"۳ تا ۵ عدد فلفل قرمز خشک، به میزان دلخواه","تا فلفل قرمز خشک به میزان","1","1481",""
"نصف پیمانه کدو سبز، نگینی خردشده","نصف کدو سبز نگینی خردشده","1","1481",""
"نصف پیمانه بادام‌زمینی بدون نمک و برشته","نصف بادام‌زمینی بدون نمک و برشته","1","1481",""
"۱/۴ پیمانه ریحان تازه خردشده","/ ریحان تازه خردشده","1","775",""
"۳ تا ۴ عدد فلفل سبز تند، درسته","تا فلفل سبز تند درسته","1","775",""
"۷۵ گرم پنیر آبی یا گودا، رنده‌شده","پنیر آبی یا گودا رنده‌شده","1","775",""
"¼ قاشق چای‌خوری بیکینگ‌پودر","¼ قاشق چای‌خوری بیکینگ‌پودر","1","771",""
"پنیر موزارلا، به مقدار دلخواه","پنیر موزارلا به مقدار","1","771",""
"پیاز سفید نرم شده 1 عدد","پیاز سفید نرم شده","1","24",""
"۱/۴ پیمانه قارچ، ریز خردشده","/ قارچ ریز خردشده","1","773",""
"۱/۴ پیمانه پنیر موزارلا، رنده یا رشته‌شده","/ پنیر موزارلا رنده یا رشته‌شده","1","773",""
"۳ عدد کلم قمری یا کلم","کلم قمری یا کلم","1","384",""
"1 قاشق سوپ‌خوری رب گوجه فرنگی","قاشق سوپ‌خوری رب گوجه فرنگی","1","26",""
"3 قاشق سوپ‌خوری جعفری خرد شده","قاشق سوپ‌خوری جعفری خرد شده","1","26",""
"۳ عدد فلفل خشک مولاتو","فلفل خشک مولاتو","1","1477",""
"۱ عدد فلفل خشک پاسیلا","فلفل خشک پاسیلا","1","1477",""
"نصف پیمانه بادام پوست‌کنده و بلانچ‌شده","نصف بادام پوست‌کنده و بلانچ‌شده","1","1477",""
"یک‌چهارم پیمانه کنجد","یک‌چهارم کنجد","1","1477",""
"۲ عدد گوجه‌فرنگی متوسط، کبابی یا برشته‌شده","گوجه‌فرنگی متوسط کبابی یا برشته‌شده","1","1477",""
"یک‌چهارم قاشق چای‌خوری دارچین آسیاب‌شده","یک‌چهارم قاشق چای‌خوری دارچین آسیاب‌شده","1","1477",""
"یک‌چهارم قاشق چای‌خوری میخک آسیاب‌شده","یک‌چهارم قاشق چای‌خوری میخک آسیاب‌شده","1","1477",""
"۱ قاشق غذاخوری شکلات تلخ خالص و بدون شکر","شکلات تلخ خالص و بدون شکر","1","1477",""
"دو فنجان ماکارونی خام","دو فنجان ماکارونی خام","1","37",""
"دو قاشق غذاخوری کره","دو کره","1","37",""
"دو فنجان پنیر چدار","دو فنجان پنیر چدار","1","37",""
"یک قاشق غذاخوری آرد ذرت","یک آرد ذرت","1","37",""
"یک چهارم فنجان شیر","یک چهارم فنجان شیر","1","37",""
"نیم قاشق غذاخوری آب لیمو","نیم آب لیمو","1","37",""
"یک چهارم فنجان تکه‌های مرغ خرد شده","یک چهارم فنجان تکه‌های مرغ خرد شده","1","37",""
"یک پینچ فلفل","یک پینچ فلفل","1","37",""
"۱/۴ پیمانه تره‌کوهی خردشده","/ تره‌کوهی خردشده","1","778",""
"۱۲۰۰ گرم گوشت اردک","گوشت اردک","1","1021",""
"۲ و نیم پیمانه آب لیموترش تازه","و نیم آب لیموترش تازه","1","1021",""
"۳ عدد پیاز خام، ورقه‌شده","پیاز خام ورقه‌شده","1","1021",""
"یک پنس زعفران","یک پنس زعفران","1","1021",""
"یک پنس پاپریکا","یک پنس پاپریکا","1","1021",""
"ساقه کرفس خردشده (اختیاری، برای پیش‌پخت)","ساقه کرفس خردشده (اختیاری برای پیش‌پخت)","1","1021",""
"۲ پیمانه سیب‌زمینی، پوست‌کنده و نگینی خردشده","سیب‌زمینی پوست‌کنده و نگینی خردشده","1","779",""
"۱/۴ پیمانه جعفری تازه، ساطوری‌شده","/ جعفری تازه ساطوری‌شده","1","779",""
"نصف قاشق چای‌خوری ریحان خشک شده","نصف قاشق چای‌خوری ریحان خشک شده","1","31",""
"نصف فنجان سس گوجه‌فرنگی","نصف فنجان سس گوجه‌فرنگی","1","31",""
"دو عدد فلفل دلمه سبز","دو فلفل دلمه سبز","1","32",""
"دو عدد فلفل دلمه قرمز","دو فلفل دلمه قرمز","1","32",""
"دو فنجان ذرت","دو فنجان ذرت","1","32",""
"دو قاشق غذاخوری آب لیموترش تازه","دو آب لیموترش تازه","1","32",""
"یک قاشق چای‌خوری روغن زیتون","یک قاشق چای‌خوری روغن زیتون","1","32",""
"نصف قاشق چای‌خوری فلفل","نصف قاشق چای‌خوری فلفل","1","32",""
"یک حبه سیر خردشده","یک سیر خردشده","1","32",""
"دو فنجان گوجه‌فرنگی گیلاسی","دو فنجان گوجه‌فرنگی گیلاسی","1","32",""
"یک فنجان پیاز خردشده","یک فنجان پیاز خردشده","1","32",""
"یک چهارم فنجان گشنیز خردشده","یک چهارم فنجان گشنیز خردشده","1","32",""
"یک عدد آووکادو خردشده","یک آووکادو خردشده","1","32",""
"گوجه‌فرنگی کبابی یا تفت‌داده‌شده","گوجه‌فرنگی کبابی یا تفت‌داده‌شده","1","781",""
"1 بسته ماکارونی (پاستا)","ماکارونی (پاستا)","1","39",""
"3 تا 4 عدد گوجه‌فرنگی","تا 4 گوجه‌فرنگی","1","39",""
"1/2 پیمانه جعفری تازه خردشده","/2 جعفری تازه خردشده","1","36",""
"1/2 پیمانه نخودفرنگی کنسرو شده","/2 نخودفرنگی کنسرو شده","1","36",""
"پیاز خلال شده - 1 عدد بزرگ","پیاز خلال شده بزرگ","1","40",""
"گوجه فرنگی پوست کنده و پوره شده - 500 گرم","گوجه فرنگی پوست کنده و پوره شده","1","40",""
"سرکه سفید - نصف پیمانه","سرکه سفید نصف","1","40",""
"جعفری خرد شده - یک قاشق سوپ‌خوری","جعفری خرد شده یک قاشق سوپ‌خوری","1","40",""
"پودر آویشن - نصف قاشق سوپ‌خوری","پودر آویشن نصف قاشق سوپ‌خوری","1","40",""
"پنیر موتزارلای رنده شده به میزان لازم (به دلخواه)","پنیر موتزارلای رنده شده  (به )","1","40",""
"زعفران دم کرده - ۱ قاشق غذاخوری","زعفران دم کرده","1","164",""
"لوبیا سبز - ۱ پیمانه (خرد شده)","لوبیا سبز (خرد شده)","1","165",""
"ذرت پخته یا بخارپز - ¾ پیمانه","ذرت پخته یا بخارپز ¾","1","165",""
"سیب زمینی - ۱ عدد متوسط (نگینی خرد شده)","سیب زمینی متوسط (نگینی خرد شده)","1","165",""
"زعفران دم شده - به مقدار دلخواه","زعفران دم شده به مقدار","1","165",""
"۵۰۰ گرم ماکارونی لوله ای","ماکارونی لوله ای","1","48",""
"۱۰۰ گرم سویا درشت","سویا درشت","1","48",""
"۱ عدد فلفل دلمه ای زرد","فلفل دلمه ای زرد","1","48",""
"۱ عدد فلفل دلمه ای سبز","فلفل دلمه ای سبز","1","48",""
"۳-۴ عدد فلفل سبز قلمی","فلفل سبز قلمی","1","48",""
"۲ قاشق سوپخوری سس کچاپ تند","قاشق سوپخوری سس کچاپ تند","1","48",""
"۱ قاشق سوپخوری زنجفیل تازه رنده شده","قاشق سوپخوری زنجفیل تازه رنده شده","1","48",""
"نصف یک پیاز متوسط، ریز خردشده","نصف یک پیاز متوسط ریز خردشده","1","782",""
"پنیر موزارلا رنده‌شده یا مشابه، به میزان دلخواه","پنیر موزارلا رنده‌شده یا مشابه به میزان","1","782",""
"۹۰۰ گرم گوشت سردست یا گردن گاو، خردشده به تکه‌های درشت","گوشت سردست یا گردن گاو خردشده به تکه‌های درشت","1","1488",""
"۴۵۰ گرم گوشت بز (اختیاری)، خردشده","گوشت بز (اختیاری) خردشده","1","1488",""
"۳ عدد فلفل خشک گواخیلو، بدون ساقه و دانه","فلفل خشک گواخیلو بدون ساقه و دانه","1","1488",""
"۳ عدد فلفل خشک آنچو، بدون ساقه و دانه","فلفل خشک آنچو بدون ساقه و دانه","1","1488",""
"۱ قاشق غذاخوری دانه زیره","دانه زیره","1","1488",""
"۱ قاشق غذاخوری اورگانو خشک","اورگانو خشک","1","1488",""
"تورتیای ذرت برای سرو","تورتیای ذرت برای سرو","1","1488",""
"پیاز خردشده و گشنیز تازه برای تزیین","پیاز خردشده و گشنیز تازه","1","1488",""
"برش‌های لیموترش تازه برای سرو","برش‌های لیموترش تازه برای سرو","1","1488",""
"ماکارونی برای ۴ نفر","ماکارونی برای نفر","1","45",""
"سیر سبز خرد شده - 1 استکان","سیر سبز خرد شده استکان","1","45",""
"ماست چکیده موسیر - 1 قاشق غذاخوری","ماست چکیده موسیر","1","45",""
"جعفری و گشنیز ساطوری شده - نصف استکان","جعفری و گشنیز ساطوری شده نصف استکان","1","45",""
"قارچ خرد شده - نصف استکان","قارچ خرد شده نصف استکان","1","45",""
"برگ‌های تازه کرفس ساطوری شده - نصف استکان","برگ‌های تازه کرفس ساطوری شده نصف استکان","1","45",""
"۱۲۰۰ گرم گوشت قرقاول، پاک‌کرده و خردشده در اندازه کباب","گوشت قرقاول پاک‌کرده و خردشده در اندازه کباب","1","1017",""
"۲ و نیم پیمانه آب‌لیموی تازه","و نیم آب‌لیموی تازه","1","1017",""
"۳ عدد پیاز، خلالی‌شده","پیاز خلالی‌شده","1","1017",""
"1 قاشق غذاخوری جعفری ساطوری‌شده","جعفری ساطوری‌شده","1","58",""
"400 گرم اسپاگتی کاراملیزه","اسپاگتی کاراملیزه","1","58",""
"1 قاشق غذاخوری پنیز پیتزا","پنیز پیتزا","1","58",""
"425 گرم تن ماهی کنسرو شده","تن ماهی کنسرو شده","1","59",""
"10 زیتون سیاه یا سبز، بدون هسته","زیتون سیاه یا سبز بدون هسته","1","59",""
"1/2 قاشق چای‌خوری سس تند یا پودر فلفل قرمز","/2 قاشق چای‌خوری سس تند یا پودر فلفل قرمز","1","59",""
"1 قاشق سوپ‌خوری روغن مایع","قاشق سوپ‌خوری روغن مایع","1","59",""
"باقلا پاک کرده: ۳ پیمانه","باقلا پاک کرده:","1","166",""
"شوید تازه خرد شده: ۲ پیمانه","شوید تازه خرد شده:","1","166",""
"ماهیچه گوسفندی: ۵۰۰ گرم","ماهیچه گوسفندی:","1","166",""
"برگ بو: ۱ عدد","برگ بو:","1","166",""
"زعفران دم کرده: نصف استکان","زعفران دم کرده: نصف استکان","1","166",""
"نمک و زردچوبه: به میزان لازم","نمک و زردچوبه:","1","166",""
"گوجه‌فرنگی برش خورده","گوجه‌فرنگی برش خورده","1","502",""
"۱۵۰ گرم کالباس گوشت یا مرغ","کالباس گوشت یا مرغ","1","60",""
"۱ قاشق چای‌خوری جعفری خرد شده","قاشق چای‌خوری جعفری خرد شده","1","60",""
"ریحان تازه خرد شده برای تزئین","ریحان تازه خرد شده برای تزئین","1","60",""
"پنیر پیتزا ورقه‌ای نازک برای سرو","پنیر پیتزا ه‌ای نازک برای سرو","1","60",""
"یک فنجان کشمش","یک فنجان کشمش","1","303",""
"نصف فنجان خلال بادام یا پسته","نصف فنجان خلال بادام یا پسته","1","303",""
"دو قاشق غذاخوری روغن یا کره","دو روغن یا کره","1","303",""
"یک قاشق چایخوری زعفران، حل شده در دو قاشق غذاخوری آب گرم","یک قاشق چایخوری زعفران حل شده در دو آب گرم","1","303",""
"یک پیاز متوسط، به صورت باریک و ریز خرد شده","یک پیاز متوسط به صورت باریک و ریز خرد شده","1","303",""
"نصف قاشق چایخوری دارچین","نصف دارچین","1","303",""
"نصف قاشق چایخوری هل","نصف هل","1","303",""
"دو قاشق غذاخوری گلاب","دو گلاب","1","303",""
"یک‌چهارم فنجان شکر (اختیاری)","یک‌چهارم فنجان شکر (اختیاری)","1","303",""
"فلفل دلمه‌ای درشت - ۱ عدد","فلفل دلمه‌ای درشت","1","64",""
"رب گوجه‌فرنگی - ۲ قاشق سوپ‌خوری","رب گوجه‌فرنگی قاشق سوپ‌خوری","1","64",""
"پیاز سرخ‌کرده - ۳ قاشق سوپ‌خوری","پیاز سرخ‌کرده قاشق سوپ‌خوری","1","64",""
"ورقه لازانیا - ۸ عدد","ورقه لازانیا","1","64",""
"500 گرم اسپاگتی رشته‌ای","اسپاگتی رشته‌ای","1","68",""
"1 عدد پیاز بزرگ خلال شده","پیاز بزرگ خلال شده","1","68",""
"1 حبه سیر له‌ شده","سیر له‌ شده","1","68",""
"2 عدد کدو سبز خرد شده","کدو سبز خرد شده","1","68",""
"500 گرم گوجه‌فرنگی پوست‌کنده و چرخ‌شده","گوجه‌فرنگی پوست‌کنده و چرخ‌شده","1","68",""
"نیم فنجان سرکه سفید","نیم فنجان سرکه سفید","1","68",""
"نیم قاشق غذاخوری پودر آویشن خشک","نیم پودر آویشن خشک","1","68",""
"فلفل سیاه تازه پودر شده به میزان دلخواه","فلفل سیاه تازه پودر شده به میزان","1","68",""
"نخودچی","نخودچی","1","503",""
"زرشک (اختیاری)","زرشک (اختیاری)","1","503",""
"جعفری ساطوری شده","جعفری ساطوری شده","1","67",""
"کنسرو قارچ: ۲ پیمانه","کنسرو قارچ:","1","279",""
"پیاز داغ عسلی: ۳ قاشق غذاخوری","پیاز داغ عسلی:","1","279",""
"سس مایونز: ۳ پیمانه","سس مایونز:","1","279",""
"آب گوشت: ۱ پیمانه","آب گوشت:","1","279",""
"۲ قاشق سوپخوری جعفری ساطوری شده","قاشق سوپخوری جعفری ساطوری شده","1","280",""
"خمیر راویولی","خمیر راویولی","1","280",""
"۵۰۰ گرم کانلونی خمیر","کانلونی خمیر","1","281",""
"۷۵۰ گرم گوشت مغز ران گوساله - بصورت تکه‌های ۲ سانتی‌متری","گوشت مغز ران گوساله بصورت تکه‌های سانتی‌متری","1","281",""
"۲.۵ قاشق سوپخوری پیاز داغ",". قاشق سوپخوری پیاز داغ","1","281",""
"۱ قاشق سوپخوری آرد سفید","قاشق سوپخوری آرد سفید","1","281",""
"۲ قاشق سوپخوری رب گوجه‌فرنگی","قاشق سوپخوری رب گوجه‌فرنگی","1","281",""
"۴ تکه ساق گوساله (حدود ۴ سانتی‌متر ضخامت)","تکه ساق گوساله (حدود سانتی‌متر ضخامت)","1","1467",""
"پاستای گوش فیلی یا صدفی کوچک: یک بسته ۲۰۰ گرمی","پاستای گوش فیلی یا صدفی کوچک: یک بسته ی","1","70",""
"نخود پخته شده: نصف لیوان","نخود پخته شده: نصف","1","70",""
"کنسرو ذرت شیرین: نصف لیوان","کنسرو ذرت شیرین: نصف","1","70",""
"پیاز درشت: یک دانه","پیاز درشت: یک دانه","1","70",""
"سیر: دو حبه","سیر: دو","1","70",""
"رب گوجه فرنگی: یک قاشق غذاخوری سرصاف","رب گوجه فرنگی: یک سرصاف","1","70",""
"نمک و فلفل سیاه و قرمز: به اندازه کافی","نمک و فلفل سیاه و قرمز: به اندازه کافی","1","70",""
"پودر کاری و زردچوبه: به اندازه کافی","پودر کاری و زردچوبه: به اندازه کافی","1","70",""
"روغن زیتون: سه قاشق غذاخوری (تقسیم شده)","روغن زیتون: سه (تقسیم شده)","1","70",""
"فلفل قرمز شیرین: دو عدد","فلفل قرمز شیرین: دو","1","70",""
"کلم بروکلی: دو عدد کوچک","کلم بروکلی: دو کوچک","1","70",""
"۱/۴ فنجان زعفران دم‌کرده","/ فنجان زعفران دم‌کرده","1","286",""
"سیر بزرگ و خرد شده: ۱ حبه","سیر بزرگ و خرد شده:","1","75",""
"گوجه‌فرنگی رنده شده: ۱ کیلو","گوجه‌فرنگی رنده شده: کیلو","1","75",""
"رب گوجه‌فرنگی: ¼ فنجان","رب گوجه‌فرنگی: ¼ فنجان","1","75",""
"ریحان خرد شده: ½ قاشق غذاخوری","ریحان خرد شده: ½","1","75",""
"پونه کوهی: ½ قاشق غذاخوری","پونه کوهی: ½","1","75",""
"ماکارونی: ½ کیلو","ماکارونی: ½ کیلو","1","75",""
"جعفری خرد شده: ½ قاشق غذاخوری","جعفری خرد شده: ½","1","75",""
"نیم‌کیلوگرم گوجه‌فرنگی","نیم‌کیلو گوجه‌فرنگی","1","170",""
"یک عدد متوسط پیاز، نگینی خرد شده","یک متوسط پیاز نگینی خرد شده","1","170",""
"۲ و نیم پیمانه برنج","و نیم برنج","1","170",""
"یک و نیم پیمانه قرص عصاره سبزیجات","یک و نیم قرص عصاره سبزیجات","1","170",""
"۳ عدد فلفل قرمز خشک شده","فلفل قرمز خشک شده","1","170",""
"پودر فلفل سیاه، کمی","پودر فلفل سیاه","1","170",""
"۲ تا ۳ قاشق غذاخوری پیاز سرخ‌شده","تا پیاز سرخ‌شده","1","83",""
"۱۰۰ گرم پنیر گرویر رنده شده (اختیاری)","پنیر گرویر رنده شده (اختیاری)","1","83",""
"۱ تا ۲ عدد گوجه‌فرنگی رسیده و سفت","تا گوجه‌فرنگی رسیده و سفت","1","83",""
"۱ تا ۲ عدد خیارشور کوچک","تا خیارشور کوچک","1","83",""
"یک بسته ورق لازانیا آماده","یک بسته لازانیا آماده","1","82",""
"سه قاشق غذاخوری پیاز سرخ‌کرده","سه پیاز سرخ‌کرده","1","82",""
"یک قاشق غذاخوری رب گوجه فرنگی","یک رب گوجه فرنگی","1","82",""
"دو پیمانه سس بشامل","دو سس بشامل","1","82",""
"دو قاشق غذاخوری آرد همه منظوره","دو آرد همه منظوره","1","82",""
"دو پیمانه شیر","دو شیر","1","82",""
"۲ عدد بادمجان درشت","بادمجان درشت","1","1457",""
"۳۰۰ گرم گوجه‌فرنگی پوست‌کنده","گوجه‌فرنگی پوست‌کنده","1","1457",""
"نیم پیمانه آرد","نیم آرد","1","1457",""
"نیم پیمانه پودر سوخاری","نیم پودر سوخاری","1","1457",""
"نیم پیمانه برگ ریحان تازه","نیم برگ ریحان تازه","1","1457",""
"۱ عدد کلم قرمز متوسط","کلم قرمز متوسط","1","289",""
"۱/۲ پیمانه آب لیمو","/ آب لیمو","1","289",""
"۲ قاشق غذاخوری گل محمدی خشک آسیاب شده","گل محمدی خشک آسیاب شده","1","289",""
"۲ قاشق غذاخوری دارچین آسیاب شده","دارچین آسیاب شده","1","289",""
"پیاز برای تفت دادن","پیاز برای تفت دادن","1","289",""
"2 پیمانه گوجه فرنگی کبابی","گوجه فرنگی کبابی","1","86",""
"1/2 پیمانه زیتون","/2 زیتون","1","86",""
"1/4 قاشق چای‌خوری آویشن","/4 قاشق چای‌خوری آویشن","1","86",""
"1/4 پیمانه پنیر موزارلا","/4 پنیر موزارلا","1","86",""
"۱ گل کلم متوسط، به تکه‌های کوچک تقسیم شده","گل کلم متوسط به تکه‌های کوچک تقسیم شده","1","285",""
"۱/۴ قاشق چایخوری زعفران، دم‌کرده در ۲ قاشق غذاخوری آب داغ","/ قاشق چایخوری زعفران دم‌کرده در آب داغ","1","285",""
"۲ پیمانه نخود خیس کرده","نخود خیس کرده","1","353",""
"۱ سر سیر","سر سیر","1","353",""
"۲ قاشق غذاخوری روغن یا روغن حیوانی","روغن یا روغن حیوانی","1","353",""
"۱۰-۱۲ خرما","خرما","1","353",""
"۳ عدد نارنج","نارنج","1","353",""
"ادویه‌جات شامل هل، تخم گشنیز، میخک، زعفران، زردچوبه، زیره، نمک و فلفل","ادویه‌جات شامل هل تخم گشنیز میخک زعفران زردچوبه زیره نمک و فلفل","1","353",""
"200 گرم قارچ دکمه‌ای ورقه شده","قارچ دکمه‌ای ورقه شده","1","91",""
"¼ لیوان سرکه سفید","¼ سرکه سفید","1","91",""
"نصف قاشق چایخوری میخک پودر شده","نصف میخک پودر شده","1","169",""
"2 قطعه سینه مرغ بدون استخوان و پوست","قطعه سینه مرغ بدون استخوان و پوست","1","169",""
"پیاز متوسط، خرد شده: ۲ عدد","پیاز متوسط خرد شده:","1","98",""
"چوب دارچین: ۱ عدد یا ۱/۲ قاشق چای‌خوری دارچین پودری","چوب دارچین: یا / قاشق چای‌خوری دارچین پودری","1","98",""
"زیره پودر شده: ۲ قاشق چای‌خوری","زیره پودر شده: قاشق چای‌خوری","1","98",""
"گشنیز پودر شده: ۲ قاشق چای‌خوری","گشنیز پودر شده: قاشق چای‌خوری","1","98",""
"نخود پخته شده: ۳۰۰ گرم","نخود پخته شده:","1","98",""
"گوجه فرنگی، نصف شده: ۲۵۰ گرم","گوجه فرنگی نصف شده:","1","98",""
"کشمش: ۵۰ گرم یا ۱/۲ فنجان","کشمش: یا / فنجان","1","98",""
"روغن زیتون اضافی: ۱/۳ فنجان","روغن زیتون اضافی: / فنجان","1","98",""
"ماکارونی شکل دار: ۵۰۰ گرم","ماکارونی شکل دار:","1","98",""
"بادام زمینی بو داده: ۱/۳ فنجان","بادام زمینی بو داده: / فنجان","1","98",""
"برگ ریحان تازه خرد شده: ۱/۴ فنجان","برگ ریحان تازه خرد شده: / فنجان","1","98",""
"۲۰۰ گرم گوشت چرخ کرده سرخ‌شده (اختیاری)","گوشت چرخ کرده سرخ‌شده (اختیاری)","1","92",""
"۱ کیلوگرم گوشت گوسفند یا گوساله، خردشده به قطعات مکعبی","کیلو گوشت گوسفند یا گوساله خردشده به قطعات مکعبی","1","1014",""
"۲ تا ۳ عدد فلفل دلمه‌ای، خردشده درشت","تا فلفل دلمه‌ای خردشده درشت","1","1014",""
"۲۵۰ گرم پیاز سفید کوچک، پوست‌کنده","پیاز سفید کوچک پوست‌کنده","1","1014",""
"۱۲ عدد گوجه‌فرنگی کوچک","گوجه‌فرنگی کوچک","1","1014",""
"۱ قاشق چای‌خوری زعفران ساییده، حل‌شده در آب داغ","قاشق چای‌خوری زعفران ساییده حل‌شده در آب داغ","1","1014",""
"۱ قاشق چای‌خوری فلفل سیاه درشت آسیاب‌شده","قاشق چای‌خوری فلفل سیاه درشت آسیاب‌شده","1","1014",""
"نان تخت (مانند لواش یا نان عربی)، برای سرو","نان تخت (مانند لواش یا نان عربی) برای سرو","1","1014",""
"کره، برای پایان کار","کره برای پایان کار","1","1014",""
"4 قاشق سوپ‌خوری خامه","قاشق سوپ‌خوری خامه","1","97",""
"۱ پیمانه عدس نیم‌پز","عدس نیم‌پز","1","1448",""
"۱ عدد عصاره مرغ (قرص استاک)","عصاره مرغ (قرص استاک)","1","1448",""
"1 پیاز بزرگ، نازک برش خورده","پیاز بزرگ نازک برش خورده","1","290",""
"1/4 پیمانه روغن گیاهی","/4 روغن گیاهی","1","290",""
"1/4 پیمانه کشمش","/4 کشمش","1","290",""
"1/4 قاشق چایخوری زعفران، حل شده در آب گرم","/4 زعفران حل شده در آب گرم","1","290",""
"2 قاشق غذاخوری پیاز سرخ‌شده برای تزیین (اختیاری)","پیاز سرخ‌شده  (اختیاری)","1","290",""
"۲۰۰ گرم برنج مرغوب","برنج مرغوب","1","388",""
"۳ قاشق غذاخوری کره ذوب شده","کره ذوب شده","1","388",""
"۳ عدد دانه هل کامل","دانه هل کامل","1","388",""
"۳۰ گرم کشمش درشت","کشمش درشت","1","388",""
"پودر پسته برای تزیین","پودر پسته","1","388",""
"150 گرم کالباس سالامی خرد شده","کالباس سالامی خرد شده","1","102",""
"۱۵۰ گرم خامه پاستوریزه","خامه پاستوریزه","1","104",""
"۱/۴ عدد فلفل دلمه‌ای، خرد شده","/ فلفل دلمه‌ای خرد شده","1","104",""
"۲ عدد هویج، درشت رنده شده","هویج درشت رنده شده","1","355",""
"۱۷۵ گرم برگ اسفناج تازه، کاملاً شسته شده","برگ اسفناج تازه کاملاً شسته شده","1","355",""
"۵۰ گرم یا ۰.۵ پیمانه مغز بادام هندی خام","گرم یا . مغز بادام هندی خام","1","355",""
"1 پیمانه مغز نان سفید","مغز نان سفید","1","105",""
"2 قاشق سوپخوری سس گوجه فرنگی","قاشق سوپخوری سس گوجه فرنگی","1","105",""
"2 قاشق سوپخوری برگ ریحان خرد شده","قاشق سوپخوری برگ ریحان خرد شده","1","105",""
"1/2 پیمانه زعفران دم‌کرده","/2 زعفران دم‌کرده","1","298",""
"1 پیاز (ریز رنده‌شده)","پیاز (ریز رنده‌شده)","1","298",""
"آب (به‌مقدار لازم)","آب (به‌مقدار لازم)","1","298",""
"زردچوبه (به‌مقدار لازم)","زردچوبه (به‌مقدار لازم)","1","298",""
"روغن (به‌مقدار لازم)","روغن (به‌مقدار لازم)","1","298",""
"نمک (به‌مقدار لازم)","نمک (به‌مقدار لازم)","1","298",""
"تخم مرغ: ۳ عدد","تخم مرغ:","1","108",""
"2 فنجان آرد همه منظوره","فنجان آرد همه منظوره","1","107",""
"۴ تا ۵ عدد کدو سبز متوسط، درشت رنده‌شده (حدود ۵ پیمانه)","تا عدد کدو سبز متوسط درشت رنده‌شده (حدود )","1","1424",""
"۱ پیمانه فلفل دلمه‌ای مخلوط، خرد شده","فلفل دلمه‌ای مخلوط خرد شده","1","389",""
"۱/۲ پیمانه نخود فرنگی","/ نخود فرنگی","1","389",""
"۱/۲ قاشق چای‌خوری دانه‌های زیره","/ قاشق چای‌خوری دانه‌های زیره","1","389",""
"فلفل سیاه تازه سابیده شده به میزان لازم","فلفل سیاه تازه سابیده شده","1","389",""
"۲ پیمانه عصاره سبزیجات یا آب","عصاره سبزیجات یا آب","1","389",""
"گشنیز یا برگ‌های نعنا تازه، برای تزئین","گشنیز یا برگ‌های نعنا تازه برای تزئین","1","389",""
"برنج - سه پیمانه","برنج سه","1","304",""
"ذرت - نصف پیمانه","ذرت نصف","1","304",""
"هویج خرد و آب‌پز شده - نصف پیمانه","هویج خرد و آب‌پز شده نصف","1","304",""
"آب‌مرغ - نصف پیمانه","آب‌مرغ نصف","1","304",""
"زعفران آب‌کرده - یک قاشق سوپخوری","زعفران آب‌کرده یک قاشق سوپخوری","1","304",""
"یک عدد پیاز، حلقه شده","یک پیاز حلقه شده","1","308",""
"یک قاشق غذاخوری سبزی معطر (اختیاری)","یک سبزی معطر (اختیاری)","1","308",""
"کاری به مقدار لازم","کاری","1","308",""
"حدود ۱/۲ پیمانه روغن (برای سرخ کردن)","حدود / روغن (برای سرخ کردن)","1","1435",""
"باسماتی رأز","باسماتی رأز","1","306",""
"۴ عدد سیب‌زمینی متوسط، پوست‌گرفته و خردشده","سیب‌زمینی متوسط پوست‌گرفته و خردشده","1","1437",""
"۳ پیمانه اسفناج تازه، شسته و خردشده","اسفناج تازه شسته و خردشده","1","1437",""
"۱ پیمانه سالامی یا ژامبون خردشده","سالامی یا ژامبون خردشده","1","1437",""
"سبزی تازه خردشده (مانند شوید) – اختیاری","سبزی تازه خردشده (مانند شوید) اختیاری","1","1437",""
"۲ فنجان برنج باسمتی","فنجان برنج باسمتی","1","309",""
"۱ فنجان نخود پخته","فنجان نخود پخته","1","309",""
"یک پیمانه زعفران حل شده در ۲ قاشق سوپخوری آب گرم","یک زعفران حل شده در قاشق سوپخوری آب گرم","1","309",""
"۲ قاشق سوپخوری کره","قاشق سوپخوری کره","1","309",""
"جعفری تازه، خرد شده (برای تزئین)","جعفری تازه خرد شده (برای تزئین)","1","309",""
"پاستا: ۳ تا ۴ پیمانه","پاستا: تا","1","20",""
"پنیر صبحانه یا پنیر موزارلا: نصف پیمانه","پنیر صبحانه یا پنیر موزارلا: نصف","1","20",""
"گوجه‌فرنگی خرد شده: ۲ عدد","گوجه‌فرنگی خرد شده:","1","20",""
"سیر ساطوری شده: ۲ حبه","سیر ساطوری شده:","1","20",""
"ریحان خرد شده: ۱ پیمانه","ریحان خرد شده:","1","20",""
"روغن‌زیتون: ۴ قاشق غذاخوری","روغن‌زیتون:","1","20",""
"نمک و فلفل‌سیاه: به میزان لازم","نمک و فلفل‌سیاه:","1","20",""
"۰.۵ کیلوگرم گوشت دنده‌ای با استخوان",". کیلو گوشت دنده‌ای با استخوان","1","316",""
"۲ پیمانه کشمش گرم شده","کشمش گرم شده","1","316",""
"ادویه به مقدار لازم: زردچوبه، فلفل سیاه، فلفل قرمز، پودر سیر، زعفران، سماق، زیره","ادویه : زردچوبه فلفل سیاه فلفل قرمز پودر سیر زعفران سماق زیره","1","316",""
"ربع کیلو گوشت چرخ‌کرده","ربع کیلو گوشت چرخ‌کرده","1","23",""
"یک عدد بزرگ فلفل دلمه‌ای","یک بزرگ فلفل دلمه‌ای","1","23",""
"۲ تا ۳ قاشق سوپخوری پیاز سرخ‌کرده","تا قاشق سوپخوری پیاز سرخ‌کرده","1","23",""
"سس گوجه‌فرنگی به مقدار کافی","سس گوجه‌فرنگی به مقدار کافی","1","23",""
"نمک، فلفل و آویشن به مقدار کافی","نمک فلفل و آویشن به مقدار کافی","1","23",""
"۱۷۵ گرم باقلای تازه و کوچک","باقلای تازه و کوچک","1","173",""
"۱ قاشق چای‌خوری دانه زیره سبز","قاشق چای‌خوری دانه زیره سبز","1","173",""
"چند شاخه شوید تازه برای تزیین","چند شوید تازه","1","173",""
"یک فنجان مرزن جوش یا جعفری خرد شده","یک فنجان مرزن جوش یا جعفری خرد شده","1","25",""
"400 گرم پاستا هر نوع","پاستا هر نوع","1","25",""
"۱ کلم بزرگ","کلم بزرگ","1","510",""
"۵۰۰ گرم مرغ چرخ کرده","مرغ چرخ کرده","1","510",""
"نمک، زردچوبه و ادویه دلخواه – به میزان لازم","نمک زردچوبه و ادویه","1","1425",""
"نیم پیمانه ماست ساده","نیم ماست ساده","1","363",""
"یک‌چهارم قاشق چای‌خوری زعفران، حل‌شده در ۲ قاشق غذاخوری آب داغ","یک‌چهارم قاشق چای‌خوری زعفران حل‌شده در آب داغ","1","363",""
"۴۵۰ گرم سینه مرغ، پخته و ریش‌ریش شده","سینه مرغ پخته و ریش‌ریش شده","1","363",""
"۲ لیوان پوست پرتقال شکری","پوست پرتقال شکری","1","366",""
"چیپس ساده سیب‌زمینی – ۱ بسته متوسط","چیپس ساده سیب‌زمینی متوسط","1","1418",""
"فیله مرغ پخته – ۲۰۰ گرم، خردشده یا ریش‌ریش","فیله مرغ پخته خردشده یا ریش‌ریش","1","1418",""
"کالباس خشک یا برش مرغ (اختیاری) – ۳ برش متوسط","کالباس خشک یا برش مرغ (اختیاری) برش متوسط","1","1418",""
"فلفل دلمه‌ای – ۱ عدد متوسط، خردشده","فلفل دلمه‌ای متوسط خردشده","1","1418",""
"ذرت کنسروی (اختیاری) – ۱ قاشق غذاخوری","ذرت کنسروی (اختیاری)","1","1418",""
"نخودفرنگی کنسروی (اختیاری) – ۱ قاشق غذاخوری","نخودفرنگی کنسروی (اختیاری)","1","1418",""
"١ کیلوگرم برنج باسماتی","١ کیلو برنج باسماتی","1","367",""
"١.٥ تا ٢ کیلوگرم سبزیجات مخلوط: شوید، جعفری، گشنیز، تره یا پیازچه","١.٥ تا ٢ کیلو سبزیجات مخلوط: شوید جعفری گشنیز تره یا پیازچه","1","367",""
"٧٥٠ گرم گوشت بره (اختیاری)","٧٥٠ گوشت بره (اختیاری)","1","367",""
"٢٠٠ گرم روغن گیاهی","٢٠٠ روغن گیاهی","1","367",""
"١ قاشق چایخوری زعفران ساییده","١ زعفران ساییده","1","367",""
"کره (اختیاری)","کره (اختیاری)","1","367",""
"کدو حلوایی، پوست‌کنده و خردشده – ۳۵۰ گرم","کدو حلوایی پوست‌کنده و خردشده","1","1414",""
"دارچین آسیاب‌شده – ۱ قاشق چای‌خوری","دارچین آسیاب‌شده قاشق چای‌خوری","1","1414",""
"گردو خردشده – به مقدار لازم (برای تزیین)","گردو خردشده  ()","1","1414",""
"پودر نارگیل – به مقدار لازم (برای تزیین)","پودر نارگیل  ()","1","1414",""
"۲ پیمانه آب مرغ سردشده","آب مرغ سردشده","1","624",""
"۱ عدد جگر بره، تمیز شده و خردشده به اندازه لقمه‌ای","جگر بره تمیز شده و خردشده به اندازه لقمه‌ای","1","993",""
"۱ کیلوگرم سینه مرغ بدون استخوان، خردشده به قطعات مکعبی","کیلو سینه مرغ بدون استخوان خردشده به قطعات مکعبی","1","980",""
"فیله گوسفند یا فیله گوساله، برش‌خورده به نوارهای حدود ۲۵ × ۵ سانتی‌متر","فیله گوسفند یا فیله گوساله برش‌خورده به نوارهای حدود × سانتی‌متر","1","983",""
"پیاز حلقه‌ای نازک یا فلفل دلمه‌ای ورقه‌ای (برای داخل کباب)","پیاز حلقه‌ای نازک یا فلفل دلمه‌ای ه‌ای (برای داخل کباب)","1","983",""
"روغن به مقدار لازم برای سرخ‌کردن سبک","روغن  برای سرخ‌کردن سبک","1","983",""
"۵۰۰ گرم گوشت بره بدون استخوان، خردشده در ابعاد ۴×۲ سانتی‌متر","گوشت بره بدون استخوان خردشده در ابعاد × سانتی‌متر","1","973",""
"۵ عدد پیاز متوسط، پوست‌کنده و حلقه‌ای","پیاز متوسط پوست‌کنده و حلقه‌ای","1","973",""
"۵ عدد هویج متوسط، برش مورب","هویج متوسط برش مورب","1","973",""
"۲ عدد سیب‌زمینی بزرگ، پوست‌کنده، حلقه‌ای و از وسط نصف‌شده","سیب‌زمینی بزرگ پوست‌کنده حلقه‌ای و از وسط نصف‌شده","1","973",""
"۲ عدد به متوسط، پوست‌کنده و برش هلالی","به متوسط پوست‌کنده و برش هلالی","1","973",""
"۲ عدد بادمجان بزرگ، پوست‌کنده و حلقه‌ای","بادمجان بزرگ پوست‌کنده و حلقه‌ای","1","973",""
"۳۰۰ گرم آلو بخارا، شسته و خیسانده","آلو بخارا شسته و خیسانده","1","973",""
"۱ قاشق غذاخوری سرصاف دارچین","سرصاف دارچین","1","973",""
"۲۵۰ گرم راسته بره","راسته بره","1","966",""
"۱ عدد پیاز بزرگ (تقسیم‌شده)","پیاز بزرگ (تقسیم‌شده)","1","966",""
"۵۰۰ گرم سینه مرغ بدون استخوان، خردشده به مکعب","سینه مرغ بدون استخوان خردشده به مکعب","1","969",""
"مخلوط سبزیجات سالادی (کاهو، روکا یا اسفناج)","مخلوط سبزیجات سالادی (کاهو روکا یا اسفناج)","1","969",""
"گوجه گیلاسی، نصف‌شده","گوجه گیلاسی نصف‌شده","1","969",""
"خیار، ورقه‌ای خردشده","خیار ه‌ای خردشده","1","969",""
"قاچ‌های لیمو ترش (برای سرو)","قاچ‌های لیمو ترش (برای سرو)","1","969",""
"۱ کیلوگرم گوشت چرخ‌کرده بسیار ریز (ترجیحاً مخلوط گوسفند و گوساله)","کیلو گوشت چرخ‌کرده بسیار ریز (ترجیحاً مخلوط گوسفند و گوساله)","1","964",""
"۳۰۰ گرم پیاز، رنده‌شده بسیار ریز و کاملاً آب‌گرفته","پیاز رنده‌شده بسیار ریز و کاملاً آب‌گرفته","1","964",""
"۱ قاشق چای‌خوری زعفران ساییده، حل‌شده در مقدار کمی آب داغ","قاشق چای‌خوری زعفران ساییده حل‌شده در مقدار  آب داغ","1","964",""
"۵۰۰ گرم سینه مرغ، خردشده به تکه‌های یکدست","سینه مرغ خردشده به تکه‌های یکدست","1","965",""
"۱/۲ قاشق چای‌خوری زعفران دم‌کرده غلیظ","/ قاشق چای‌خوری زعفران دم‌کرده غلیظ","1","965",""
"۱/۲ قاشق چای‌خوری پاپریکا","/ قاشق چای‌خوری پاپریکا","1","965",""
"۲ قاشق غذاخوری کره، برای سرخ کردن","کره برای سرخ کردن","1","965",""
